client_id,coach_id,rank_shown,offer_date,visible_profile_appeal,chosen
K00186,C0031,1,2023-01-01,0.7895,False
K00186,C0094,2,2023-01-01,1.0,False
K00186,C0073,3,2023-01-01,1.0,False
K00105,C0071,1,2023-01-01,1.0,False
K00105,C0055,2,2023-01-01,0.4164,False
K00105,C0088,3,2023-01-01,1.0,False
K00145,C0054,1,2023-01-01,0.1312,False
K00145,C0072,2,2023-01-01,1.0,True
K00145,C0022,3,2023-01-01,0.3629,False
K00615,C0068,1,2023-01-01,0.8036,True
K00615,C0004,2,2023-01-01,0.0,False
K00615,C0060,3,2023-01-01,0.3561,False
K00471,C0030,1,2023-01-01,1.0,True
K00471,C0004,2,2023-01-01,0.0,False
K00471,C0106,3,2023-01-01,0.7671,False
K00095,C0104,1,2023-01-02,1.0,True
K00095,C0093,2,2023-01-02,0.6848,False
K00095,C0052,3,2023-01-02,0.5079,False
K00171,C0013,1,2023-01-02,0.6899,False
K00171,C0002,2,2023-01-02,0.7139,False
K00171,C0031,3,2023-01-02,0.7895,False
K00416,C0088,1,2023-01-02,1.0,False
K00416,C0113,2,2023-01-02,1.0,True
K00416,C0063,3,2023-01-02,1.0,False
K00119,C0071,1,2023-01-02,1.0,True
K00119,C0032,2,2023-01-02,0.093,False
K00119,C0116,3,2023-01-02,1.0,False
K00016,C0119,1,2023-01-02,0.664,False
K00016,C0025,2,2023-01-02,1.0,True
K00016,C0114,3,2023-01-02,1.0,False
K00220,C0107,1,2023-01-02,0.9289,True
K00220,C0073,2,2023-01-02,1.0,False
K00220,C0094,3,2023-01-02,1.0,False
K00564,C0022,1,2023-01-02,0.3629,False
K00564,C0072,2,2023-01-02,1.0,False
K00564,C0034,3,2023-01-02,0.6887,False
K00144,C0116,1,2023-01-03,1.0,True
K00144,C0013,2,2023-01-03,0.6899,False
K00144,C0031,3,2023-01-03,0.7895,False
K00003,C0114,1,2023-01-03,1.0,False
K00003,C0109,2,2023-01-03,0.3287,False
K00003,C0060,3,2023-01-03,0.3561,False
K00507,C0006,1,2023-01-03,0.6721,False
K00507,C0082,2,2023-01-03,0.8074,False
K00507,C0101,3,2023-01-03,0.5975,False
K00267,C0045,1,2023-01-04,0.8669,False
K00267,C0033,2,2023-01-04,0.4177,True
K00267,C0078,3,2023-01-04,0.3912,False
K00634,C0095,1,2023-01-04,0.7468,False
K00634,C0027,2,2023-01-04,0.1043,False
K00634,C0088,3,2023-01-04,1.0,True
K00602,C0022,1,2023-01-04,0.3629,False
K00602,C0027,2,2023-01-04,0.1043,False
K00602,C0049,3,2023-01-04,0.8849,True
K00092,C0084,1,2023-01-04,0.9892,False
K00092,C0058,2,2023-01-04,1.0,True
K00092,C0040,3,2023-01-04,0.7159,False
K00467,C0002,1,2023-01-05,0.7139,False
K00467,C0078,2,2023-01-05,0.3912,False
K00467,C0096,3,2023-01-05,0.7439,True
K00540,C0031,1,2023-01-05,0.7895,True
K00540,C0002,2,2023-01-05,0.7139,False
K00540,C0077,3,2023-01-05,1.0,False
K00179,C0117,1,2023-01-05,0.9361,False
K00179,C0055,2,2023-01-05,0.4164,False
K00179,C0020,3,2023-01-05,0.6867,False
K00373,C0108,1,2023-01-06,0.9628,True
K00373,C0005,2,2023-01-06,0.901,False
K00373,C0119,3,2023-01-06,0.664,False
K00299,C0119,1,2023-01-06,0.664,False
K00299,C0083,2,2023-01-06,0.5735,False
K00299,C0016,3,2023-01-06,0.6837,False
K00212,C0005,1,2023-01-07,0.901,False
K00212,C0054,2,2023-01-07,0.1312,False
K00212,C0084,3,2023-01-07,0.9892,False
K00366,C0007,1,2023-01-07,0.3312,False
K00366,C0002,2,2023-01-07,0.7139,False
K00366,C0084,3,2023-01-07,0.9892,True
K00473,C0119,1,2023-01-07,0.664,False
K00473,C0110,2,2023-01-07,0.403,True
K00473,C0002,3,2023-01-07,0.7139,False
K00067,C0054,1,2023-01-07,0.1312,False
K00067,C0089,2,2023-01-07,0.8805,False
K00067,C0012,3,2023-01-07,0.6089,False
K00249,C0063,1,2023-01-07,1.0,True
K00249,C0056,2,2023-01-07,0.2414,False
K00249,C0059,3,2023-01-07,0.6396,False
K00486,C0084,1,2023-01-08,0.9892,True
K00486,C0114,2,2023-01-08,1.0,False
K00486,C0031,3,2023-01-08,0.7895,False
K00487,C0052,1,2023-01-09,0.5079,False
K00487,C0060,2,2023-01-09,0.3561,False
K00487,C0094,3,2023-01-09,1.0,False
K00255,C0119,1,2023-01-10,0.664,False
K00255,C0081,2,2023-01-10,0.6906,False
K00255,C0087,3,2023-01-10,0.0267,False
K00520,C0034,1,2023-01-10,0.6887,True
K00520,C0072,2,2023-01-10,1.0,False
K00520,C0106,3,2023-01-10,0.7671,False
K00228,C0056,1,2023-01-12,0.2414,False
K00228,C0022,2,2023-01-12,0.3629,False
K00228,C0059,3,2023-01-12,0.6396,True
K00219,C0004,1,2023-01-12,0.0,False
K00219,C0005,2,2023-01-12,0.901,True
K00219,C0054,3,2023-01-12,0.1312,False
K00234,C0077,1,2023-01-13,1.0,True
K00234,C0013,2,2023-01-13,0.6899,False
K00234,C0078,3,2023-01-13,0.3912,False
K00422,C0112,1,2023-01-13,1.0,False
K00422,C0045,2,2023-01-13,0.8669,False
K00422,C0056,3,2023-01-13,0.2414,False
K00537,C0032,1,2023-01-13,0.093,False
K00537,C0095,2,2023-01-13,0.7468,True
K00537,C0017,3,2023-01-13,0.9423,False
K00504,C0054,1,2023-01-13,0.1312,False
K00504,C0109,2,2023-01-13,0.3287,False
K00504,C0114,3,2023-01-13,1.0,True
K00620,C0054,1,2023-01-13,0.1312,False
K00620,C0101,2,2023-01-13,0.5975,True
K00620,C0087,3,2023-01-13,0.0267,False
K00078,C0103,1,2023-01-14,1.0,False
K00078,C0007,2,2023-01-14,0.3312,False
K00078,C0078,3,2023-01-14,0.3912,False
K00397,C0022,1,2023-01-14,0.3629,False
K00397,C0053,2,2023-01-14,0.5692,False
K00397,C0107,3,2023-01-14,0.9289,False
K00164,C0119,1,2023-01-15,0.664,False
K00164,C0114,2,2023-01-15,1.0,True
K00164,C0025,3,2023-01-15,1.0,False
K00613,C0022,1,2023-01-16,0.3629,False
K00613,C0072,2,2023-01-16,1.0,True
K00613,C0089,3,2023-01-16,0.8805,False
K00339,C0009,1,2023-01-16,0.5136,False
K00339,C0090,2,2023-01-16,0.6321,False
K00339,C0117,3,2023-01-16,0.9361,False
K00374,C0054,1,2023-01-16,0.1312,False
K00374,C0020,2,2023-01-16,0.6867,True
K00374,C0036,3,2023-01-16,1.0,False
K00022,C0108,1,2023-01-16,0.9628,True
K00022,C0110,2,2023-01-16,0.403,False
K00022,C0042,3,2023-01-16,0.387,False
K00335,C0119,1,2023-01-17,0.664,True
K00335,C0090,2,2023-01-17,0.6321,False
K00335,C0117,3,2023-01-17,0.9361,False
K00166,C0054,1,2023-01-17,0.1312,False
K00166,C0036,2,2023-01-17,1.0,False
K00166,C0012,3,2023-01-17,0.6089,False
K00087,C0111,1,2023-01-17,0.7518,False
K00087,C0088,2,2023-01-17,1.0,False
K00087,C0027,3,2023-01-17,0.1043,False
K00601,C0103,1,2023-01-18,1.0,True
K00601,C0045,2,2023-01-18,0.8669,False
K00601,C0028,3,2023-01-18,0.5745,False
K00427,C0103,1,2023-01-18,1.0,True
K00427,C0007,2,2023-01-18,0.3312,False
K00427,C0032,3,2023-01-18,0.093,False
K00037,C0006,1,2023-01-20,0.6721,False
K00037,C0101,2,2023-01-20,0.5975,False
K00037,C0012,3,2023-01-20,0.6089,False
K00438,C0052,1,2023-01-20,0.5079,False
K00438,C0004,2,2023-01-20,0.0,False
K00438,C0019,3,2023-01-20,1.0,False
K00259,C0006,1,2023-01-20,0.6721,False
K00259,C0082,2,2023-01-20,0.8074,False
K00259,C0116,3,2023-01-20,1.0,True
K00453,C0114,1,2023-01-21,1.0,False
K00453,C0031,2,2023-01-21,0.7895,False
K00453,C0084,3,2023-01-21,0.9892,True
K00496,C0006,1,2023-01-21,0.6721,False
K00496,C0101,2,2023-01-21,0.5975,False
K00496,C0012,3,2023-01-21,0.6089,True
K00276,C0022,1,2023-01-21,0.3629,False
K00276,C0054,2,2023-01-21,0.1312,False
K00276,C0049,3,2023-01-21,0.8849,False
K00470,C0078,1,2023-01-21,0.3912,False
K00470,C0045,2,2023-01-21,0.8669,False
K00470,C0002,3,2023-01-21,0.7139,False
K00415,C0007,1,2023-01-22,0.3312,False
K00415,C0039,2,2023-01-22,1.0,True
K00415,C0094,3,2023-01-22,1.0,False
K00143,C0006,1,2023-01-22,0.6721,True
K00143,C0073,2,2023-01-22,1.0,False
K00143,C0094,3,2023-01-22,1.0,False
K00563,C0060,1,2023-01-22,0.3561,False
K00563,C0004,2,2023-01-22,0.0,False
K00563,C0068,3,2023-01-22,0.8036,True
K00033,C0054,1,2023-01-22,0.1312,False
K00033,C0097,2,2023-01-22,0.6906,False
K00033,C0024,3,2023-01-22,0.6241,False
K00121,C0081,1,2023-01-22,0.6906,False
K00121,C0013,2,2023-01-22,0.6899,False
K00121,C0002,3,2023-01-22,0.7139,True
K00403,C0081,1,2023-01-23,0.6906,True
K00403,C0013,2,2023-01-23,0.6899,False
K00403,C0031,3,2023-01-23,0.7895,False
K00306,C0094,1,2023-01-24,1.0,False
K00306,C0039,2,2023-01-24,1.0,True
K00306,C0004,3,2023-01-24,0.0,False
K00170,C0087,1,2023-01-24,0.0267,False
K00170,C0066,2,2023-01-24,1.0,False
K00170,C0017,3,2023-01-24,0.9423,False
K00244,C0081,1,2023-01-24,0.6906,False
K00244,C0002,2,2023-01-24,0.7139,False
K00244,C0013,3,2023-01-24,0.6899,False
K00561,C0004,1,2023-01-24,0.0,False
K00561,C0060,2,2023-01-24,0.3561,False
K00561,C0068,3,2023-01-24,0.8036,False
K00199,C0009,1,2023-01-24,0.5136,False
K00199,C0090,2,2023-01-24,0.6321,False
K00199,C0007,3,2023-01-24,0.3312,False
K00368,C0054,1,2023-01-25,0.1312,False
K00368,C0100,2,2023-01-25,0.652,False
K00368,C0109,3,2023-01-25,0.3287,False
K00582,C0042,1,2023-01-25,0.387,False
K00582,C0119,2,2023-01-25,0.664,False
K00582,C0117,3,2023-01-25,0.9361,True
K00550,C0054,1,2023-01-25,0.1312,False
K00550,C0075,2,2023-01-25,0.4976,False
K00550,C0015,3,2023-01-25,1.0,False
K00246,C0052,1,2023-01-25,0.5079,False
K00246,C0067,2,2023-01-25,1.0,False
K00246,C0106,3,2023-01-25,0.7671,False
K00012,C0048,1,2023-01-25,0.4161,False
K00012,C0087,2,2023-01-25,0.0267,False
K00012,C0091,3,2023-01-25,0.3306,False
K00457,C0032,1,2023-01-25,0.093,False
K00457,C0007,2,2023-01-25,0.3312,False
K00457,C0048,3,2023-01-25,0.4161,False
K00358,C0072,1,2023-01-26,1.0,True
K00358,C0022,2,2023-01-26,0.3629,False
K00358,C0067,3,2023-01-26,1.0,False
K00312,C0076,1,2023-01-26,1.0,False
K00312,C0092,2,2023-01-26,1.0,True
K00312,C0048,3,2023-01-26,0.4161,False
K00007,C0006,1,2023-01-26,0.6721,False
K00007,C0094,2,2023-01-26,1.0,True
K00007,C0073,3,2023-01-26,1.0,False
K00429,C0060,1,2023-01-27,0.3561,False
K00429,C0004,2,2023-01-27,0.0,False
K00429,C0068,3,2023-01-27,0.8036,False
K00235,C0032,1,2023-01-27,0.093,False
K00235,C0076,2,2023-01-27,1.0,True
K00235,C0095,3,2023-01-27,0.7468,False
K00446,C0070,1,2023-02-01,0.8852,False
K00446,C0032,2,2023-02-01,0.093,False
K00446,C0037,3,2023-02-01,0.9427,False
K00553,C0027,1,2023-02-02,0.1043,False
K00553,C0055,2,2023-02-02,0.4164,False
K00553,C0117,3,2023-02-02,0.9361,False
K00449,C0054,1,2023-02-04,0.1312,False
K00449,C0052,2,2023-02-04,0.5079,True
K00449,C0067,3,2023-02-04,1.0,False
K00196,C0004,1,2023-02-05,0.0,False
K00196,C0060,2,2023-02-05,0.3561,False
K00196,C0068,3,2023-02-05,0.8036,False
K00005,C0007,1,2023-02-05,0.3312,False
K00005,C0114,2,2023-02-05,1.0,False
K00005,C0042,3,2023-02-05,0.387,False
K00630,C0052,1,2023-02-06,0.5079,False
K00630,C0060,2,2023-02-06,0.3561,False
K00630,C0022,3,2023-02-06,0.3629,True
K00455,C0094,1,2023-02-08,1.0,False
K00455,C0039,2,2023-02-08,1.0,False
K00455,C0019,3,2023-02-08,1.0,True
K00282,C0027,1,2023-02-09,0.1043,False
K00282,C0090,2,2023-02-09,0.6321,False
K00282,C0025,3,2023-02-09,1.0,False
K00409,C0101,1,2023-02-10,0.5975,False
K00409,C0006,2,2023-02-10,0.6721,False
K00409,C0012,3,2023-02-10,0.6089,False
K00256,C0036,1,2023-02-10,1.0,False
K00256,C0088,2,2023-02-10,1.0,False
K00256,C0035,3,2023-02-10,1.0,True
K00528,C0024,1,2023-02-10,0.6241,True
K00528,C0097,2,2023-02-10,0.6906,False
K00528,C0006,3,2023-02-10,0.6721,False
K00360,C0114,1,2023-02-11,1.0,False
K00360,C0031,2,2023-02-11,0.7895,False
K00360,C0084,3,2023-02-11,0.9892,False
K00424,C0007,1,2023-02-11,0.3312,False
K00424,C0114,2,2023-02-11,1.0,False
K00424,C0055,3,2023-02-11,0.4164,True
K00302,C0101,1,2023-02-12,0.5975,False
K00302,C0006,2,2023-02-12,0.6721,False
K00302,C0088,3,2023-02-12,1.0,True
K00606,C0007,1,2023-02-12,0.3312,True
K00606,C0103,2,2023-02-12,1.0,False
K00606,C0032,3,2023-02-12,0.093,False
K00636,C0097,1,2023-02-13,0.6906,False
K00636,C0054,2,2023-02-13,0.1312,False
K00636,C0006,3,2023-02-13,0.6721,False
K00474,C0116,1,2023-02-14,1.0,True
K00474,C0032,2,2023-02-14,0.093,False
K00474,C0016,3,2023-02-14,0.6837,False
K00178,C0032,1,2023-02-14,0.093,False
K00178,C0095,2,2023-02-14,0.7468,False
K00178,C0076,3,2023-02-14,1.0,True
K00147,C0032,1,2023-02-15,0.093,False
K00147,C0093,2,2023-02-15,0.6848,False
K00147,C0027,3,2023-02-15,0.1043,False
K00202,C0073,1,2023-02-15,1.0,False
K00202,C0107,2,2023-02-15,0.9289,True
K00202,C0006,3,2023-02-15,0.6721,False
K00231,C0058,1,2023-02-17,1.0,False
K00231,C0060,2,2023-02-17,0.3561,False
K00231,C0025,3,2023-02-17,1.0,True
K00030,C0032,1,2023-02-18,0.093,False
K00030,C0095,2,2023-02-18,0.7468,False
K00030,C0076,3,2023-02-18,1.0,True
K00461,C0027,1,2023-02-19,0.1043,False
K00461,C0090,2,2023-02-19,0.6321,False
K00461,C0009,3,2023-02-19,0.5136,False
K00154,C0119,1,2023-02-19,0.664,False
K00154,C0114,2,2023-02-19,1.0,True
K00154,C0025,3,2023-02-19,1.0,False
K00390,C0085,1,2023-02-20,1.0,True
K00390,C0045,2,2023-02-20,0.8669,False
K00390,C0082,3,2023-02-20,0.8074,False
K00060,C0004,1,2023-02-20,0.0,False
K00060,C0008,2,2023-02-20,0.6952,False
K00060,C0106,3,2023-02-20,0.7671,False
K00216,C0020,1,2023-02-20,0.6867,False
K00216,C0016,2,2023-02-20,0.6837,False
K00216,C0083,3,2023-02-20,0.5735,False
K00165,C0097,1,2023-02-21,0.6906,True
K00165,C0101,2,2023-02-21,0.5975,False
K00165,C0020,3,2023-02-21,0.6867,False
K00011,C0027,1,2023-02-21,0.1043,False
K00011,C0090,2,2023-02-21,0.6321,True
K00011,C0054,3,2023-02-21,0.1312,False
K00123,C0032,1,2023-02-21,0.093,False
K00123,C0095,2,2023-02-21,0.7468,False
K00123,C0076,3,2023-02-21,1.0,True
K00362,C0005,1,2023-02-22,0.901,False
K00362,C0015,2,2023-02-22,1.0,True
K00362,C0054,3,2023-02-22,0.1312,False
K00333,C0089,1,2023-02-22,0.8805,False
K00333,C0034,2,2023-02-22,0.6887,False
K00333,C0106,3,2023-02-22,0.7671,False
K00502,C0060,1,2023-02-22,0.3561,False
K00502,C0004,2,2023-02-22,0.0,False
K00502,C0034,3,2023-02-22,0.6887,False
K00274,C0095,1,2023-02-24,0.7468,False
K00274,C0032,2,2023-02-24,0.093,False
K00274,C0076,3,2023-02-24,1.0,False
K00425,C0081,1,2023-02-24,0.6906,False
K00425,C0002,2,2023-02-24,0.7139,False
K00425,C0013,3,2023-02-24,0.6899,False
K00100,C0060,1,2023-02-24,0.3561,False
K00100,C0094,2,2023-02-24,1.0,True
K00100,C0052,3,2023-02-24,0.5079,False
K00377,C0091,1,2023-02-24,0.3306,False
K00377,C0042,2,2023-02-24,0.387,False
K00377,C0087,3,2023-02-24,0.0267,False
K00015,C0006,1,2023-02-25,0.6721,False
K00015,C0101,2,2023-02-25,0.5975,True
K00015,C0012,3,2023-02-25,0.6089,False
K00600,C0006,1,2023-02-25,0.6721,False
K00600,C0088,2,2023-02-25,1.0,False
K00600,C0071,3,2023-02-25,1.0,False
K00382,C0112,1,2023-02-25,1.0,False
K00382,C0046,2,2023-02-25,0.7659,False
K00382,C0080,3,2023-02-25,1.0,True
K00250,C0060,1,2023-02-25,0.3561,False
K00250,C0058,2,2023-02-25,1.0,False
K00250,C0025,3,2023-02-25,1.0,True
K00236,C0008,1,2023-02-25,0.6952,False
K00236,C0060,2,2023-02-25,0.3561,False
K00236,C0106,3,2023-02-25,0.7671,True
K00240,C0073,1,2023-02-26,1.0,True
K00240,C0082,2,2023-02-26,0.8074,False
K00240,C0107,3,2023-02-26,0.9289,False
K00605,C0060,1,2023-02-26,0.3561,False
K00605,C0004,2,2023-02-26,0.0,False
K00605,C0068,3,2023-02-26,0.8036,False
K00607,C0009,1,2023-02-27,0.5136,False
K00607,C0038,2,2023-02-27,0.7717,False
K00607,C0117,3,2023-02-27,0.9361,True
K00332,C0020,1,2023-03-02,0.6867,False
K00332,C0054,2,2023-03-02,0.1312,False
K00332,C0036,3,2023-03-02,1.0,True
K00522,C0034,1,2023-03-02,0.6887,True
K00522,C0072,2,2023-03-02,1.0,False
K00522,C0042,3,2023-03-02,0.387,False
K00056,C0042,1,2023-03-02,0.387,False
K00056,C0087,2,2023-03-02,0.0267,True
K00056,C0048,3,2023-03-02,0.4161,False
K00526,C0054,1,2023-03-03,0.1312,False
K00526,C0071,2,2023-03-03,1.0,False
K00526,C0006,3,2023-03-03,0.6721,False
K00351,C0119,1,2023-03-04,0.664,False
K00351,C0042,2,2023-03-04,0.387,False
K00351,C0091,3,2023-03-04,0.3306,False
K00206,C0119,1,2023-03-04,0.664,False
K00206,C0025,2,2023-03-04,1.0,True
K00206,C0114,3,2023-03-04,1.0,False
K00485,C0021,1,2023-03-05,0.7714,False
K00485,C0018,2,2023-03-05,0.5977,False
K00485,C0032,3,2023-03-05,0.093,False
K00317,C0005,1,2023-03-05,0.901,False
K00317,C0054,2,2023-03-05,0.1312,False
K00317,C0109,3,2023-03-05,0.3287,False
K00646,C0013,1,2023-03-05,0.6899,False
K00646,C0081,2,2023-03-05,0.6906,False
K00646,C0002,3,2023-03-05,0.7139,True
K00041,C0018,1,2023-03-05,0.5977,False
K00041,C0082,2,2023-03-05,0.8074,True
K00041,C0040,3,2023-03-05,0.7159,False
K00532,C0027,1,2023-03-05,0.1043,False
K00532,C0009,2,2023-03-05,0.5136,False
K00532,C0090,3,2023-03-05,0.6321,False
K00632,C0039,1,2023-03-08,1.0,True
K00632,C0094,2,2023-03-08,1.0,False
K00632,C0004,3,2023-03-08,0.0,False
K00173,C0031,1,2023-03-08,0.7895,False
K00173,C0114,2,2023-03-08,1.0,False
K00173,C0084,3,2023-03-08,0.9892,True
K00047,C0114,1,2023-03-08,1.0,True
K00047,C0007,2,2023-03-08,0.3312,False
K00047,C0027,3,2023-03-08,0.1043,False
K00506,C0017,1,2023-03-09,0.9423,True
K00506,C0119,2,2023-03-09,0.664,False
K00506,C0087,3,2023-03-09,0.0267,False
K00456,C0095,1,2023-03-09,0.7468,True
K00456,C0032,2,2023-03-09,0.093,False
K00456,C0076,3,2023-03-09,1.0,False
K00592,C0031,1,2023-03-09,0.7895,False
K00592,C0078,2,2023-03-09,0.3912,False
K00592,C0045,3,2023-03-09,0.8669,False
K00183,C0108,1,2023-03-10,0.9628,True
K00183,C0019,2,2023-03-10,1.0,False
K00183,C0110,3,2023-03-10,0.403,False
K00190,C0022,1,2023-03-10,0.3629,False
K00190,C0072,2,2023-03-10,1.0,False
K00190,C0060,3,2023-03-10,0.3561,False
K00176,C0013,1,2023-03-10,0.6899,True
K00176,C0065,2,2023-03-10,1.0,False
K00176,C0048,3,2023-03-10,0.4161,False
K00463,C0013,1,2023-03-10,0.6899,False
K00463,C0031,2,2023-03-10,0.7895,False
K00463,C0081,3,2023-03-10,0.6906,True
K00546,C0004,1,2023-03-10,0.0,False
K00546,C0028,2,2023-03-10,0.5745,False
K00546,C0037,3,2023-03-10,0.9427,False
K00598,C0054,1,2023-03-10,0.1312,False
K00598,C0006,2,2023-03-10,0.6721,False
K00598,C0097,3,2023-03-10,0.6906,True
K00511,C0091,1,2023-03-11,0.3306,False
K00511,C0048,2,2023-03-11,0.4161,False
K00511,C0065,3,2023-03-11,1.0,True
K00187,C0119,1,2023-03-11,0.664,False
K00187,C0031,2,2023-03-11,0.7895,True
K00187,C0017,3,2023-03-11,0.9423,False
K00042,C0006,1,2023-03-11,0.6721,True
K00042,C0088,2,2023-03-11,1.0,False
K00042,C0071,3,2023-03-11,1.0,False
K00569,C0019,1,2023-03-11,1.0,True
K00569,C0089,2,2023-03-11,0.8805,False
K00569,C0067,3,2023-03-11,1.0,False
K00444,C0032,1,2023-03-12,0.093,False
K00444,C0089,2,2023-03-12,0.8805,False
K00444,C0070,3,2023-03-12,0.8852,False
K00348,C0114,1,2023-03-12,1.0,True
K00348,C0007,2,2023-03-12,0.3312,False
K00348,C0045,3,2023-03-12,0.8669,False
K00086,C0089,1,2023-03-12,0.8805,False
K00086,C0032,2,2023-03-12,0.093,False
K00086,C0008,3,2023-03-12,0.6952,False
K00134,C0103,1,2023-03-13,1.0,True
K00134,C0007,2,2023-03-13,0.3312,False
K00134,C0048,3,2023-03-13,0.4161,False
K00070,C0027,1,2023-03-13,0.1043,True
K00070,C0064,2,2023-03-13,0.3645,False
K00070,C0011,3,2023-03-13,0.5793,False
K00529,C0082,1,2023-03-13,0.8074,False
K00529,C0101,2,2023-03-13,0.5975,False
K00529,C0063,3,2023-03-13,1.0,True
K00307,C0093,1,2023-03-16,0.6848,False
K00307,C0052,2,2023-03-16,0.5079,False
K00307,C0053,3,2023-03-16,0.5692,False
K00626,C0060,1,2023-03-16,0.3561,False
K00626,C0093,2,2023-03-16,0.6848,False
K00626,C0053,3,2023-03-16,0.5692,False
K00135,C0034,1,2023-03-16,0.6887,True
K00135,C0072,2,2023-03-16,1.0,False
K00135,C0091,3,2023-03-16,0.3306,False
K00462,C0108,1,2023-03-17,0.9628,False
K00462,C0119,2,2023-03-17,0.664,False
K00462,C0051,3,2023-03-17,0.6858,False
K00385,C0060,1,2023-03-17,0.3561,False
K00385,C0052,2,2023-03-17,0.5079,False
K00385,C0094,3,2023-03-17,1.0,True
K00253,C0094,1,2023-03-17,1.0,True
K00253,C0039,2,2023-03-17,1.0,False
K00253,C0004,3,2023-03-17,0.0,False
K00399,C0052,1,2023-03-19,0.5079,False
K00399,C0111,2,2023-03-19,0.7518,False
K00399,C0011,3,2023-03-19,0.5793,True
K00595,C0094,1,2023-03-19,1.0,True
K00595,C0039,2,2023-03-19,1.0,False
K00595,C0078,3,2023-03-19,0.3912,False
K00459,C0067,1,2023-03-20,1.0,True
K00459,C0052,2,2023-03-20,0.5079,False
K00459,C0106,3,2023-03-20,0.7671,False
K00298,C0007,1,2023-03-20,0.3312,False
K00298,C0114,2,2023-03-20,1.0,True
K00298,C0042,3,2023-03-20,0.387,False
K00538,C0039,1,2023-03-20,1.0,True
K00538,C0094,2,2023-03-20,1.0,False
K00538,C0052,3,2023-03-20,0.5079,False
K00433,C0114,1,2023-03-20,1.0,False
K00433,C0084,2,2023-03-20,0.9892,True
K00433,C0031,3,2023-03-20,0.7895,False
K00124,C0103,1,2023-03-20,1.0,False
K00124,C0007,2,2023-03-20,0.3312,False
K00124,C0033,3,2023-03-20,0.4177,False
K00094,C0039,1,2023-03-21,1.0,False
K00094,C0052,2,2023-03-21,0.5079,False
K00094,C0120,3,2023-03-21,0.7011,False
K00344,C0054,1,2023-03-21,0.1312,False
K00344,C0020,2,2023-03-21,0.6867,False
K00344,C0088,3,2023-03-21,1.0,True
K00447,C0020,1,2023-03-22,0.6867,True
K00447,C0043,2,2023-03-22,0.3035,False
K00447,C0054,3,2023-03-22,0.1312,False
K00104,C0042,1,2023-03-22,0.387,True
K00104,C0091,2,2023-03-22,0.3306,False
K00104,C0043,3,2023-03-22,0.3035,False
K00204,C0104,1,2023-03-23,1.0,True
K00204,C0111,2,2023-03-23,0.7518,False
K00204,C0032,3,2023-03-23,0.093,False
K00189,C0007,1,2023-03-23,0.3312,False
K00189,C0032,2,2023-03-23,0.093,False
K00189,C0048,3,2023-03-23,0.4161,False
K00208,C0009,1,2023-03-23,0.5136,False
K00208,C0090,2,2023-03-23,0.6321,False
K00208,C0027,3,2023-03-23,0.1043,False
K00203,C0019,1,2023-03-24,1.0,True
K00203,C0005,2,2023-03-24,0.901,False
K00203,C0018,3,2023-03-24,0.5977,False
K00549,C0054,1,2023-03-24,0.1312,False
K00549,C0049,2,2023-03-24,0.8849,False
K00549,C0072,3,2023-03-24,1.0,True
K00241,C0116,1,2023-03-25,1.0,True
K00241,C0052,2,2023-03-25,0.5079,False
K00241,C0046,3,2023-03-25,0.7659,False
K00518,C0004,1,2023-03-25,0.0,False
K00518,C0060,2,2023-03-25,0.3561,False
K00518,C0068,3,2023-03-25,0.8036,False
K00163,C0051,1,2023-03-25,0.6858,True
K00163,C0119,2,2023-03-25,0.664,False
K00163,C0027,3,2023-03-25,0.1043,False
K00594,C0007,1,2023-03-26,0.3312,False
K00594,C0103,2,2023-03-26,1.0,True
K00594,C0037,3,2023-03-26,0.9427,False
K00106,C0033,1,2023-03-26,0.4177,False
K00106,C0056,2,2023-03-26,0.2414,True
K00106,C0059,3,2023-03-26,0.6396,False
K00136,C0031,1,2023-03-27,0.7895,False
K00136,C0114,2,2023-03-27,1.0,True
K00136,C0045,3,2023-03-27,0.8669,False
K00156,C0089,1,2023-03-27,0.8805,False
K00156,C0052,2,2023-03-27,0.5079,False
K00156,C0106,3,2023-03-27,0.7671,True
K00410,C0119,1,2023-04-01,0.664,True
K00410,C0016,2,2023-04-01,0.6837,False
K00410,C0083,3,2023-04-01,0.5735,False
K00388,C0054,1,2023-04-01,0.1312,False
K00388,C0049,2,2023-04-01,0.8849,False
K00388,C0022,3,2023-04-01,0.3629,False
K00567,C0045,1,2023-04-01,0.8669,False
K00567,C0112,2,2023-04-01,1.0,False
K00567,C0120,3,2023-04-01,0.7011,True
K00120,C0045,1,2023-04-02,0.8669,False
K00120,C0085,2,2023-04-02,1.0,False
K00120,C0006,3,2023-04-02,0.6721,False
K00378,C0071,1,2023-04-03,1.0,False
K00378,C0088,2,2023-04-03,1.0,False
K00378,C0006,3,2023-04-03,0.6721,False
K00599,C0032,1,2023-04-03,0.093,False
K00599,C0037,2,2023-04-03,0.9427,True
K00599,C0055,3,2023-04-03,0.4164,False
K00489,C0042,1,2023-04-04,0.387,False
K00489,C0119,2,2023-04-04,0.664,True
K00489,C0066,3,2023-04-04,1.0,False
K00130,C0054,1,2023-04-04,0.1312,False
K00130,C0100,2,2023-04-04,0.652,True
K00130,C0071,3,2023-04-04,1.0,False
K00475,C0071,1,2023-04-05,1.0,True
K00475,C0020,2,2023-04-05,0.6867,False
K00475,C0036,3,2023-04-05,1.0,False
K00209,C0060,1,2023-04-05,0.3561,False
K00209,C0058,2,2023-04-05,1.0,True
K00209,C0040,3,2023-04-05,0.7159,False
K00080,C0116,1,2023-04-06,1.0,True
K00080,C0064,2,2023-04-06,0.3645,False
K00080,C0032,3,2023-04-06,0.093,False
K00118,C0052,1,2023-04-08,0.5079,True
K00118,C0093,2,2023-04-08,0.6848,False
K00118,C0040,3,2023-04-08,0.7159,False
K00572,C0007,1,2023-04-09,0.3312,False
K00572,C0114,2,2023-04-09,1.0,True
K00572,C0033,3,2023-04-09,0.4177,False
K00125,C0006,1,2023-04-09,0.6721,False
K00125,C0101,2,2023-04-09,0.5975,False
K00125,C0082,3,2023-04-09,0.8074,True
K00177,C0052,1,2023-04-09,0.5079,False
K00177,C0089,2,2023-04-09,0.8805,False
K00177,C0008,3,2023-04-09,0.6952,False
K00419,C0042,1,2023-04-11,0.387,False
K00419,C0119,2,2023-04-11,0.664,False
K00419,C0043,3,2023-04-11,0.3035,False
K00338,C0009,1,2023-04-11,0.5136,False
K00338,C0055,2,2023-04-11,0.4164,False
K00338,C0117,3,2023-04-11,0.9361,True
K00596,C0004,1,2023-04-11,0.0,False
K00596,C0060,2,2023-04-11,0.3561,False
K00596,C0032,3,2023-04-11,0.093,False
K00055,C0004,1,2023-04-12,0.0,False
K00055,C0045,2,2023-04-12,0.8669,False
K00055,C0060,3,2023-04-12,0.3561,False
K00191,C0067,1,2023-04-12,1.0,False
K00191,C0004,2,2023-04-12,0.0,False
K00191,C0089,3,2023-04-12,0.8805,False
K00264,C0040,1,2023-04-12,0.7159,False
K00264,C0060,2,2023-04-12,0.3561,False
K00264,C0058,3,2023-04-12,1.0,False
K00139,C0004,1,2023-04-12,0.0,False
K00139,C0075,2,2023-04-12,0.4976,True
K00139,C0109,3,2023-04-12,0.3287,False
K00641,C0038,1,2023-04-13,0.7717,False
K00641,C0007,2,2023-04-13,0.3312,False
K00641,C0024,3,2023-04-13,0.6241,False
K00573,C0065,1,2023-04-13,1.0,True
K00573,C0048,2,2023-04-13,0.4161,False
K00573,C0091,3,2023-04-13,0.3306,False
K00043,C0040,1,2023-04-13,0.7159,False
K00043,C0060,2,2023-04-13,0.3561,False
K00043,C0058,3,2023-04-13,1.0,True
K00290,C0060,1,2023-04-13,0.3561,False
K00290,C0052,2,2023-04-13,0.5079,False
K00290,C0022,3,2023-04-13,0.3629,False
K00038,C0008,1,2023-04-14,0.6952,False
K00038,C0004,2,2023-04-14,0.0,False
K00038,C0110,3,2023-04-14,0.403,False
K00149,C0007,1,2023-04-14,0.3312,False
K00149,C0114,2,2023-04-14,1.0,False
K00149,C0006,3,2023-04-14,0.6721,False
K00294,C0040,1,2023-04-14,0.7159,False
K00294,C0060,2,2023-04-14,0.3561,False
K00294,C0058,3,2023-04-14,1.0,True
K00469,C0093,1,2023-04-15,0.6848,True
K00469,C0053,2,2023-04-15,0.5692,False
K00469,C0060,3,2023-04-15,0.3561,False
K00057,C0007,1,2023-04-15,0.3312,True
K00057,C0114,2,2023-04-15,1.0,False
K00057,C0055,3,2023-04-15,0.4164,False
K00381,C0032,1,2023-04-17,0.093,False
K00381,C0076,2,2023-04-17,1.0,True
K00381,C0095,3,2023-04-17,0.7468,False
K00451,C0006,1,2023-04-17,0.6721,False
K00451,C0101,2,2023-04-17,0.5975,False
K00451,C0084,3,2023-04-17,0.9892,True
K00238,C0006,1,2023-04-19,0.6721,False
K00238,C0101,2,2023-04-19,0.5975,False
K00238,C0073,3,2023-04-19,1.0,False
K00036,C0006,1,2023-04-21,0.6721,False
K00036,C0012,2,2023-04-21,0.6089,False
K00036,C0101,3,2023-04-21,0.5975,True
K00071,C0054,1,2023-04-22,0.1312,False
K00071,C0109,2,2023-04-22,0.3287,False
K00071,C0066,3,2023-04-22,1.0,True
K00386,C0081,1,2023-04-23,0.6906,False
K00386,C0006,2,2023-04-23,0.6721,False
K00386,C0085,3,2023-04-23,1.0,True
K00346,C0081,1,2023-04-23,0.6906,False
K00346,C0077,2,2023-04-23,1.0,True
K00346,C0002,3,2023-04-23,0.7139,False
K00048,C0054,1,2023-04-23,0.1312,False
K00048,C0060,2,2023-04-23,0.3561,False
K00048,C0004,3,2023-04-23,0.0,False
K00320,C0112,1,2023-04-23,1.0,False
K00320,C0078,2,2023-04-23,0.3912,False
K00320,C0073,3,2023-04-23,1.0,False
K00224,C0048,1,2023-04-24,0.4161,False
K00224,C0028,2,2023-04-24,0.5745,False
K00224,C0032,3,2023-04-24,0.093,False
K00527,C0019,1,2023-04-24,1.0,False
K00527,C0004,2,2023-04-24,0.0,False
K00527,C0030,3,2023-04-24,1.0,True
K00272,C0039,1,2023-04-25,1.0,False
K00272,C0094,2,2023-04-25,1.0,True
K00272,C0033,3,2023-04-25,0.4177,False
K00621,C0087,1,2023-04-25,0.0267,False
K00621,C0017,2,2023-04-25,0.9423,True
K00621,C0119,3,2023-04-25,0.664,False
K00570,C0087,1,2023-04-25,0.0267,False
K00570,C0053,2,2023-04-25,0.5692,False
K00570,C0009,3,2023-04-25,0.5136,False
K00132,C0007,1,2023-04-26,0.3312,False
K00132,C0114,2,2023-04-26,1.0,True
K00132,C0033,3,2023-04-26,0.4177,False
K00222,C0054,1,2023-04-26,0.1312,True
K00222,C0004,2,2023-04-26,0.0,False
K00222,C0109,3,2023-04-26,0.3287,False
K00117,C0004,1,2023-05-01,0.0,False
K00117,C0060,2,2023-05-01,0.3561,False
K00117,C0008,3,2023-05-01,0.6952,True
K00283,C0084,1,2023-05-01,0.9892,True
K00283,C0031,2,2023-05-01,0.7895,False
K00283,C0114,3,2023-05-01,1.0,False
K00266,C0031,1,2023-05-02,0.7895,False
K00266,C0084,2,2023-05-02,0.9892,False
K00266,C0005,3,2023-05-02,0.901,False
K00308,C0055,1,2023-05-02,0.4164,False
K00308,C0092,2,2023-05-02,1.0,False
K00308,C0108,3,2023-05-02,0.9628,False
K00411,C0081,1,2023-05-03,0.6906,False
K00411,C0002,2,2023-05-03,0.7139,False
K00411,C0031,3,2023-05-03,0.7895,True
K00292,C0083,1,2023-05-04,0.5735,False
K00292,C0016,2,2023-05-04,0.6837,False
K00292,C0046,3,2023-05-04,0.7659,False
K00359,C0006,1,2023-05-04,0.6721,False
K00359,C0063,2,2023-05-04,1.0,True
K00359,C0101,3,2023-05-04,0.5975,False
K00273,C0060,1,2023-05-04,0.3561,False
K00273,C0052,2,2023-05-04,0.5079,True
K00273,C0022,3,2023-05-04,0.3629,False
K00575,C0007,1,2023-05-05,0.3312,False
K00575,C0059,2,2023-05-05,0.6396,False
K00575,C0114,3,2023-05-05,1.0,False
K00363,C0053,1,2023-05-05,0.5692,False
K00363,C0060,2,2023-05-05,0.3561,False
K00363,C0032,3,2023-05-05,0.093,False
K00503,C0009,1,2023-05-06,0.5136,False
K00503,C0090,2,2023-05-06,0.6321,False
K00503,C0027,3,2023-05-06,0.1043,False
K00192,C0054,1,2023-05-07,0.1312,False
K00192,C0087,2,2023-05-07,0.0267,False
K00192,C0060,3,2023-05-07,0.3561,False
K00069,C0019,1,2023-05-08,1.0,True
K00069,C0004,2,2023-05-08,0.0,False
K00069,C0016,3,2023-05-08,0.6837,False
K00466,C0006,1,2023-05-08,0.6721,False
K00466,C0101,2,2023-05-08,0.5975,True
K00466,C0012,3,2023-05-08,0.6089,False
K00544,C0007,1,2023-05-08,0.3312,False
K00544,C0114,2,2023-05-08,1.0,False
K00544,C0096,3,2023-05-08,0.7439,False
K00365,C0018,1,2023-05-08,0.5977,True
K00365,C0040,2,2023-05-08,0.7159,False
K00365,C0032,3,2023-05-08,0.093,False
K00021,C0055,1,2023-05-08,0.4164,False
K00021,C0032,2,2023-05-08,0.093,False
K00021,C0089,3,2023-05-08,0.8805,True
K00265,C0024,1,2023-05-08,0.6241,False
K00265,C0012,2,2023-05-08,0.6089,False
K00265,C0112,3,2023-05-08,1.0,True
K00207,C0088,1,2023-05-09,1.0,False
K00207,C0024,2,2023-05-09,0.6241,True
K00207,C0034,3,2023-05-09,0.6887,False
K00402,C0084,1,2023-05-10,0.9892,True
K00402,C0031,2,2023-05-10,0.7895,False
K00402,C0114,3,2023-05-10,1.0,False
K00019,C0049,1,2023-05-12,0.8849,False
K00019,C0054,2,2023-05-12,0.1312,False
K00019,C0072,3,2023-05-12,1.0,True
K00193,C0045,1,2023-05-13,0.8669,True
K00193,C0033,2,2023-05-13,0.4177,False
K00193,C0096,3,2023-05-13,0.7439,False
K00146,C0004,1,2023-05-13,0.0,False
K00146,C0060,2,2023-05-13,0.3561,False
K00146,C0068,3,2023-05-13,0.8036,False
K00494,C0039,1,2023-05-14,1.0,False
K00494,C0094,2,2023-05-14,1.0,True
K00494,C0035,3,2023-05-14,1.0,False
K00568,C0055,1,2023-05-15,0.4164,False
K00568,C0108,2,2023-05-15,0.9628,True
K00568,C0027,3,2023-05-15,0.1043,False
K00261,C0022,1,2023-05-15,0.3629,False
K00261,C0088,2,2023-05-15,1.0,False
K00261,C0064,3,2023-05-15,0.3645,False
K00115,C0032,1,2023-05-15,0.093,False
K00115,C0095,2,2023-05-15,0.7468,False
K00115,C0076,3,2023-05-15,1.0,False
K00336,C0096,1,2023-05-17,0.7439,True
K00336,C0006,2,2023-05-17,0.6721,False
K00336,C0081,3,2023-05-17,0.6906,False
K00495,C0007,1,2023-05-17,0.3312,True
K00495,C0103,2,2023-05-17,1.0,False
K00495,C0070,3,2023-05-17,0.8852,False
K00395,C0082,1,2023-05-19,0.8074,False
K00395,C0006,2,2023-05-19,0.6721,False
K00395,C0107,3,2023-05-19,0.9289,False
K00454,C0043,1,2023-05-19,0.3035,False
K00454,C0091,2,2023-05-19,0.3306,False
K00454,C0081,3,2023-05-19,0.6906,False
K00093,C0060,1,2023-05-19,0.3561,False
K00093,C0040,2,2023-05-19,0.7159,False
K00093,C0025,3,2023-05-19,1.0,False
K00330,C0109,1,2023-05-19,0.3287,False
K00330,C0087,2,2023-05-19,0.0267,False
K00330,C0004,3,2023-05-19,0.0,False
K00643,C0110,1,2023-05-20,0.403,False
K00643,C0091,2,2023-05-20,0.3306,False
K00643,C0016,3,2023-05-20,0.6837,False
K00039,C0048,1,2023-05-20,0.4161,False
K00039,C0087,2,2023-05-20,0.0267,False
K00039,C0028,3,2023-05-20,0.5745,False
K00612,C0055,1,2023-05-20,0.4164,False
K00612,C0088,2,2023-05-20,1.0,False
K00612,C0032,3,2023-05-20,0.093,False
K00407,C0055,1,2023-05-20,0.4164,False
K00407,C0027,2,2023-05-20,0.1043,False
K00407,C0022,3,2023-05-20,0.3629,False
K00167,C0038,1,2023-05-21,0.7717,False
K00167,C0092,2,2023-05-21,1.0,True
K00167,C0055,3,2023-05-21,0.4164,False
K00354,C0067,1,2023-05-21,1.0,False
K00354,C0055,2,2023-05-21,0.4164,False
K00354,C0009,3,2023-05-21,0.5136,False
K00650,C0060,1,2023-05-21,0.3561,False
K00650,C0004,2,2023-05-21,0.0,False
K00650,C0068,3,2023-05-21,0.8036,False
K00418,C0007,1,2023-05-22,0.3312,False
K00418,C0103,2,2023-05-22,1.0,True
K00418,C0048,3,2023-05-22,0.4161,False
K00155,C0004,1,2023-05-22,0.0,False
K00155,C0060,2,2023-05-22,0.3561,False
K00155,C0106,3,2023-05-22,0.7671,True
K00640,C0034,1,2023-05-22,0.6887,False
K00640,C0072,2,2023-05-22,1.0,True
K00640,C0110,3,2023-05-22,0.403,False
K00580,C0054,1,2023-05-22,0.1312,False
K00580,C0087,2,2023-05-22,0.0267,False
K00580,C0005,3,2023-05-22,0.901,True
K00270,C0048,1,2023-05-22,0.4161,False
K00270,C0110,2,2023-05-22,0.403,False
K00270,C0091,3,2023-05-22,0.3306,False
K00396,C0039,1,2023-05-22,1.0,True
K00396,C0094,2,2023-05-22,1.0,False
K00396,C0004,3,2023-05-22,0.0,False
K00484,C0007,1,2023-05-23,0.3312,False
K00484,C0114,2,2023-05-23,1.0,True
K00484,C0078,3,2023-05-23,0.3912,False
K00175,C0060,1,2023-05-23,0.3561,True
K00175,C0022,2,2023-05-23,0.3629,False
K00175,C0052,3,2023-05-23,0.5079,False
K00287,C0107,1,2023-05-24,0.9289,False
K00287,C0073,2,2023-05-24,1.0,True
K00287,C0006,3,2023-05-24,0.6721,False
K00431,C0022,1,2023-05-24,0.3629,False
K00431,C0011,2,2023-05-24,0.5793,False
K00431,C0021,3,2023-05-24,0.7714,True
K00181,C0007,1,2023-05-24,0.3312,False
K00181,C0103,2,2023-05-24,1.0,False
K00181,C0048,3,2023-05-24,0.4161,False
K00122,C0016,1,2023-05-24,0.6837,False
K00122,C0046,2,2023-05-24,0.7659,False
K00122,C0002,3,2023-05-24,0.7139,False
K00623,C0040,1,2023-05-24,0.7159,False
K00623,C0006,2,2023-05-24,0.6721,False
K00623,C0032,3,2023-05-24,0.093,False
K00174,C0068,1,2023-05-24,0.8036,False
K00174,C0004,2,2023-05-24,0.0,False
K00174,C0054,3,2023-05-24,0.1312,False
K00637,C0087,1,2023-05-26,0.0267,False
K00637,C0017,2,2023-05-26,0.9423,True
K00637,C0109,3,2023-05-26,0.3287,False
K00370,C0042,1,2023-05-26,0.387,False
K00370,C0119,2,2023-05-26,0.664,False
K00370,C0048,3,2023-05-26,0.4161,False
K00483,C0033,1,2023-05-27,0.4177,False
K00483,C0059,2,2023-05-27,0.6396,False
K00483,C0081,3,2023-05-27,0.6906,False
K00313,C0006,1,2023-05-27,0.6721,False
K00313,C0053,2,2023-05-27,0.5692,False
K00313,C0025,3,2023-05-27,1.0,True
K00355,C0055,1,2023-05-27,0.4164,True
K00355,C0027,2,2023-05-27,0.1043,False
K00355,C0038,3,2023-05-27,0.7717,False
K00505,C0022,1,2023-06-01,0.3629,False
K00505,C0072,2,2023-06-01,1.0,True
K00505,C0067,3,2023-06-01,1.0,False
K00023,C0067,1,2023-06-01,1.0,False
K00023,C0004,2,2023-06-01,0.0,False
K00023,C0106,3,2023-06-01,0.7671,True
K00622,C0016,1,2023-06-02,0.6837,False
K00622,C0002,2,2023-06-02,0.7139,False
K00622,C0048,3,2023-06-02,0.4161,False
K00587,C0040,1,2023-06-02,0.7159,False
K00587,C0060,2,2023-06-02,0.3561,False
K00587,C0025,3,2023-06-02,1.0,True
K00464,C0067,1,2023-06-02,1.0,True
K00464,C0032,2,2023-06-02,0.093,False
K00464,C0048,3,2023-06-02,0.4161,False
K00651,C0019,1,2023-06-03,1.0,False
K00651,C0004,2,2023-06-03,0.0,False
K00651,C0030,3,2023-06-03,1.0,True
K00577,C0077,1,2023-06-03,1.0,False
K00577,C0059,2,2023-06-03,0.6396,True
K00577,C0107,3,2023-06-03,0.9289,False
K00278,C0032,1,2023-06-03,0.093,False
K00278,C0095,2,2023-06-03,0.7468,False
K00278,C0076,3,2023-06-03,1.0,True
K00391,C0004,1,2023-06-05,0.0,False
K00391,C0109,2,2023-06-05,0.3287,False
K00391,C0015,3,2023-06-05,1.0,False
K00430,C0027,1,2023-06-06,0.1043,False
K00430,C0071,2,2023-06-06,1.0,False
K00430,C0088,3,2023-06-06,1.0,True
K00510,C0033,1,2023-06-08,0.4177,False
K00510,C0081,2,2023-06-08,0.6906,True
K00510,C0002,3,2023-06-08,0.7139,False
K00198,C0020,1,2023-06-08,0.6867,True
K00198,C0097,2,2023-06-08,0.6906,False
K00198,C0006,3,2023-06-08,0.6721,False
K00593,C0004,1,2023-06-08,0.0,False
K00593,C0054,2,2023-06-08,0.1312,False
K00593,C0015,3,2023-06-08,1.0,True
K00314,C0004,1,2023-06-10,0.0,False
K00314,C0068,2,2023-06-10,0.8036,True
K00314,C0035,3,2023-06-10,1.0,False
K00074,C0040,1,2023-06-11,0.7159,False
K00074,C0060,2,2023-06-11,0.3561,True
K00074,C0025,3,2023-06-11,1.0,False
K00609,C0022,1,2023-06-12,0.3629,False
K00609,C0072,2,2023-06-12,1.0,False
K00609,C0054,3,2023-06-12,0.1312,False
K00088,C0004,1,2023-06-14,0.0,False
K00088,C0068,2,2023-06-14,0.8036,True
K00088,C0060,3,2023-06-14,0.3561,False
K00413,C0108,1,2023-06-14,0.9628,True
K00413,C0055,2,2023-06-14,0.4164,False
K00413,C0007,3,2023-06-14,0.3312,False
K00472,C0119,1,2023-06-14,0.664,False
K00472,C0025,2,2023-06-14,1.0,True
K00472,C0114,3,2023-06-14,1.0,False
K00210,C0006,1,2023-06-15,0.6721,False
K00210,C0012,2,2023-06-15,0.6089,False
K00210,C0101,3,2023-06-15,0.5975,False
K00647,C0063,1,2023-06-15,1.0,True
K00647,C0107,2,2023-06-15,0.9289,False
K00647,C0082,3,2023-06-15,0.8074,False
K00635,C0110,1,2023-06-15,0.403,False
K00635,C0035,2,2023-06-15,1.0,False
K00635,C0034,3,2023-06-15,0.6887,True
K00032,C0039,1,2023-06-16,1.0,False
K00032,C0094,2,2023-06-16,1.0,False
K00032,C0002,3,2023-06-16,0.7139,False
K00232,C0054,1,2023-06-17,0.1312,True
K00232,C0119,2,2023-06-17,0.664,False
K00232,C0109,3,2023-06-17,0.3287,False
K00541,C0006,1,2023-06-18,0.6721,False
K00541,C0082,2,2023-06-18,0.8074,True
K00541,C0107,3,2023-06-18,0.9289,False
K00479,C0012,1,2023-06-19,0.6089,False
K00479,C0035,2,2023-06-19,1.0,True
K00479,C0097,3,2023-06-19,0.6906,False
K00225,C0071,1,2023-06-20,1.0,False
K00225,C0002,2,2023-06-20,0.7139,False
K00225,C0097,3,2023-06-20,0.6906,True
K00277,C0110,1,2023-06-21,0.403,False
K00277,C0048,2,2023-06-21,0.4161,False
K00277,C0043,3,2023-06-21,0.3035,False
K00513,C0006,1,2023-06-21,0.6721,False
K00513,C0032,2,2023-06-21,0.093,False
K00513,C0064,3,2023-06-21,0.3645,False
K00342,C0119,1,2023-06-22,0.664,False
K00342,C0087,2,2023-06-22,0.0267,False
K00342,C0031,3,2023-06-22,0.7895,True
K00437,C0110,1,2023-06-22,0.403,False
K00437,C0095,2,2023-06-22,0.7468,True
K00437,C0028,3,2023-06-22,0.5745,False
K00618,C0004,1,2023-06-23,0.0,True
K00618,C0008,2,2023-06-23,0.6952,False
K00618,C0035,3,2023-06-23,1.0,False
K00440,C0071,1,2023-06-23,1.0,False
K00440,C0110,2,2023-06-23,0.403,False
K00440,C0054,3,2023-06-23,0.1312,False
K00113,C0084,1,2023-06-23,0.9892,False
K00113,C0114,2,2023-06-23,1.0,True
K00113,C0031,3,2023-06-23,0.7895,False
K00262,C0022,1,2023-06-23,0.3629,False
K00262,C0052,2,2023-06-23,0.5079,False
K00262,C0094,3,2023-06-23,1.0,False
K00097,C0032,1,2023-06-23,0.093,False
K00097,C0095,2,2023-06-23,0.7468,False
K00097,C0076,3,2023-06-23,1.0,False
K00096,C0022,1,2023-06-24,0.3629,False
K00096,C0107,2,2023-06-24,0.9289,False
K00096,C0102,3,2023-06-24,0.664,True
K00034,C0022,1,2023-06-25,0.3629,False
K00034,C0094,2,2023-06-25,1.0,True
K00034,C0052,3,2023-06-25,0.5079,False
K00384,C0110,1,2023-06-25,0.403,False
K00384,C0108,2,2023-06-25,0.9628,False
K00384,C0028,3,2023-06-25,0.5745,False
K00150,C0107,1,2023-06-26,0.9289,False
K00150,C0006,2,2023-06-26,0.6721,False
K00150,C0073,3,2023-06-26,1.0,True
K00157,C0006,1,2023-07-01,0.6721,False
K00157,C0107,2,2023-07-01,0.9289,False
K00157,C0101,3,2023-07-01,0.5975,False
K00477,C0055,1,2023-07-03,0.4164,False
K00477,C0092,2,2023-07-03,1.0,True
K00477,C0007,3,2023-07-03,0.3312,False
K00257,C0006,1,2023-07-04,0.6721,False
K00257,C0101,2,2023-07-04,0.5975,False
K00257,C0107,3,2023-07-04,0.9289,True
K00091,C0090,1,2023-07-05,0.6321,True
K00091,C0119,2,2023-07-05,0.664,False
K00091,C0009,3,2023-07-05,0.5136,False
K00578,C0027,1,2023-07-06,0.1043,False
K00578,C0117,2,2023-07-06,0.9361,False
K00578,C0071,3,2023-07-06,1.0,False
K00406,C0087,1,2023-07-06,0.0267,False
K00406,C0100,2,2023-07-06,0.652,True
K00406,C0119,3,2023-07-06,0.664,False
K00248,C0071,1,2023-07-07,1.0,False
K00248,C0006,2,2023-07-07,0.6721,True
K00248,C0097,3,2023-07-07,0.6906,False
K00548,C0006,1,2023-07-08,0.6721,True
K00548,C0105,2,2023-07-08,1.0,False
K00548,C0054,3,2023-07-08,0.1312,False
K00218,C0067,1,2023-07-08,1.0,True
K00218,C0119,2,2023-07-08,0.664,False
K00218,C0117,3,2023-07-08,0.9361,False
K00296,C0033,1,2023-07-10,0.4177,False
K00296,C0116,2,2023-07-10,1.0,True
K00296,C0056,3,2023-07-10,0.2414,False
K00633,C0002,1,2023-07-10,0.7139,True
K00633,C0033,2,2023-07-10,0.4177,False
K00633,C0120,3,2023-07-10,0.7011,False
K00648,C0097,1,2023-07-11,0.6906,False
K00648,C0071,2,2023-07-11,1.0,False
K00648,C0006,3,2023-07-11,0.6721,False
K00082,C0013,1,2023-07-12,0.6899,True
K00082,C0056,2,2023-07-12,0.2414,False
K00082,C0078,3,2023-07-12,0.3912,False
K00376,C0008,1,2023-07-14,0.6952,False
K00376,C0105,2,2023-07-14,1.0,True
K00376,C0052,3,2023-07-14,0.5079,False
K00063,C0071,1,2023-07-15,1.0,True
K00063,C0008,2,2023-07-15,0.6952,False
K00063,C0097,3,2023-07-15,0.6906,False
K00631,C0052,1,2023-07-15,0.5079,False
K00631,C0022,2,2023-07-15,0.3629,False
K00631,C0060,3,2023-07-15,0.3561,True
K00044,C0094,1,2023-07-15,1.0,False
K00044,C0039,2,2023-07-15,1.0,True
K00044,C0056,3,2023-07-15,0.2414,False
K00652,C0032,1,2023-07-15,0.093,False
K00652,C0101,2,2023-07-15,0.5975,False
K00652,C0053,3,2023-07-15,0.5692,False
K00488,C0049,1,2023-07-16,0.8849,False
K00488,C0022,2,2023-07-16,0.3629,False
K00488,C0054,3,2023-07-16,0.1312,False
K00545,C0027,1,2023-07-17,0.1043,False
K00545,C0090,2,2023-07-17,0.6321,False
K00545,C0009,3,2023-07-17,0.5136,False
K00077,C0032,1,2023-07-17,0.093,False
K00077,C0048,2,2023-07-17,0.4161,False
K00077,C0008,3,2023-07-17,0.6952,False
K00300,C0031,1,2023-07-17,0.7895,True
K00300,C0114,2,2023-07-17,1.0,False
K00300,C0084,3,2023-07-17,0.9892,False
K00281,C0116,1,2023-07-17,1.0,False
K00281,C0107,2,2023-07-17,0.9289,False
K00281,C0073,3,2023-07-17,1.0,True
K00075,C0094,1,2023-07-19,1.0,True
K00075,C0101,2,2023-07-19,0.5975,False
K00075,C0082,3,2023-07-19,0.8074,False
K00534,C0052,1,2023-07-20,0.5079,False
K00534,C0022,2,2023-07-20,0.3629,False
K00534,C0094,3,2023-07-20,1.0,False
K00379,C0040,1,2023-07-20,0.7159,True
K00379,C0009,2,2023-07-20,0.5136,False
K00379,C0090,3,2023-07-20,0.6321,False
K00286,C0022,1,2023-07-20,0.3629,False
K00286,C0032,2,2023-07-20,0.093,False
K00286,C0040,3,2023-07-20,0.7159,False
K00284,C0110,1,2023-07-21,0.403,False
K00284,C0032,2,2023-07-21,0.093,False
K00284,C0048,3,2023-07-21,0.4161,False
K00426,C0119,1,2023-07-22,0.664,True
K00426,C0042,2,2023-07-22,0.387,False
K00426,C0087,3,2023-07-22,0.0267,False
K00629,C0012,1,2023-07-23,0.6089,False
K00629,C0006,2,2023-07-23,0.6721,False
K00629,C0101,3,2023-07-23,0.5975,False
K00380,C0103,1,2023-07-23,1.0,False
K00380,C0120,2,2023-07-23,0.7011,True
K00380,C0033,3,2023-07-23,0.4177,False
K00542,C0110,1,2023-07-24,0.403,False
K00542,C0008,2,2023-07-24,0.6952,False
K00542,C0103,3,2023-07-24,1.0,True
K00417,C0114,1,2023-07-24,1.0,False
K00417,C0007,2,2023-07-24,0.3312,False
K00417,C0085,3,2023-07-24,1.0,False
K00142,C0083,1,2023-07-24,0.5735,False
K00142,C0043,2,2023-07-24,0.3035,False
K00142,C0091,3,2023-07-24,0.3306,False
K00293,C0058,1,2023-07-25,1.0,False
K00293,C0040,2,2023-07-25,0.7159,False
K00293,C0084,3,2023-07-25,0.9892,True
K00141,C0119,1,2023-07-27,0.664,False
K00141,C0114,2,2023-07-27,1.0,False
K00141,C0025,3,2023-07-27,1.0,False
K00530,C0027,1,2023-07-27,0.1043,False
K00530,C0117,2,2023-07-27,0.9361,False
K00530,C0119,3,2023-07-27,0.664,False
K00002,C0024,1,2023-07-27,0.6241,True
K00002,C0079,2,2023-07-27,0.328,False
K00002,C0111,3,2023-07-27,0.7518,False
K00516,C0032,1,2023-08-02,0.093,False
K00516,C0095,2,2023-08-02,0.7468,False
K00516,C0076,3,2023-08-02,1.0,False
K00138,C0111,1,2023-08-03,0.7518,True
K00138,C0045,2,2023-08-03,0.8669,False
K00138,C0079,3,2023-08-03,0.328,False
K00103,C0119,1,2023-08-03,0.664,False
K00103,C0042,2,2023-08-03,0.387,False
K00103,C0110,3,2023-08-03,0.403,False
K00243,C0101,1,2023-08-04,0.5975,False
K00243,C0006,2,2023-08-04,0.6721,False
K00243,C0012,3,2023-08-04,0.6089,False
K00482,C0007,1,2023-08-04,0.3312,False
K00482,C0055,2,2023-08-04,0.4164,False
K00482,C0108,3,2023-08-04,0.9628,False
K00221,C0113,1,2023-08-05,1.0,True
K00221,C0027,2,2023-08-05,0.1043,False
K00221,C0104,3,2023-08-05,1.0,False
K00062,C0045,1,2023-08-07,0.8669,True
K00062,C0078,2,2023-08-07,0.3912,False
K00062,C0082,3,2023-08-07,0.8074,False
K00072,C0088,1,2023-08-08,1.0,True
K00072,C0104,2,2023-08-08,1.0,False
K00072,C0022,3,2023-08-08,0.3629,False
K00061,C0007,1,2023-08-08,0.3312,False
K00061,C0114,2,2023-08-08,1.0,True
K00061,C0082,3,2023-08-08,0.8074,False
K00644,C0097,1,2023-08-08,0.6906,False
K00644,C0101,2,2023-08-08,0.5975,False
K00644,C0024,3,2023-08-08,0.6241,True
K00608,C0082,1,2023-08-09,0.8074,False
K00608,C0101,2,2023-08-09,0.5975,False
K00608,C0063,3,2023-08-09,1.0,True
K00049,C0082,1,2023-08-09,0.8074,False
K00049,C0101,2,2023-08-09,0.5975,False
K00049,C0006,3,2023-08-09,0.6721,False
K00603,C0009,1,2023-08-10,0.5136,False
K00603,C0090,2,2023-08-10,0.6321,False
K00603,C0027,3,2023-08-10,0.1043,False
K00327,C0084,1,2023-08-10,0.9892,False
K00327,C0031,2,2023-08-10,0.7895,False
K00327,C0114,3,2023-08-10,1.0,False
K00375,C0110,1,2023-08-10,0.403,True
K00375,C0036,2,2023-08-10,1.0,False
K00375,C0032,3,2023-08-10,0.093,False
K00322,C0117,1,2023-08-11,0.9361,True
K00322,C0027,2,2023-08-11,0.1043,False
K00322,C0119,3,2023-08-11,0.664,False
K00182,C0078,1,2023-08-12,0.3912,False
K00182,C0082,2,2023-08-12,0.8074,True
K00182,C0033,3,2023-08-12,0.4177,False
K00064,C0040,1,2023-08-14,0.7159,False
K00064,C0058,2,2023-08-14,1.0,False
K00064,C0084,3,2023-08-14,0.9892,True
K00361,C0114,1,2023-08-15,1.0,True
K00361,C0007,2,2023-08-15,0.3312,False
K00361,C0033,3,2023-08-15,0.4177,False
K00161,C0093,1,2023-08-16,0.6848,False
K00161,C0101,2,2023-08-16,0.5975,True
K00161,C0095,3,2023-08-16,0.7468,False
K00571,C0022,1,2023-08-17,0.3629,False
K00571,C0058,2,2023-08-17,1.0,False
K00571,C0053,3,2023-08-17,0.5692,True
K00559,C0078,1,2023-08-19,0.3912,False
K00559,C0096,2,2023-08-19,0.7439,True
K00559,C0002,3,2023-08-19,0.7139,False
K00205,C0051,1,2023-08-22,0.6858,True
K00205,C0055,2,2023-08-22,0.4164,False
K00205,C0042,3,2023-08-22,0.387,False
K00017,C0058,1,2023-08-25,1.0,False
K00017,C0040,2,2023-08-25,0.7159,False
K00017,C0025,3,2023-08-25,1.0,True
K00310,C0107,1,2023-08-26,0.9289,True
K00310,C0056,2,2023-08-26,0.2414,False
K00310,C0078,3,2023-08-26,0.3912,False
K00051,C0058,1,2023-08-27,1.0,False
K00051,C0040,2,2023-08-27,0.7159,False
K00051,C0060,3,2023-08-27,0.3561,False
K00318,C0095,1,2023-09-01,0.7468,True
K00318,C0032,2,2023-09-01,0.093,False
K00318,C0076,3,2023-09-01,1.0,False
K00586,C0058,1,2023-09-01,1.0,True
K00586,C0076,2,2023-09-01,1.0,False
K00586,C0027,3,2023-09-01,0.1043,False
K00083,C0070,1,2023-09-01,0.8852,True
K00083,C0097,2,2023-09-01,0.6906,False
K00083,C0048,3,2023-09-01,0.4161,False
K00581,C0056,1,2023-09-01,0.2414,False
K00581,C0002,2,2023-09-01,0.7139,False
K00581,C0059,3,2023-09-01,0.6396,False
K00584,C0048,1,2023-09-01,0.4161,False
K00584,C0110,2,2023-09-01,0.403,False
K00584,C0002,3,2023-09-01,0.7139,True
K00214,C0097,1,2023-09-01,0.6906,False
K00214,C0054,2,2023-09-01,0.1312,True
K00214,C0019,3,2023-09-01,1.0,False
K00556,C0071,1,2023-09-01,1.0,True
K00556,C0101,2,2023-09-01,0.5975,False
K00556,C0006,3,2023-09-01,0.6721,False
K00434,C0110,1,2023-09-02,0.403,False
K00434,C0081,2,2023-09-02,0.6906,False
K00434,C0042,3,2023-09-02,0.387,False
K00639,C0090,1,2023-09-02,0.6321,False
K00639,C0009,2,2023-09-02,0.5136,False
K00639,C0027,3,2023-09-02,0.1043,False
K00085,C0024,1,2023-09-02,0.6241,False
K00085,C0036,2,2023-09-02,1.0,False
K00085,C0112,3,2023-09-02,1.0,False
K00109,C0084,1,2023-09-02,0.9892,True
K00109,C0114,2,2023-09-02,1.0,False
K00109,C0031,3,2023-09-02,0.7895,False
K00285,C0101,1,2023-09-03,0.5975,False
K00285,C0006,2,2023-09-03,0.6721,True
K00285,C0012,3,2023-09-03,0.6089,False
K00239,C0027,1,2023-09-03,0.1043,False
K00239,C0090,2,2023-09-03,0.6321,False
K00239,C0009,3,2023-09-03,0.5136,False
K00195,C0097,1,2023-09-03,0.6906,False
K00195,C0052,2,2023-09-03,0.5079,False
K00195,C0067,3,2023-09-03,1.0,True
K00555,C0101,1,2023-09-03,0.5975,False
K00555,C0116,2,2023-09-03,1.0,False
K00555,C0073,3,2023-09-03,1.0,False
K00356,C0052,1,2023-09-04,0.5079,False
K00356,C0064,2,2023-09-04,0.3645,False
K00356,C0032,3,2023-09-04,0.093,False
K00242,C0054,1,2023-09-04,0.1312,False
K00242,C0097,2,2023-09-04,0.6906,False
K00242,C0071,3,2023-09-04,1.0,True
K00423,C0039,1,2023-09-04,1.0,False
K00423,C0094,2,2023-09-04,1.0,True
K00423,C0120,3,2023-09-04,0.7011,False
K00560,C0052,1,2023-09-04,0.5079,False
K00560,C0064,2,2023-09-04,0.3645,False
K00560,C0032,3,2023-09-04,0.093,False
K00009,C0116,1,2023-09-05,1.0,True
K00009,C0107,2,2023-09-05,0.9289,False
K00009,C0073,3,2023-09-05,1.0,False
K00013,C0040,1,2023-09-05,0.7159,False
K00013,C0058,2,2023-09-05,1.0,True
K00013,C0025,3,2023-09-05,1.0,False
K00642,C0052,1,2023-09-05,0.5079,False
K00642,C0022,2,2023-09-05,0.3629,False
K00642,C0060,3,2023-09-05,0.3561,False
K00152,C0048,1,2023-09-06,0.4161,False
K00152,C0028,2,2023-09-06,0.5745,False
K00152,C0070,3,2023-09-06,0.8852,False
K00653,C0081,1,2023-09-06,0.6906,False
K00653,C0091,2,2023-09-06,0.3306,False
K00653,C0099,3,2023-09-06,0.8608,True
K00372,C0016,1,2023-09-06,0.6837,False
K00372,C0083,2,2023-09-06,0.5735,False
K00372,C0091,3,2023-09-06,0.3306,True
K00188,C0060,1,2023-09-07,0.3561,False
K00188,C0058,2,2023-09-07,1.0,True
K00188,C0025,3,2023-09-07,1.0,False
K00076,C0022,1,2023-09-08,0.3629,False
K00076,C0052,2,2023-09-08,0.5079,False
K00076,C0094,3,2023-09-08,1.0,True
K00014,C0052,1,2023-09-08,0.5079,False
K00014,C0019,2,2023-09-08,1.0,True
K00014,C0022,3,2023-09-08,0.3629,False
K00054,C0031,1,2023-09-09,0.7895,False
K00054,C0114,2,2023-09-09,1.0,True
K00054,C0084,3,2023-09-09,0.9892,False
K00280,C0038,1,2023-09-09,0.7717,True
K00280,C0090,2,2023-09-09,0.6321,False
K00280,C0007,3,2023-09-09,0.3312,False
K00329,C0112,1,2023-09-09,1.0,False
K00329,C0079,2,2023-09-09,0.328,False
K00329,C0045,3,2023-09-09,0.8669,False
K00583,C0004,1,2023-09-09,0.0,False
K00583,C0105,2,2023-09-09,1.0,True
K00583,C0022,3,2023-09-09,0.3629,False
K00073,C0075,1,2023-09-10,0.4976,True
K00073,C0015,2,2023-09-10,1.0,False
K00073,C0109,3,2023-09-10,0.3287,False
K00619,C0027,1,2023-09-10,0.1043,False
K00619,C0055,2,2023-09-10,0.4164,False
K00619,C0042,3,2023-09-10,0.387,False
K00090,C0007,1,2023-09-11,0.3312,False
K00090,C0055,2,2023-09-11,0.4164,True
K00090,C0108,3,2023-09-11,0.9628,False
K00597,C0089,1,2023-09-12,0.8805,False
K00597,C0004,2,2023-09-12,0.0,False
K00597,C0052,3,2023-09-12,0.5079,False
K00405,C0037,1,2023-09-12,0.9427,False
K00405,C0032,2,2023-09-12,0.093,False
K00405,C0007,3,2023-09-12,0.3312,False
K00102,C0081,1,2023-09-12,0.6906,False
K00102,C0002,2,2023-09-12,0.7139,False
K00102,C0077,3,2023-09-12,1.0,True
K00081,C0039,1,2023-09-12,1.0,False
K00081,C0094,2,2023-09-12,1.0,False
K00081,C0033,3,2023-09-12,0.4177,False
K00324,C0027,1,2023-09-12,0.1043,False
K00324,C0032,2,2023-09-12,0.093,False
K00324,C0052,3,2023-09-12,0.5079,False
K00271,C0004,1,2023-09-12,0.0,False
K00271,C0030,2,2023-09-12,1.0,True
K00271,C0008,3,2023-09-12,0.6952,False
K00347,C0032,1,2023-09-12,0.093,False
K00347,C0076,2,2023-09-12,1.0,True
K00347,C0095,3,2023-09-12,0.7468,False
K00445,C0066,1,2023-09-13,1.0,False
K00445,C0109,2,2023-09-13,0.3287,False
K00445,C0025,3,2023-09-13,1.0,False
K00432,C0059,1,2023-09-14,0.6396,False
K00432,C0081,2,2023-09-14,0.6906,True
K00432,C0033,3,2023-09-14,0.4177,False
K00604,C0067,1,2023-09-14,1.0,True
K00604,C0052,2,2023-09-14,0.5079,False
K00604,C0034,3,2023-09-14,0.6887,False
K00066,C0072,1,2023-09-15,1.0,True
K00066,C0034,2,2023-09-15,0.6887,False
K00066,C0052,3,2023-09-15,0.5079,False
K00110,C0072,1,2023-09-15,1.0,False
K00110,C0065,2,2023-09-15,1.0,False
K00110,C0066,3,2023-09-15,1.0,False
K00297,C0052,1,2023-09-16,0.5079,False
K00297,C0022,2,2023-09-16,0.3629,False
K00297,C0060,3,2023-09-16,0.3561,False
K00107,C0034,1,2023-09-16,0.6887,True
K00107,C0072,2,2023-09-16,1.0,False
K00107,C0048,3,2023-09-16,0.4161,False
K00387,C0027,1,2023-09-16,0.1043,False
K00387,C0042,2,2023-09-16,0.387,True
K00387,C0054,3,2023-09-16,0.1312,False
K00364,C0073,1,2023-09-16,1.0,True
K00364,C0033,2,2023-09-16,0.4177,False
K00364,C0007,3,2023-09-16,0.3312,False
K00491,C0101,1,2023-09-16,0.5975,False
K00491,C0012,2,2023-09-16,0.6089,False
K00491,C0006,3,2023-09-16,0.6721,True
K00201,C0116,1,2023-09-16,1.0,True
K00201,C0090,2,2023-09-16,0.6321,False
K00201,C0009,3,2023-09-16,0.5136,False
K00536,C0027,1,2023-09-16,0.1043,False
K00536,C0090,2,2023-09-16,0.6321,False
K00536,C0025,3,2023-09-16,1.0,True
K00040,C0052,1,2023-09-16,0.5079,False
K00040,C0035,2,2023-09-16,1.0,True
K00040,C0008,3,2023-09-16,0.6952,False
K00443,C0027,1,2023-09-17,0.1043,False
K00443,C0054,2,2023-09-17,0.1312,False
K00443,C0097,3,2023-09-17,0.6906,False
K00508,C0032,1,2023-09-17,0.093,False
K00508,C0095,2,2023-09-17,0.7468,False
K00508,C0076,3,2023-09-17,1.0,False
K00398,C0088,1,2023-09-17,1.0,True
K00398,C0101,2,2023-09-17,0.5975,False
K00398,C0006,3,2023-09-17,0.6721,False
K00408,C0037,1,2023-09-18,0.9427,False
K00408,C0032,2,2023-09-18,0.093,False
K00408,C0070,3,2023-09-18,0.8852,True
K00158,C0108,1,2023-09-18,0.9628,False
K00158,C0009,2,2023-09-18,0.5136,False
K00158,C0090,3,2023-09-18,0.6321,False
K00539,C0097,1,2023-09-18,0.6906,False
K00539,C0012,2,2023-09-18,0.6089,True
K00539,C0101,3,2023-09-18,0.5975,False
K00421,C0120,1,2023-09-18,0.7011,False
K00421,C0056,2,2023-09-18,0.2414,False
K00421,C0033,3,2023-09-18,0.4177,False
K00279,C0054,1,2023-09-18,0.1312,False
K00279,C0066,2,2023-09-18,1.0,True
K00279,C0031,3,2023-09-18,0.7895,False
K00588,C0101,1,2023-09-19,0.5975,True
K00588,C0082,2,2023-09-19,0.8074,False
K00588,C0006,3,2023-09-19,0.6721,False
K00153,C0007,1,2023-09-19,0.3312,False
K00153,C0114,2,2023-09-19,1.0,False
K00153,C0056,3,2023-09-19,0.2414,False
K00341,C0036,1,2023-09-19,1.0,True
K00341,C0020,2,2023-09-19,0.6867,False
K00341,C0054,3,2023-09-19,0.1312,False
K00079,C0119,1,2023-09-19,0.664,False
K00079,C0025,2,2023-09-19,1.0,True
K00079,C0114,3,2023-09-19,1.0,False
K00420,C0007,1,2023-09-20,0.3312,False
K00420,C0087,2,2023-09-20,0.0267,False
K00420,C0017,3,2023-09-20,0.9423,True
K00140,C0007,1,2023-09-21,0.3312,False
K00140,C0114,2,2023-09-21,1.0,True
K00140,C0085,3,2023-09-21,1.0,False
K00227,C0097,1,2023-09-21,0.6906,True
K00227,C0054,2,2023-09-21,0.1312,False
K00227,C0020,3,2023-09-21,0.6867,False
K00439,C0007,1,2023-09-21,0.3312,False
K00439,C0114,2,2023-09-21,1.0,True
K00439,C0078,3,2023-09-21,0.3912,False
K00133,C0032,1,2023-09-21,0.093,False
K00133,C0076,2,2023-09-21,1.0,False
K00133,C0095,3,2023-09-21,0.7468,True
K00480,C0048,1,2023-09-22,0.4161,False
K00480,C0110,2,2023-09-22,0.403,False
K00480,C0043,3,2023-09-22,0.3035,False
K00029,C0043,1,2023-09-22,0.3035,False
K00029,C0080,2,2023-09-22,1.0,False
K00029,C0048,3,2023-09-22,0.4161,False
K00024,C0032,1,2023-09-23,0.093,False
K00024,C0076,2,2023-09-23,1.0,False
K00024,C0095,3,2023-09-23,0.7468,False
K00428,C0027,1,2023-09-23,0.1043,False
K00428,C0117,2,2023-09-23,0.9361,True
K00428,C0055,3,2023-09-23,0.4164,False
K00252,C0080,1,2023-09-24,1.0,True
K00252,C0031,2,2023-09-24,0.7895,False
K00252,C0043,3,2023-09-24,0.3035,False
K00194,C0090,1,2023-09-24,0.6321,True
K00194,C0097,2,2023-09-24,0.6906,False
K00194,C0007,3,2023-09-24,0.3312,False
K00098,C0101,1,2023-09-24,0.5975,False
K00098,C0107,2,2023-09-24,0.9289,False
K00098,C0082,3,2023-09-24,0.8074,False
K00323,C0120,1,2023-09-24,0.7011,False
K00323,C0085,2,2023-09-24,1.0,False
K00323,C0002,3,2023-09-24,0.7139,True
K00309,C0101,1,2023-09-25,0.5975,False
K00309,C0006,2,2023-09-25,0.6721,False
K00309,C0012,3,2023-09-25,0.6089,False
K00065,C0079,1,2023-09-25,0.328,False
K00065,C0111,2,2023-09-25,0.7518,True
K00065,C0045,3,2023-09-25,0.8669,False
K00303,C0054,1,2023-09-26,0.1312,False
K00303,C0015,2,2023-09-26,1.0,False
K00303,C0004,3,2023-09-26,0.0,False
K00304,C0052,1,2023-09-27,0.5079,False
K00304,C0064,2,2023-09-27,0.3645,False
K00304,C0021,3,2023-09-27,0.7714,False
K00628,C0101,1,2023-09-27,0.5975,False
K00628,C0006,2,2023-09-27,0.6721,False
K00628,C0088,3,2023-09-27,1.0,True
K00229,C0052,1,2023-09-27,0.5079,False
K00229,C0022,2,2023-09-27,0.3629,False
K00229,C0060,3,2023-09-27,0.3561,False
K00562,C0073,1,2023-09-27,1.0,False
K00562,C0101,2,2023-09-27,0.5975,False
K00562,C0063,3,2023-09-27,1.0,True
K00591,C0101,1,2023-09-27,0.5975,True
K00591,C0006,2,2023-09-27,0.6721,False
K00591,C0012,3,2023-09-27,0.6089,False
K00058,C0067,1,2023-10-01,1.0,True
K00058,C0052,2,2023-10-01,0.5079,False
K00058,C0119,3,2023-10-01,0.664,False
K00337,C0085,1,2023-10-02,1.0,True
K00337,C0120,2,2023-10-02,0.7011,False
K00337,C0078,3,2023-10-02,0.3912,False
K00441,C0007,1,2023-10-02,0.3312,False
K00441,C0114,2,2023-10-02,1.0,False
K00441,C0056,3,2023-10-02,0.2414,False
K00610,C0004,1,2023-10-03,0.0,False
K00610,C0072,2,2023-10-03,1.0,True
K00610,C0068,3,2023-10-03,0.8036,False
K00020,C0031,1,2023-10-03,0.7895,False
K00020,C0081,2,2023-10-03,0.6906,False
K00020,C0013,3,2023-10-03,0.6899,True
K00514,C0031,1,2023-10-04,0.7895,False
K00514,C0084,2,2023-10-04,0.9892,True
K00514,C0114,3,2023-10-04,1.0,False
K00404,C0032,1,2023-10-04,0.093,False
K00404,C0076,2,2023-10-04,1.0,False
K00404,C0095,3,2023-10-04,0.7468,False
K00519,C0088,1,2023-10-04,1.0,True
K00519,C0006,2,2023-10-04,0.6721,False
K00519,C0071,3,2023-10-04,1.0,False
K00481,C0004,1,2023-10-04,0.0,False
K00481,C0015,2,2023-10-04,1.0,False
K00481,C0005,3,2023-10-04,0.901,True
K00412,C0032,1,2023-10-05,0.093,False
K00412,C0037,2,2023-10-05,0.9427,True
K00412,C0048,3,2023-10-05,0.4161,False
K00316,C0032,1,2023-10-05,0.093,False
K00316,C0076,2,2023-10-05,1.0,False
K00316,C0095,3,2023-10-05,0.7468,False
K00172,C0039,1,2023-10-06,1.0,False
K00172,C0094,2,2023-10-06,1.0,True
K00172,C0052,3,2023-10-06,0.5079,False
K00148,C0054,1,2023-10-06,0.1312,False
K00148,C0109,2,2023-10-06,0.3287,False
K00148,C0119,3,2023-10-06,0.664,False
K00089,C0107,1,2023-10-06,0.9289,True
K00089,C0073,2,2023-10-06,1.0,False
K00089,C0116,3,2023-10-06,1.0,False
K00169,C0078,1,2023-10-07,0.3912,False
K00169,C0096,2,2023-10-07,0.7439,False
K00169,C0033,3,2023-10-07,0.4177,True
K00053,C0004,1,2023-10-07,0.0,False
K00053,C0060,2,2023-10-07,0.3561,False
K00053,C0068,3,2023-10-07,0.8036,False
K00383,C0049,1,2023-10-07,0.8849,True
K00383,C0054,2,2023-10-07,0.1312,False
K00383,C0072,3,2023-10-07,1.0,False
K00452,C0039,1,2023-10-07,1.0,True
K00452,C0052,2,2023-10-07,0.5079,False
K00452,C0008,3,2023-10-07,0.6952,False
K00627,C0119,1,2023-10-08,0.664,False
K00627,C0042,2,2023-10-08,0.387,False
K00627,C0043,3,2023-10-08,0.3035,False
K00492,C0052,1,2023-10-08,0.5079,False
K00492,C0021,2,2023-10-08,0.7714,False
K00492,C0093,3,2023-10-08,0.6848,False
K00237,C0109,1,2023-10-08,0.3287,False
K00237,C0068,2,2023-10-08,0.8036,True
K00237,C0004,3,2023-10-08,0.0,False
K00129,C0052,1,2023-10-08,0.5079,False
K00129,C0106,2,2023-10-08,0.7671,False
K00129,C0004,3,2023-10-08,0.0,False
K00018,C0052,1,2023-10-09,0.5079,False
K00018,C0039,2,2023-10-09,1.0,True
K00018,C0097,3,2023-10-09,0.6906,False
K00111,C0028,1,2023-10-09,0.5745,False
K00111,C0004,2,2023-10-09,0.0,False
K00111,C0048,3,2023-10-09,0.4161,False
K00394,C0104,1,2023-10-10,1.0,False
K00394,C0011,2,2023-10-10,0.5793,False
K00394,C0027,3,2023-10-10,0.1043,False
K00554,C0108,1,2023-10-11,0.9628,False
K00554,C0027,2,2023-10-11,0.1043,False
K00554,C0119,3,2023-10-11,0.664,False
K00223,C0012,1,2023-10-11,0.6089,False
K00223,C0054,2,2023-10-11,0.1312,False
K00223,C0097,3,2023-10-11,0.6906,False
K00340,C0032,1,2023-10-11,0.093,False
K00340,C0076,2,2023-10-11,1.0,False
K00340,C0095,3,2023-10-11,0.7468,True
K00068,C0007,1,2023-10-12,0.3312,False
K00068,C0103,2,2023-10-12,1.0,False
K00068,C0048,3,2023-10-12,0.4161,False
K00260,C0039,1,2023-10-12,1.0,True
K00260,C0094,2,2023-10-12,1.0,False
K00260,C0078,3,2023-10-12,0.3912,False
K00458,C0031,1,2023-10-12,0.7895,False
K00458,C0084,2,2023-10-12,0.9892,False
K00458,C0114,3,2023-10-12,1.0,True
K00321,C0022,1,2023-10-12,0.3629,False
K00321,C0104,2,2023-10-12,1.0,False
K00321,C0021,3,2023-10-12,0.7714,False
K00493,C0012,1,2023-10-12,0.6089,False
K00493,C0101,2,2023-10-12,0.5975,False
K00493,C0006,3,2023-10-12,0.6721,False
K00251,C0008,1,2023-10-13,0.6952,False
K00251,C0106,2,2023-10-13,0.7671,False
K00251,C0052,3,2023-10-13,0.5079,False
K00197,C0004,1,2023-10-14,0.0,False
K00197,C0060,2,2023-10-14,0.3561,False
K00197,C0068,3,2023-10-14,0.8036,True
K00254,C0106,1,2023-10-16,0.7671,False
K00254,C0052,2,2023-10-16,0.5079,False
K00254,C0089,3,2023-10-16,0.8805,False
K00611,C0116,1,2023-10-16,1.0,False
K00611,C0048,2,2023-10-16,0.4161,False
K00611,C0087,3,2023-10-16,0.0267,False
K00331,C0048,1,2023-10-17,0.4161,False
K00331,C0110,2,2023-10-17,0.403,False
K00331,C0083,3,2023-10-17,0.5735,True
K00045,C0032,1,2023-10-17,0.093,False
K00045,C0048,2,2023-10-17,0.4161,False
K00045,C0103,3,2023-10-17,1.0,False
K00162,C0040,1,2023-10-17,0.7159,True
K00162,C0060,2,2023-10-17,0.3561,False
K00162,C0058,3,2023-10-17,1.0,False
K00468,C0022,1,2023-10-18,0.3629,False
K00468,C0072,2,2023-10-18,1.0,True
K00468,C0008,3,2023-10-18,0.6952,False
K00476,C0054,1,2023-10-18,0.1312,False
K00476,C0036,2,2023-10-18,1.0,True
K00476,C0020,3,2023-10-18,0.6867,False
K00027,C0093,1,2023-10-18,0.6848,True
K00027,C0032,2,2023-10-18,0.093,False
K00027,C0052,3,2023-10-18,0.5079,False
K00114,C0081,1,2023-10-18,0.6906,False
K00114,C0031,2,2023-10-18,0.7895,True
K00114,C0002,3,2023-10-18,0.7139,False
K00401,C0103,1,2023-10-18,1.0,True
K00401,C0045,2,2023-10-18,0.8669,False
K00401,C0078,3,2023-10-18,0.3912,False
K00524,C0004,1,2023-10-19,0.0,False
K00524,C0106,2,2023-10-19,0.7671,False
K00524,C0008,3,2023-10-19,0.6952,True
K00326,C0027,1,2023-10-19,0.1043,False
K00326,C0009,2,2023-10-19,0.5136,False
K00326,C0090,3,2023-10-19,0.6321,False
K00128,C0097,1,2023-10-19,0.6906,False
K00128,C0054,2,2023-10-19,0.1312,False
K00128,C0012,3,2023-10-19,0.6089,False
K00490,C0004,1,2023-10-20,0.0,False
K00490,C0052,2,2023-10-20,0.5079,False
K00490,C0106,3,2023-10-20,0.7671,False
K00357,C0004,1,2023-10-20,0.0,False
K00357,C0106,2,2023-10-20,0.7671,False
K00357,C0019,3,2023-10-20,1.0,True
K00006,C0031,1,2023-10-21,0.7895,True
K00006,C0099,2,2023-10-21,0.8608,False
K00006,C0119,3,2023-10-21,0.664,False
K00247,C0006,1,2023-10-21,0.6721,True
K00247,C0101,2,2023-10-21,0.5975,False
K00247,C0071,3,2023-10-21,1.0,False
K00498,C0029,1,2023-10-21,0.1875,False
K00498,C0027,2,2023-10-21,0.1043,False
K00498,C0119,3,2023-10-21,0.664,True
K00268,C0048,1,2023-10-21,0.4161,False
K00268,C0046,2,2023-10-21,0.7659,False
K00268,C0065,3,2023-10-21,1.0,False
K00345,C0071,1,2023-10-22,1.0,True
K00345,C0088,2,2023-10-22,1.0,False
K00345,C0006,3,2023-10-22,0.6721,False
K00050,C0096,1,2023-10-22,0.7439,False
K00050,C0078,2,2023-10-22,0.3912,False
K00050,C0045,3,2023-10-22,0.8669,True
K00233,C0096,1,2023-10-22,0.7439,False
K00233,C0120,2,2023-10-22,0.7011,False
K00233,C0059,3,2023-10-22,0.6396,False
K00614,C0012,1,2023-10-22,0.6089,False
K00614,C0101,2,2023-10-22,0.5975,False
K00614,C0006,3,2023-10-22,0.6721,False
K00574,C0052,1,2023-10-22,0.5079,False
K00574,C0060,2,2023-10-22,0.3561,False
K00574,C0094,3,2023-10-22,1.0,True
K00137,C0087,1,2023-10-22,0.0267,False
K00137,C0048,2,2023-10-22,0.4161,False
K00137,C0043,3,2023-10-22,0.3035,False
K00211,C0039,1,2023-10-25,1.0,False
K00211,C0094,2,2023-10-25,1.0,True
K00211,C0052,3,2023-10-25,0.5079,False
K00160,C0004,1,2023-10-25,0.0,False
K00160,C0087,2,2023-10-25,0.0267,False
K00160,C0109,3,2023-10-25,0.3287,False
K00263,C0015,1,2023-10-25,1.0,False
K00263,C0109,2,2023-10-25,0.3287,False
K00263,C0100,3,2023-10-25,0.652,False
K00112,C0027,1,2023-10-26,0.1043,False
K00112,C0029,2,2023-10-26,0.1875,True
K00112,C0009,3,2023-10-26,0.5136,False
K00350,C0022,1,2023-10-26,0.3629,True
K00350,C0052,2,2023-10-26,0.5079,False
K00350,C0060,3,2023-10-26,0.3561,False
K00576,C0100,1,2023-10-26,0.652,False
K00576,C0028,2,2023-10-26,0.5745,False
K00576,C0015,3,2023-10-26,1.0,False
K00168,C0100,1,2023-10-26,0.652,False
K00168,C0015,2,2023-10-26,1.0,True
K00168,C0087,3,2023-10-26,0.0267,False
K00566,C0007,1,2023-10-26,0.3312,False
K00566,C0114,2,2023-10-26,1.0,True
K00566,C0096,3,2023-10-26,0.7439,False
K00460,C0078,1,2023-10-26,0.3912,False
K00460,C0056,2,2023-10-26,0.2414,False
K00460,C0112,3,2023-10-26,1.0,False
K00059,C0027,1,2023-11-01,0.1043,False
K00059,C0009,2,2023-11-01,0.5136,False
K00059,C0090,3,2023-11-01,0.6321,False
K00521,C0084,1,2023-11-01,0.9892,True
K00521,C0031,2,2023-11-01,0.7895,False
K00521,C0081,3,2023-11-01,0.6906,False
K00400,C0119,1,2023-11-01,0.664,False
K00400,C0042,2,2023-11-01,0.387,False
K00400,C0007,3,2023-11-01,0.3312,False
K00552,C0081,1,2023-11-03,0.6906,False
K00552,C0116,2,2023-11-03,1.0,True
K00552,C0002,3,2023-11-03,0.7139,False
K00213,C0039,1,2023-11-03,1.0,False
K00213,C0094,2,2023-11-03,1.0,True
K00213,C0004,3,2023-11-03,0.0,False
K00557,C0060,1,2023-11-03,0.3561,False
K00557,C0025,2,2023-11-03,1.0,False
K00557,C0058,3,2023-11-03,1.0,False
K00352,C0001,1,2023-11-04,0.6369,False
K00352,C0054,2,2023-11-04,0.1312,False
K00352,C0020,3,2023-11-04,0.6867,False
K00448,C0059,1,2023-11-04,0.6396,False
K00448,C0056,2,2023-11-04,0.2414,True
K00448,C0096,3,2023-11-04,0.7439,False
K00501,C0001,1,2023-11-04,0.6369,False
K00501,C0054,2,2023-11-04,0.1312,False
K00501,C0097,3,2023-11-04,0.6906,True
K00369,C0119,1,2023-11-04,0.664,False
K00369,C0025,2,2023-11-04,1.0,False
K00369,C0114,3,2023-11-04,1.0,True
K00565,C0001,1,2023-11-06,0.6369,False
K00565,C0032,2,2023-11-06,0.093,False
K00565,C0076,3,2023-11-06,1.0,False
K00159,C0067,1,2023-11-07,1.0,False
K00159,C0029,2,2023-11-07,0.1875,False
K00159,C0052,3,2023-11-07,0.5079,False
K00525,C0006,1,2023-11-07,0.6721,False
K00525,C0101,2,2023-11-07,0.5975,False
K00525,C0012,3,2023-11-07,0.6089,False
K00052,C0020,1,2023-11-07,0.6867,False
K00052,C0054,2,2023-11-07,0.1312,False
K00052,C0001,3,2023-11-07,0.6369,True
K00500,C0087,1,2023-11-08,0.0267,False
K00500,C0119,2,2023-11-08,0.664,False
K00500,C0017,3,2023-11-08,0.9423,False
K00084,C0016,1,2023-11-08,0.6837,False
K00084,C0046,2,2023-11-08,0.7659,True
K00084,C0043,3,2023-11-08,0.3035,False
K00226,C0039,1,2023-11-08,1.0,True
K00226,C0004,2,2023-11-08,0.0,False
K00226,C0120,3,2023-11-08,0.7011,False
K00515,C0111,1,2023-11-09,0.7518,False
K00515,C0079,2,2023-11-09,0.328,False
K00515,C0045,3,2023-11-09,0.8669,True
K00649,C0001,1,2023-11-09,0.6369,False
K00649,C0088,2,2023-11-09,1.0,False
K00649,C0006,3,2023-11-09,0.6721,True
K00180,C0054,1,2023-11-10,0.1312,False
K00180,C0020,2,2023-11-10,0.6867,False
K00180,C0001,3,2023-11-10,0.6369,False
K00184,C0102,1,2023-11-10,0.664,False
K00184,C0113,2,2023-11-10,1.0,True
K00184,C0032,3,2023-11-10,0.093,False
K00008,C0001,1,2023-11-10,0.6369,False
K00008,C0054,2,2023-11-10,0.1312,False
K00008,C0076,3,2023-11-10,1.0,False
K00585,C0087,1,2023-11-11,0.0267,False
K00585,C0065,2,2023-11-11,1.0,True
K00585,C0048,3,2023-11-11,0.4161,False
K00371,C0108,1,2023-11-11,0.9628,False
K00371,C0110,2,2023-11-11,0.403,False
K00371,C0042,3,2023-11-11,0.387,False
K00126,C0112,1,2023-11-11,1.0,False
K00126,C0059,2,2023-11-11,0.6396,False
K00126,C0107,3,2023-11-11,0.9289,False
K00010,C0082,1,2023-11-12,0.8074,False
K00010,C0073,2,2023-11-12,1.0,True
K00010,C0107,3,2023-11-12,0.9289,False
K00523,C0100,1,2023-11-13,0.652,True
K00523,C0109,2,2023-11-13,0.3287,False
K00523,C0054,3,2023-11-13,0.1312,False
K00535,C0016,1,2023-11-14,0.6837,False
K00535,C0043,2,2023-11-14,0.3035,False
K00535,C0081,3,2023-11-14,0.6906,False
K00288,C0054,1,2023-11-15,0.1312,False
K00288,C0020,2,2023-11-15,0.6867,False
K00288,C0001,3,2023-11-15,0.6369,True
K00343,C0101,1,2023-11-16,0.5975,False
K00343,C0006,2,2023-11-16,0.6721,False
K00343,C0012,3,2023-11-16,0.6089,True
K00590,C0052,1,2023-11-16,0.5079,False
K00590,C0106,2,2023-11-16,0.7671,False
K00590,C0034,3,2023-11-16,0.6887,True
K00436,C0107,1,2023-11-16,0.9289,True
K00436,C0082,2,2023-11-16,0.8074,False
K00436,C0101,3,2023-11-16,0.5975,False
K00625,C0009,1,2023-11-16,0.5136,False
K00625,C0027,2,2023-11-16,0.1043,False
K00625,C0090,3,2023-11-16,0.6321,False
K00478,C0101,1,2023-11-17,0.5975,False
K00478,C0073,2,2023-11-17,1.0,True
K00478,C0082,3,2023-11-17,0.8074,False
K00512,C0096,1,2023-11-18,0.7439,False
K00512,C0081,2,2023-11-18,0.6906,False
K00512,C0059,3,2023-11-18,0.6396,False
K00442,C0032,1,2023-11-18,0.093,False
K00442,C0054,2,2023-11-18,0.1312,False
K00442,C0028,3,2023-11-18,0.5745,False
K00328,C0052,1,2023-11-19,0.5079,False
K00328,C0022,2,2023-11-19,0.3629,False
K00328,C0060,3,2023-11-19,0.3561,False
K00579,C0081,1,2023-11-19,0.6906,False
K00579,C0007,2,2023-11-19,0.3312,False
K00579,C0078,3,2023-11-19,0.3912,False
K00026,C0060,1,2023-11-19,0.3561,False
K00026,C0052,2,2023-11-19,0.5079,True
K00026,C0022,3,2023-11-19,0.3629,False
K00289,C0030,1,2023-11-20,1.0,False
K00289,C0004,2,2023-11-20,0.0,False
K00289,C0106,3,2023-11-20,0.7671,True
K00275,C0112,1,2023-11-20,1.0,False
K00275,C0045,2,2023-11-20,0.8669,False
K00275,C0120,3,2023-11-20,0.7011,False
K00116,C0072,1,2023-11-20,1.0,True
K00116,C0034,2,2023-11-20,0.6887,False
K00116,C0048,3,2023-11-20,0.4161,False
K00414,C0007,1,2023-11-20,0.3312,False
K00414,C0027,2,2023-11-20,0.1043,False
K00414,C0096,3,2023-11-20,0.7439,True
K00551,C0009,1,2023-11-20,0.5136,False
K00551,C0060,2,2023-11-20,0.3561,False
K00551,C0032,3,2023-11-20,0.093,False
K00131,C0042,1,2023-11-20,0.387,False
K00131,C0119,2,2023-11-20,0.664,False
K00131,C0066,3,2023-11-20,1.0,True
K00025,C0060,1,2023-11-21,0.3561,False
K00025,C0058,2,2023-11-21,1.0,True
K00025,C0040,3,2023-11-21,0.7159,False
K00319,C0031,1,2023-11-23,0.7895,False
K00319,C0084,2,2023-11-23,0.9892,True
K00319,C0078,3,2023-11-23,0.3912,False
K00258,C0007,1,2023-11-24,0.3312,True
K00258,C0114,2,2023-11-24,1.0,False
K00258,C0081,3,2023-11-24,0.6906,False
K00617,C0052,1,2023-11-24,0.5079,False
K00617,C0004,2,2023-11-24,0.0,False
K00617,C0089,3,2023-11-24,0.8805,False
K00465,C0054,1,2023-11-24,0.1312,False
K00465,C0020,2,2023-11-24,0.6867,False
K00465,C0101,3,2023-11-24,0.5975,True
K00624,C0048,1,2023-11-24,0.4161,False
K00624,C0110,2,2023-11-24,0.403,False
K00624,C0099,3,2023-11-24,0.8608,False
K00393,C0087,1,2023-11-25,0.0267,False
K00393,C0054,2,2023-11-25,0.1312,False
K00393,C0060,3,2023-11-25,0.3561,False
K00269,C0007,1,2023-11-25,0.3312,False
K00269,C0114,2,2023-11-25,1.0,False
K00269,C0027,3,2023-11-25,0.1043,False
K00245,C0102,1,2023-11-25,0.664,False
K00245,C0027,2,2023-11-25,0.1043,False
K00245,C0011,3,2023-11-25,0.5793,True
K00533,C0027,1,2023-11-25,0.1043,False
K00533,C0025,2,2023-11-25,1.0,False
K00533,C0009,3,2023-11-25,0.5136,False
K00035,C0060,1,2023-11-26,0.3561,False
K00035,C0025,2,2023-11-26,1.0,True
K00035,C0040,3,2023-11-26,0.7159,False
K00353,C0103,1,2023-11-26,1.0,False
K00353,C0007,2,2023-11-26,0.3312,False
K00353,C0032,3,2023-11-26,0.093,False
K00101,C0004,1,2023-11-26,0.0,False
K00101,C0106,2,2023-11-26,0.7671,False
K00101,C0030,3,2023-11-26,1.0,True
K00291,C0111,1,2023-12-02,0.7518,False
K00291,C0021,2,2023-12-02,0.7714,False
K00291,C0018,3,2023-12-02,0.5977,False
K00558,C0039,1,2023-12-03,1.0,False
K00558,C0120,2,2023-12-03,0.7011,False
K00558,C0004,3,2023-12-03,0.0,False
K00389,C0072,1,2023-12-03,1.0,True
K00389,C0034,2,2023-12-03,0.6887,False
K00389,C0004,3,2023-12-03,0.0,False
K00509,C0108,1,2023-12-03,0.9628,True
K00509,C0009,2,2023-12-03,0.5136,False
K00509,C0038,3,2023-12-03,0.7717,False
K00645,C0001,1,2023-12-03,0.6369,False
K00645,C0048,2,2023-12-03,0.4161,False
K00645,C0092,3,2023-12-03,1.0,False
K00001,C0001,1,2023-12-06,0.6369,False
K00001,C0071,2,2023-12-06,1.0,True
K00001,C0006,3,2023-12-06,0.6721,False
K00349,C0052,1,2023-12-06,0.5079,False
K00349,C0060,2,2023-12-06,0.3561,False
K00349,C0022,3,2023-12-06,0.3629,False
K00392,C0060,1,2023-12-08,0.3561,True
K00392,C0040,2,2023-12-08,0.7159,False
K00392,C0025,3,2023-12-08,1.0,False
K00031,C0037,1,2023-12-08,0.9427,True
K00031,C0028,2,2023-12-08,0.5745,False
K00031,C0108,3,2023-12-08,0.9628,False
K00367,C0067,1,2023-12-09,1.0,True
K00367,C0089,2,2023-12-09,0.8805,False
K00367,C0027,3,2023-12-09,0.1043,False
K00638,C0116,1,2023-12-10,1.0,True
K00638,C0083,2,2023-12-10,0.5735,False
K00638,C0099,3,2023-12-10,0.8608,False
K00616,C0007,1,2023-12-10,0.3312,True
K00616,C0114,2,2023-12-10,1.0,False
K00616,C0059,3,2023-12-10,0.6396,False
K00127,C0081,1,2023-12-10,0.6906,False
K00127,C0002,2,2023-12-10,0.7139,False
K00127,C0077,3,2023-12-10,1.0,False
K00200,C0052,1,2023-12-12,0.5079,False
K00200,C0022,2,2023-12-12,0.3629,False
K00200,C0060,3,2023-12-12,0.3561,True
K00315,C0076,1,2023-12-13,1.0,False
K00315,C0032,2,2023-12-13,0.093,False
K00315,C0001,3,2023-12-13,0.6369,False
K00301,C0082,1,2023-12-13,0.8074,False
K00301,C0078,2,2023-12-13,0.3912,False
K00301,C0085,3,2023-12-13,1.0,False
K00334,C0067,1,2023-12-13,1.0,True
K00334,C0092,2,2023-12-13,1.0,False
K00334,C0038,3,2023-12-13,0.7717,False
K00435,C0076,1,2023-12-14,1.0,True
K00435,C0032,2,2023-12-14,0.093,False
K00435,C0001,3,2023-12-14,0.6369,False
K00543,C0020,1,2023-12-14,0.6867,True
K00543,C0042,2,2023-12-14,0.387,False
K00543,C0024,3,2023-12-14,0.6241,False
K00295,C0101,1,2023-12-15,0.5975,False
K00295,C0012,2,2023-12-15,0.6089,False
K00295,C0006,3,2023-12-15,0.6721,False
K00305,C0080,1,2023-12-15,1.0,True
K00305,C0042,2,2023-12-15,0.387,False
K00305,C0091,3,2023-12-15,0.3306,False
K00311,C0083,1,2023-12-15,0.5735,False
K00311,C0048,2,2023-12-15,0.4161,False
K00311,C0091,3,2023-12-15,0.3306,False
K00004,C0084,1,2023-12-15,0.9892,True
K00004,C0114,2,2023-12-15,1.0,False
K00004,C0031,3,2023-12-15,0.7895,False
K00046,C0006,1,2023-12-18,0.6721,False
K00046,C0012,2,2023-12-18,0.6089,False
K00046,C0101,3,2023-12-18,0.5975,False
K00547,C0116,1,2023-12-19,1.0,True
K00547,C0111,2,2023-12-19,0.7518,False
K00547,C0099,3,2023-12-19,0.8608,False
K00151,C0040,1,2023-12-19,0.7159,False
K00151,C0025,2,2023-12-19,1.0,False
K00151,C0060,3,2023-12-19,0.3561,False
K00531,C0082,1,2023-12-22,0.8074,False
K00531,C0107,2,2023-12-22,0.9289,True
K00531,C0073,3,2023-12-22,1.0,False
K00499,C0089,1,2023-12-22,0.8805,False
K00499,C0032,2,2023-12-22,0.093,False
K00499,C0092,3,2023-12-22,1.0,False
K00230,C0032,1,2023-12-22,0.093,False
K00230,C0076,2,2023-12-22,1.0,True
K00230,C0001,3,2023-12-22,0.6369,False
K00185,C0004,1,2023-12-22,0.0,False
K00185,C0068,2,2023-12-22,0.8036,False
K00185,C0060,3,2023-12-22,0.3561,False
K00325,C0099,1,2023-12-23,0.8608,False
K00325,C0086,2,2023-12-23,0.4185,False
K00325,C0054,3,2023-12-23,0.1312,False
K00517,C0054,1,2023-12-23,0.1312,False
K00517,C0024,2,2023-12-23,0.6241,False
K00517,C0088,3,2023-12-23,1.0,False
K00450,C0054,1,2023-12-24,0.1312,False
K00450,C0024,2,2023-12-24,0.6241,False
K00450,C0075,3,2023-12-24,0.4976,False
K00217,C0082,1,2023-12-24,0.8074,True
K00217,C0073,2,2023-12-24,1.0,False
K00217,C0006,3,2023-12-24,0.6721,False
K00099,C0039,1,2023-12-24,1.0,True
K00099,C0094,2,2023-12-24,1.0,False
K00099,C0085,3,2023-12-24,1.0,False
K00497,C0089,1,2023-12-25,0.8805,True
K00497,C0004,2,2023-12-25,0.0,False
K00497,C0106,3,2023-12-25,0.7671,False
K00589,C0024,1,2023-12-26,0.6241,False
K00589,C0088,2,2023-12-26,1.0,True
K00589,C0112,3,2023-12-26,1.0,False
K00215,C0006,1,2023-12-26,0.6721,False
K00215,C0101,2,2023-12-26,0.5975,True
K00215,C0012,3,2023-12-26,0.6089,False
K00108,C0055,1,2023-12-26,0.4164,False
K00108,C0027,2,2023-12-26,0.1043,False
K00108,C0108,3,2023-12-26,0.9628,False
K00028,C0032,1,2023-12-27,0.093,False
K00028,C0053,2,2023-12-27,0.5692,False
K00028,C0027,3,2023-12-27,0.1043,False
K01319,C0054,1,2024-01-01,0.1312,False
K01319,C0049,2,2024-01-01,0.8849,True
K01319,C0022,3,2024-01-01,0.3629,False
K00698,C0054,1,2024-01-01,0.1312,False
K00698,C0049,2,2024-01-01,0.8849,True
K00698,C0019,3,2024-01-01,1.0,False
K01190,C0094,1,2024-01-01,1.0,True
K01190,C0039,2,2024-01-01,1.0,False
K01190,C0096,3,2024-01-01,0.7439,False
K01472,C0034,1,2024-01-01,0.6887,False
K01472,C0072,2,2024-01-01,1.0,True
K01472,C0048,3,2024-01-01,0.4161,False
K01036,C0027,1,2024-01-01,0.1043,True
K01036,C0064,2,2024-01-01,0.3645,False
K01036,C0102,3,2024-01-01,0.664,False
K00758,C0110,1,2024-01-02,0.403,False
K00758,C0108,2,2024-01-02,0.9628,False
K00758,C0111,3,2024-01-02,0.7518,False
K01055,C0042,1,2024-01-02,0.387,False
K01055,C0119,2,2024-01-02,0.664,False
K01055,C0055,3,2024-01-02,0.4164,False
K00794,C0054,1,2024-01-03,0.1312,False
K00794,C0091,2,2024-01-03,0.3306,False
K00794,C0043,3,2024-01-03,0.3035,True
K01136,C0055,1,2024-01-03,0.4164,False
K01136,C0108,2,2024-01-03,0.9628,False
K01136,C0092,3,2024-01-03,1.0,False
K00845,C0096,1,2024-01-04,0.7439,False
K00845,C0002,2,2024-01-04,0.7139,False
K00845,C0120,3,2024-01-04,0.7011,True
K01395,C0018,1,2024-01-04,0.5977,False
K01395,C0021,2,2024-01-04,0.7714,True
K01395,C0063,3,2024-01-04,1.0,False
K01028,C0031,1,2024-01-04,0.7895,False
K01028,C0114,2,2024-01-04,1.0,False
K01028,C0084,3,2024-01-04,0.9892,True
K00994,C0099,1,2024-01-04,0.8608,False
K00994,C0075,2,2024-01-04,0.4976,False
K00994,C0004,3,2024-01-04,0.0,False
K01493,C0009,1,2024-01-04,0.5136,False
K01493,C0090,2,2024-01-04,0.6321,True
K01493,C0025,3,2024-01-04,1.0,False
K01497,C0053,1,2024-01-04,0.5692,False
K01497,C0032,2,2024-01-04,0.093,False
K01497,C0064,3,2024-01-04,0.3645,False
K00732,C0040,1,2024-01-05,0.7159,False
K00732,C0025,2,2024-01-05,1.0,True
K00732,C0058,3,2024-01-05,1.0,False
K00967,C0034,1,2024-01-05,0.6887,False
K00967,C0072,2,2024-01-05,1.0,True
K00967,C0004,3,2024-01-05,0.0,False
K01049,C0087,1,2024-01-05,0.0267,False
K01049,C0099,2,2024-01-05,0.8608,True
K01049,C0109,3,2024-01-05,0.3287,False
K01063,C0108,1,2024-01-06,0.9628,True
K01063,C0117,2,2024-01-06,0.9361,False
K01063,C0029,3,2024-01-06,0.1875,False
K00921,C0092,1,2024-01-06,1.0,False
K00921,C0048,2,2024-01-06,0.4161,False
K00921,C0032,3,2024-01-06,0.093,False
K01406,C0054,1,2024-01-06,0.1312,False
K01406,C0024,2,2024-01-06,0.6241,True
K01406,C0097,3,2024-01-06,0.6906,False
K00810,C0085,1,2024-01-06,1.0,True
K00810,C0002,2,2024-01-06,0.7139,False
K00810,C0103,3,2024-01-06,1.0,False
K01444,C0103,1,2024-01-06,1.0,False
K01444,C0007,2,2024-01-06,0.3312,False
K01444,C0070,3,2024-01-06,0.8852,True
K01433,C0096,1,2024-01-06,0.7439,True
K01433,C0081,2,2024-01-06,0.6906,False
K01433,C0002,3,2024-01-06,0.7139,False
K00882,C0052,1,2024-01-07,0.5079,False
K00882,C0022,2,2024-01-07,0.3629,False
K00882,C0094,3,2024-01-07,1.0,True
K00675,C0009,1,2024-01-07,0.5136,True
K00675,C0025,2,2024-01-07,1.0,False
K00675,C0027,3,2024-01-07,0.1043,False
K00878,C0079,1,2024-01-07,0.328,False
K00878,C0111,2,2024-01-07,0.7518,True
K00878,C0045,3,2024-01-07,0.8669,False
K01233,C0054,1,2024-01-07,0.1312,False
K01233,C0049,2,2024-01-07,0.8849,False
K01233,C0072,3,2024-01-07,1.0,True
K00723,C0114,1,2024-01-08,1.0,True
K00723,C0031,2,2024-01-08,0.7895,False
K00723,C0054,3,2024-01-08,0.1312,False
K01299,C0058,1,2024-01-08,1.0,True
K01299,C0040,2,2024-01-08,0.7159,False
K01299,C0060,3,2024-01-08,0.3561,False
K01411,C0042,1,2024-01-09,0.387,False
K01411,C0119,2,2024-01-09,0.664,False
K01411,C0117,3,2024-01-09,0.9361,False
K00937,C0054,1,2024-01-09,0.1312,False
K00937,C0088,2,2024-01-09,1.0,True
K00937,C0071,3,2024-01-09,1.0,False
K01381,C0019,1,2024-01-10,1.0,True
K01381,C0032,2,2024-01-10,0.093,False
K01381,C0055,3,2024-01-10,0.4164,False
K00680,C0071,1,2024-01-10,1.0,False
K00680,C0088,2,2024-01-10,1.0,True
K00680,C0001,3,2024-01-10,0.6369,False
K00685,C0048,1,2024-01-10,0.4161,True
K00685,C0032,2,2024-01-10,0.093,False
K00685,C0055,3,2024-01-10,0.4164,False
K01206,C0055,1,2024-01-11,0.4164,False
K01206,C0119,2,2024-01-11,0.664,False
K01206,C0042,3,2024-01-11,0.387,True
K00905,C0107,1,2024-01-11,0.9289,False
K00905,C0063,2,2024-01-11,1.0,True
K00905,C0073,3,2024-01-11,1.0,False
K00971,C0119,1,2024-01-11,0.664,False
K00971,C0002,2,2024-01-11,0.7139,True
K00971,C0087,3,2024-01-11,0.0267,False
K01345,C0103,1,2024-01-11,1.0,False
K01345,C0007,2,2024-01-11,0.3312,False
K01345,C0112,3,2024-01-11,1.0,True
K01446,C0054,1,2024-01-11,0.1312,False
K01446,C0075,2,2024-01-11,0.4976,False
K01446,C0040,3,2024-01-11,0.7159,False
K00691,C0103,1,2024-01-12,1.0,True
K00691,C0028,2,2024-01-12,0.5745,False
K00691,C0110,3,2024-01-12,0.403,False
K00719,C0110,1,2024-01-12,0.403,False
K00719,C0108,2,2024-01-12,0.9628,False
K00719,C0117,3,2024-01-12,0.9361,False
K00945,C0055,1,2024-01-12,0.4164,False
K00945,C0108,2,2024-01-12,0.9628,True
K00945,C0092,3,2024-01-12,1.0,False
K01300,C0119,1,2024-01-12,0.664,False
K01300,C0087,2,2024-01-12,0.0267,False
K01300,C0017,3,2024-01-12,0.9423,True
K01339,C0004,1,2024-01-13,0.0,False
K01339,C0054,2,2024-01-13,0.1312,False
K01339,C0030,3,2024-01-13,1.0,False
K01376,C0052,1,2024-01-13,0.5079,False
K01376,C0022,2,2024-01-13,0.3629,False
K01376,C0034,3,2024-01-13,0.6887,False
K00888,C0006,1,2024-01-13,0.6721,False
K00888,C0082,2,2024-01-13,0.8074,False
K00888,C0063,3,2024-01-13,1.0,True
K00778,C0031,1,2024-01-13,0.7895,False
K00778,C0114,2,2024-01-13,1.0,False
K00778,C0033,3,2024-01-13,0.4177,False
K00861,C0091,1,2024-01-14,0.3306,False
K00861,C0081,2,2024-01-14,0.6906,False
K00861,C0119,3,2024-01-14,0.664,False
K01163,C0022,1,2024-01-14,0.3629,False
K01163,C0102,2,2024-01-14,0.664,False
K01163,C0053,3,2024-01-14,0.5692,False
K01384,C0117,1,2024-01-15,0.9361,True
K01384,C0119,2,2024-01-15,0.664,False
K01384,C0038,3,2024-01-15,0.7717,False
K01215,C0006,1,2024-01-15,0.6721,False
K01215,C0082,2,2024-01-15,0.8074,False
K01215,C0101,3,2024-01-15,0.5975,False
K01132,C0027,1,2024-01-15,0.1043,False
K01132,C0090,2,2024-01-15,0.6321,False
K01132,C0009,3,2024-01-15,0.5136,False
K00926,C0031,1,2024-01-15,0.7895,True
K00926,C0086,2,2024-01-15,0.4185,False
K00926,C0075,3,2024-01-15,0.4976,False
K01170,C0054,1,2024-01-16,0.1312,False
K01170,C0091,2,2024-01-16,0.3306,False
K01170,C0119,3,2024-01-16,0.664,False
K01357,C0054,1,2024-01-17,0.1312,False
K01357,C0020,2,2024-01-17,0.6867,False
K01357,C0071,3,2024-01-17,1.0,True
K01259,C0055,1,2024-01-17,0.4164,False
K01259,C0108,2,2024-01-17,0.9628,False
K01259,C0092,3,2024-01-17,1.0,True
K01459,C0034,1,2024-01-17,0.6887,False
K01459,C0035,2,2024-01-17,1.0,True
K01459,C0008,3,2024-01-17,0.6952,False
K00995,C0075,1,2024-01-17,0.4976,False
K00995,C0086,2,2024-01-17,0.4185,False
K00995,C0054,3,2024-01-17,0.1312,False
K01188,C0032,1,2024-01-17,0.093,False
K01188,C0055,2,2024-01-17,0.4164,False
K01188,C0034,3,2024-01-17,0.6887,False
K01307,C0052,1,2024-01-18,0.5079,False
K01307,C0022,2,2024-01-18,0.3629,False
K01307,C0094,3,2024-01-18,1.0,True
K01422,C0116,1,2024-01-18,1.0,True
K01422,C0087,2,2024-01-18,0.0267,False
K01422,C0065,3,2024-01-18,1.0,False
K00889,C0085,1,2024-01-18,1.0,True
K00889,C0002,2,2024-01-18,0.7139,False
K00889,C0110,3,2024-01-18,0.403,False
K01435,C0022,1,2024-01-18,0.3629,False
K01435,C0018,2,2024-01-18,0.5977,True
K01435,C0032,3,2024-01-18,0.093,False
K01469,C0004,1,2024-01-19,0.0,False
K01469,C0110,2,2024-01-19,0.403,False
K01469,C0095,3,2024-01-19,0.7468,False
K01011,C0109,1,2024-01-19,0.3287,False
K01011,C0119,2,2024-01-19,0.664,False
K01011,C0004,3,2024-01-19,0.0,False
K01150,C0055,1,2024-01-20,0.4164,False
K01150,C0007,2,2024-01-20,0.3312,False
K01150,C0108,3,2024-01-20,0.9628,True
K00725,C0053,1,2024-01-20,0.5692,True
K00725,C0032,2,2024-01-20,0.093,False
K00725,C0102,3,2024-01-20,0.664,False
K01142,C0055,1,2024-01-20,0.4164,False
K01142,C0007,2,2024-01-20,0.3312,False
K01142,C0092,3,2024-01-20,1.0,False
K00755,C0034,1,2024-01-20,0.6887,True
K00755,C0052,2,2024-01-20,0.5079,False
K00755,C0004,3,2024-01-20,0.0,False
K01398,C0095,1,2024-01-21,0.7468,True
K01398,C0102,2,2024-01-21,0.664,False
K01398,C0032,3,2024-01-21,0.093,False
K01310,C0073,1,2024-01-21,1.0,True
K01310,C0006,2,2024-01-21,0.6721,False
K01310,C0082,3,2024-01-21,0.8074,False
K01442,C0119,1,2024-01-21,0.664,False
K01442,C0114,2,2024-01-21,1.0,False
K01442,C0025,3,2024-01-21,1.0,False
K01432,C0028,1,2024-01-21,0.5745,False
K01432,C0030,2,2024-01-21,1.0,True
K01432,C0110,3,2024-01-21,0.403,False
K01066,C0104,1,2024-01-21,1.0,False
K01066,C0102,2,2024-01-21,0.664,False
K01066,C0032,3,2024-01-21,0.093,False
K01158,C0116,1,2024-01-21,1.0,False
K01158,C0017,2,2024-01-21,0.9423,True
K01158,C0119,3,2024-01-21,0.664,False
K01071,C0033,1,2024-01-21,0.4177,False
K01071,C0078,2,2024-01-21,0.3912,False
K01071,C0045,3,2024-01-21,0.8669,True
K00965,C0114,1,2024-01-21,1.0,True
K00965,C0007,2,2024-01-21,0.3312,False
K00965,C0059,3,2024-01-21,0.6396,False
K00814,C0104,1,2024-01-21,1.0,True
K00814,C0032,2,2024-01-21,0.093,False
K00814,C0064,3,2024-01-21,0.3645,False
K00892,C0054,1,2024-01-22,0.1312,False
K00892,C0097,2,2024-01-22,0.6906,False
K00892,C0006,3,2024-01-22,0.6721,False
K00907,C0114,1,2024-01-22,1.0,True
K00907,C0007,2,2024-01-22,0.3312,False
K00907,C0013,3,2024-01-22,0.6899,False
K01087,C0032,1,2024-01-22,0.093,False
K01087,C0055,2,2024-01-22,0.4164,True
K01087,C0048,3,2024-01-22,0.4161,False
K01162,C0110,1,2024-01-22,0.403,False
K01162,C0108,2,2024-01-22,0.9628,False
K01162,C0028,3,2024-01-22,0.5745,False
K00682,C0103,1,2024-01-22,1.0,False
K00682,C0007,2,2024-01-22,0.3312,False
K00682,C0013,3,2024-01-22,0.6899,False
K00981,C0077,1,2024-01-23,1.0,False
K00981,C0072,2,2024-01-23,1.0,True
K00981,C0016,3,2024-01-23,0.6837,False
K01501,C0087,1,2024-01-23,0.0267,False
K01501,C0004,2,2024-01-23,0.0,False
K01501,C0109,3,2024-01-23,0.3287,False
K01056,C0078,1,2024-01-23,0.3912,False
K01056,C0110,2,2024-01-23,0.403,False
K01056,C0033,3,2024-01-23,0.4177,False
K01035,C0034,1,2024-01-24,0.6887,False
K01035,C0072,2,2024-01-24,1.0,True
K01035,C0087,3,2024-01-24,0.0267,False
K00819,C0039,1,2024-01-24,1.0,True
K00819,C0094,2,2024-01-24,1.0,False
K00819,C0033,3,2024-01-24,0.4177,False
K00974,C0052,1,2024-01-24,0.5079,False
K00974,C0022,2,2024-01-24,0.3629,True
K00974,C0060,3,2024-01-24,0.3561,False
K01017,C0108,1,2024-01-24,0.9628,False
K01017,C0038,2,2024-01-24,0.7717,False
K01017,C0092,3,2024-01-24,1.0,True
K01164,C0110,1,2024-01-24,0.403,False
K01164,C0010,2,2024-01-24,0.7233,False
K01164,C0108,3,2024-01-24,0.9628,True
K00931,C0052,1,2024-01-25,0.5079,False
K00931,C0060,2,2024-01-25,0.3561,False
K00931,C0094,3,2024-01-25,1.0,True
K01184,C0034,1,2024-01-25,0.6887,False
K01184,C0072,2,2024-01-25,1.0,True
K01184,C0004,3,2024-01-25,0.0,False
K01414,C0031,1,2024-01-25,0.7895,False
K01414,C0114,2,2024-01-25,1.0,False
K01414,C0059,3,2024-01-25,0.6396,True
K00828,C0067,1,2024-01-26,1.0,True
K00828,C0089,2,2024-01-26,0.8805,False
K00828,C0034,3,2024-01-26,0.6887,False
K01391,C0032,1,2024-01-26,0.093,False
K01391,C0048,2,2024-01-26,0.4161,False
K01391,C0028,3,2024-01-26,0.5745,False
K00686,C0031,1,2024-01-26,0.7895,False
K00686,C0114,2,2024-01-26,1.0,False
K00686,C0078,3,2024-01-26,0.3912,False
K00883,C0054,1,2024-01-26,0.1312,False
K00883,C0005,2,2024-01-26,0.901,False
K00883,C0075,3,2024-01-26,0.4976,False
K01447,C0093,1,2024-01-27,0.6848,True
K01447,C0040,2,2024-01-27,0.7159,False
K01447,C0032,3,2024-01-27,0.093,False
K01439,C0004,1,2024-01-27,0.0,False
K01439,C0060,2,2024-01-27,0.3561,False
K01439,C0068,3,2024-01-27,0.8036,False
K01257,C0071,1,2024-01-27,1.0,False
K01257,C0006,2,2024-01-27,0.6721,True
K01257,C0001,3,2024-01-27,0.6369,False
K00771,C0110,1,2024-01-27,0.403,False
K00771,C0048,2,2024-01-27,0.4161,False
K00771,C0083,3,2024-01-27,0.5735,False
K00894,C0110,1,2024-02-01,0.403,True
K00894,C0081,2,2024-02-01,0.6906,False
K00894,C0087,3,2024-02-01,0.0267,False
K00876,C0006,1,2024-02-01,0.6721,True
K00876,C0082,2,2024-02-01,0.8074,False
K00876,C0101,3,2024-02-01,0.5975,False
K01370,C0052,1,2024-02-02,0.5079,False
K01370,C0060,2,2024-02-02,0.3561,False
K01370,C0094,3,2024-02-02,1.0,True
K01366,C0022,1,2024-02-02,0.3629,False
K01366,C0089,2,2024-02-02,0.8805,False
K01366,C0034,3,2024-02-02,0.6887,False
K01147,C0007,1,2024-02-02,0.3312,False
K01147,C0114,2,2024-02-02,1.0,True
K01147,C0081,3,2024-02-02,0.6906,False
K01120,C0004,1,2024-02-02,0.0,False
K01120,C0052,2,2024-02-02,0.5079,False
K01120,C0008,3,2024-02-02,0.6952,True
K01130,C0097,1,2024-02-03,0.6906,True
K01130,C0054,2,2024-02-03,0.1312,False
K01130,C0001,3,2024-02-03,0.6369,False
K00962,C0054,1,2024-02-03,0.1312,False
K00962,C0032,2,2024-02-03,0.093,False
K00962,C0055,3,2024-02-03,0.4164,False
K01265,C0058,1,2024-02-03,1.0,False
K01265,C0040,2,2024-02-03,0.7159,True
K01265,C0060,3,2024-02-03,0.3561,False
K01108,C0032,1,2024-02-03,0.093,True
K01108,C0111,2,2024-02-03,0.7518,False
K01108,C0018,3,2024-02-03,0.5977,False
K01292,C0054,1,2024-02-04,0.1312,False
K01292,C0087,2,2024-02-04,0.0267,False
K01292,C0004,3,2024-02-04,0.0,False
K01330,C0064,1,2024-02-05,0.3645,False
K01330,C0102,2,2024-02-05,0.664,True
K01330,C0032,3,2024-02-05,0.093,False
K01129,C0071,1,2024-02-05,1.0,True
K01129,C0001,2,2024-02-05,0.6369,False
K01129,C0088,3,2024-02-05,1.0,False
K01138,C0052,1,2024-02-05,0.5079,False
K01138,C0060,2,2024-02-05,0.3561,False
K01138,C0022,3,2024-02-05,0.3629,False
K01209,C0119,1,2024-02-06,0.664,True
K01209,C0090,2,2024-02-06,0.6321,False
K01209,C0038,3,2024-02-06,0.7717,False
K00847,C0090,1,2024-02-06,0.6321,False
K00847,C0111,2,2024-02-06,0.7518,True
K00847,C0104,3,2024-02-06,1.0,False
K00815,C0025,1,2024-02-07,1.0,False
K00815,C0058,2,2024-02-07,1.0,True
K00815,C0040,3,2024-02-07,0.7159,False
K01374,C0064,1,2024-02-07,0.3645,True
K01374,C0052,2,2024-02-07,0.5079,False
K01374,C0032,3,2024-02-07,0.093,False
K00721,C0112,1,2024-02-07,1.0,False
K00721,C0045,2,2024-02-07,0.8669,True
K00721,C0079,3,2024-02-07,0.328,False
K00940,C0054,1,2024-02-08,0.1312,False
K00940,C0012,2,2024-02-08,0.6089,True
K00940,C0036,3,2024-02-08,1.0,False
K01275,C0101,1,2024-02-09,0.5975,False
K01275,C0001,2,2024-02-09,0.6369,False
K01275,C0006,3,2024-02-09,0.6721,False
K00826,C0119,1,2024-02-09,0.664,False
K00826,C0042,2,2024-02-09,0.387,False
K00826,C0081,3,2024-02-09,0.6906,False
K00773,C0116,1,2024-02-09,1.0,False
K00773,C0013,2,2024-02-09,0.6899,False
K00773,C0066,3,2024-02-09,1.0,True
K01069,C0091,1,2024-02-09,0.3306,False
K01069,C0016,2,2024-02-09,0.6837,False
K01069,C0065,3,2024-02-09,1.0,False
K00656,C0109,1,2024-02-10,0.3287,False
K00656,C0075,2,2024-02-10,0.4976,False
K00656,C0087,3,2024-02-10,0.0267,False
K00715,C0052,1,2024-02-10,0.5079,True
K00715,C0022,2,2024-02-10,0.3629,False
K00715,C0060,3,2024-02-10,0.3561,False
K00748,C0090,1,2024-02-10,0.6321,False
K00748,C0009,2,2024-02-10,0.5136,False
K00748,C0025,3,2024-02-10,1.0,True
K00966,C0053,1,2024-02-10,0.5692,False
K00966,C0073,2,2024-02-10,1.0,False
K00966,C0093,3,2024-02-10,0.6848,False
K01331,C0039,1,2024-02-11,1.0,True
K01331,C0094,2,2024-02-11,1.0,False
K01331,C0033,3,2024-02-11,0.4177,False
K01173,C0101,1,2024-02-11,0.5975,False
K01173,C0006,2,2024-02-11,0.6721,True
K01173,C0012,3,2024-02-11,0.6089,False
K00807,C0101,1,2024-02-12,0.5975,False
K00807,C0001,2,2024-02-12,0.6369,False
K00807,C0006,3,2024-02-12,0.6721,True
K00955,C0034,1,2024-02-12,0.6887,False
K00955,C0004,2,2024-02-12,0.0,False
K00955,C0083,3,2024-02-12,0.5735,True
K01030,C0054,1,2024-02-12,0.1312,False
K01030,C0015,2,2024-02-12,1.0,False
K01030,C0068,3,2024-02-12,0.8036,True
K00871,C0001,1,2024-02-13,0.6369,False
K00871,C0028,2,2024-02-13,0.5745,False
K00871,C0103,3,2024-02-13,1.0,False
K00657,C0052,1,2024-02-13,0.5079,False
K00657,C0040,2,2024-02-13,0.7159,False
K00657,C0021,3,2024-02-13,0.7714,False
K00887,C0031,1,2024-02-13,0.7895,False
K00887,C0084,2,2024-02-13,0.9892,True
K00887,C0114,3,2024-02-13,1.0,False
K01076,C0086,1,2024-02-13,0.4185,False
K01076,C0015,2,2024-02-13,1.0,True
K01076,C0004,3,2024-02-13,0.0,False
K01102,C0081,1,2024-02-14,0.6906,False
K01102,C0101,2,2024-02-14,0.5975,False
K01102,C0033,3,2024-02-14,0.4177,False
K01020,C0081,1,2024-02-14,0.6906,False
K01020,C0013,2,2024-02-14,0.6899,False
K01020,C0077,3,2024-02-14,1.0,False
K01060,C0001,1,2024-02-15,0.6369,False
K01060,C0054,2,2024-02-15,0.1312,False
K01060,C0032,3,2024-02-15,0.093,False
K00954,C0013,1,2024-02-15,0.6899,True
K00954,C0078,2,2024-02-15,0.3912,False
K00954,C0096,3,2024-02-15,0.7439,False
K01436,C0091,1,2024-02-15,0.3306,False
K01436,C0054,2,2024-02-15,0.1312,False
K01436,C0034,3,2024-02-15,0.6887,False
K01263,C0054,1,2024-02-15,0.1312,False
K01263,C0097,2,2024-02-15,0.6906,True
K01263,C0101,3,2024-02-15,0.5975,False
K01189,C0054,1,2024-02-16,0.1312,False
K01189,C0075,2,2024-02-16,0.4976,True
K01189,C0004,3,2024-02-16,0.0,False
K00789,C0011,1,2024-02-16,0.5793,False
K00789,C0073,2,2024-02-16,1.0,False
K00789,C0107,3,2024-02-16,0.9289,True
K00757,C0033,1,2024-02-17,0.4177,False
K00757,C0081,2,2024-02-17,0.6906,True
K00757,C0096,3,2024-02-17,0.7439,False
K00925,C0103,1,2024-02-17,1.0,True
K00925,C0007,2,2024-02-17,0.3312,False
K00925,C0028,3,2024-02-17,0.5745,False
K00699,C0011,1,2024-02-18,0.5793,False
K00699,C0027,2,2024-02-18,0.1043,False
K00699,C0104,3,2024-02-18,1.0,True
K01458,C0025,1,2024-02-18,1.0,False
K01458,C0119,2,2024-02-18,0.664,False
K01458,C0114,3,2024-02-18,1.0,False
K01040,C0109,1,2024-02-19,0.3287,False
K01040,C0087,2,2024-02-19,0.0267,False
K01040,C0099,3,2024-02-19,0.8608,False
K01393,C0054,1,2024-02-19,0.1312,False
K01393,C0001,2,2024-02-19,0.6369,False
K01393,C0036,3,2024-02-19,1.0,False
K00868,C0034,1,2024-02-19,0.6887,True
K00868,C0091,2,2024-02-19,0.3306,False
K00868,C0019,3,2024-02-19,1.0,False
K01046,C0091,1,2024-02-19,0.3306,False
K01046,C0065,2,2024-02-19,1.0,True
K01046,C0054,3,2024-02-19,0.1312,False
K01248,C0004,1,2024-02-20,0.0,False
K01248,C0068,2,2024-02-20,0.8036,False
K01248,C0060,3,2024-02-20,0.3561,False
K01223,C0099,1,2024-02-20,0.8608,True
K01223,C0119,2,2024-02-20,0.664,False
K01223,C0066,3,2024-02-20,1.0,False
K01125,C0101,1,2024-02-21,0.5975,False
K01125,C0054,2,2024-02-21,0.1312,False
K01125,C0097,3,2024-02-21,0.6906,False
K00960,C0040,1,2024-02-22,0.7159,True
K00960,C0018,2,2024-02-22,0.5977,False
K00960,C0001,3,2024-02-22,0.6369,False
K01098,C0007,1,2024-02-22,0.3312,False
K01098,C0114,2,2024-02-22,1.0,True
K01098,C0033,3,2024-02-22,0.4177,False
K01117,C0090,1,2024-02-22,0.6321,False
K01117,C0055,2,2024-02-22,0.4164,False
K01117,C0009,3,2024-02-22,0.5136,False
K01224,C0027,1,2024-02-22,0.1043,False
K01224,C0090,2,2024-02-22,0.6321,False
K01224,C0009,3,2024-02-22,0.5136,False
K01289,C0106,1,2024-02-22,0.7671,False
K01289,C0004,2,2024-02-22,0.0,False
K01289,C0068,3,2024-02-22,0.8036,False
K00837,C0004,1,2024-02-23,0.0,False
K00837,C0019,2,2024-02-23,1.0,False
K00837,C0106,3,2024-02-23,0.7671,True
K01467,C0025,1,2024-02-24,1.0,False
K01467,C0060,2,2024-02-24,0.3561,False
K01467,C0058,3,2024-02-24,1.0,True
K01360,C0119,1,2024-02-24,0.664,False
K01360,C0025,2,2024-02-24,1.0,False
K01360,C0114,3,2024-02-24,1.0,True
K01241,C0045,1,2024-02-25,0.8669,True
K01241,C0112,2,2024-02-25,1.0,False
K01241,C0082,3,2024-02-25,0.8074,False
K00718,C0101,1,2024-02-25,0.5975,True
K00718,C0012,2,2024-02-25,0.6089,False
K00718,C0006,3,2024-02-25,0.6721,False
K01352,C0101,1,2024-02-25,0.5975,False
K01352,C0006,2,2024-02-25,0.6721,False
K01352,C0012,3,2024-02-25,0.6089,True
K01377,C0019,1,2024-02-25,1.0,True
K01377,C0033,2,2024-02-25,0.4177,False
K01377,C0073,3,2024-02-25,1.0,False
K01221,C0108,1,2024-02-25,0.9628,True
K01221,C0051,2,2024-02-25,0.6858,False
K01221,C0042,3,2024-02-25,0.387,False
K00963,C0028,1,2024-02-26,0.5745,True
K00963,C0001,2,2024-02-26,0.6369,False
K00963,C0070,3,2024-02-26,0.8852,False
K00992,C0004,1,2024-02-26,0.0,False
K00992,C0068,2,2024-02-26,0.8036,True
K00992,C0060,3,2024-02-26,0.3561,False
K00690,C0031,1,2024-02-27,0.7895,False
K00690,C0114,2,2024-02-27,1.0,False
K00690,C0084,3,2024-02-27,0.9892,True
K01012,C0001,1,2024-02-27,0.6369,False
K01012,C0048,2,2024-02-27,0.4161,False
K01012,C0070,3,2024-02-27,0.8852,True
K01293,C0009,1,2024-02-27,0.5136,False
K01293,C0090,2,2024-02-27,0.6321,False
K01293,C0027,3,2024-02-27,0.1043,False
K01427,C0001,1,2024-02-27,0.6369,False
K01427,C0011,2,2024-02-27,0.5793,False
K01427,C0082,3,2024-02-27,0.8074,False
K01219,C0087,1,2024-02-27,0.0267,False
K01219,C0091,2,2024-02-27,0.3306,False
K01219,C0002,3,2024-02-27,0.7139,False
K01417,C0001,1,2024-02-27,0.6369,False
K01417,C0101,2,2024-02-27,0.5975,False
K01417,C0071,3,2024-02-27,1.0,False
K00909,C0089,1,2024-02-27,0.8805,True
K00909,C0001,2,2024-02-27,0.6369,False
K00909,C0048,3,2024-02-27,0.4161,False
K00932,C0073,1,2024-03-01,1.0,True
K00932,C0053,2,2024-03-01,0.5692,False
K00932,C0011,3,2024-03-01,0.5793,False
K01193,C0111,1,2024-03-01,0.7518,False
K01193,C0079,2,2024-03-01,0.328,False
K01193,C0011,3,2024-03-01,0.5793,False
K01258,C0001,1,2024-03-01,0.6369,False
K01258,C0054,2,2024-03-01,0.1312,False
K01258,C0036,3,2024-03-01,1.0,False
K01256,C0007,1,2024-03-01,0.3312,False
K01256,C0114,2,2024-03-01,1.0,True
K01256,C0033,3,2024-03-01,0.4177,False
K00886,C0052,1,2024-03-02,0.5079,False
K00886,C0060,2,2024-03-02,0.3561,False
K00886,C0022,3,2024-03-02,0.3629,False
K00670,C0001,1,2024-03-02,0.6369,False
K00670,C0048,2,2024-03-02,0.4161,False
K00670,C0052,3,2024-03-02,0.5079,True
K01202,C0001,1,2024-03-02,0.6369,True
K01202,C0032,2,2024-03-02,0.093,False
K01202,C0113,3,2024-03-02,1.0,False
K00780,C0051,1,2024-03-03,0.6858,True
K00780,C0029,2,2024-03-03,0.1875,False
K00780,C0038,3,2024-03-03,0.7717,False
K00989,C0001,1,2024-03-03,0.6369,True
K00989,C0036,2,2024-03-03,1.0,False
K00989,C0020,3,2024-03-03,0.6867,False
K01388,C0094,1,2024-03-03,1.0,True
K01388,C0039,2,2024-03-03,1.0,False
K01388,C0033,3,2024-03-03,0.4177,False
K00901,C0039,1,2024-03-03,1.0,True
K00901,C0094,2,2024-03-03,1.0,False
K00901,C0033,3,2024-03-03,0.4177,False
K01277,C0042,1,2024-03-04,0.387,False
K01277,C0119,2,2024-03-04,0.664,False
K01277,C0091,3,2024-03-04,0.3306,False
K01355,C0004,1,2024-03-05,0.0,False
K01355,C0086,2,2024-03-05,0.4185,False
K01355,C0109,3,2024-03-05,0.3287,False
K01053,C0054,1,2024-03-05,0.1312,False
K01053,C0020,2,2024-03-05,0.6867,False
K01053,C0036,3,2024-03-05,1.0,True
K01402,C0119,1,2024-03-05,0.664,False
K01402,C0042,2,2024-03-05,0.387,False
K01402,C0090,3,2024-03-05,0.6321,False
K01001,C0079,1,2024-03-05,0.328,False
K01001,C0004,2,2024-03-05,0.0,False
K01001,C0112,3,2024-03-05,1.0,True
K01007,C0077,1,2024-03-06,1.0,True
K01007,C0013,2,2024-03-06,0.6899,False
K01007,C0081,3,2024-03-06,0.6906,False
K01474,C0022,1,2024-03-06,0.3629,False
K01474,C0113,2,2024-03-06,1.0,True
K01474,C0054,3,2024-03-06,0.1312,False
K01380,C0101,1,2024-03-07,0.5975,True
K01380,C0006,2,2024-03-07,0.6721,False
K01380,C0012,3,2024-03-07,0.6089,False
K01033,C0095,1,2024-03-07,0.7468,True
K01033,C0032,2,2024-03-07,0.093,False
K01033,C0001,3,2024-03-07,0.6369,False
K01101,C0091,1,2024-03-08,0.3306,False
K01101,C0080,2,2024-03-08,1.0,True
K01101,C0087,3,2024-03-08,0.0267,False
K01232,C0010,1,2024-03-08,0.7233,False
K01232,C0090,2,2024-03-08,0.6321,True
K01232,C0032,3,2024-03-08,0.093,False
K00704,C0033,1,2024-03-08,0.4177,False
K00704,C0007,2,2024-03-08,0.3312,False
K00704,C0081,3,2024-03-08,0.6906,False
K00674,C0010,1,2024-03-09,0.7233,True
K00674,C0110,2,2024-03-09,0.403,False
K00674,C0078,3,2024-03-09,0.3912,False
K01203,C0054,1,2024-03-09,0.1312,False
K01203,C0097,2,2024-03-09,0.6906,False
K01203,C0001,3,2024-03-09,0.6369,False
K00714,C0040,1,2024-03-09,0.7159,False
K00714,C0093,2,2024-03-09,0.6848,True
K00714,C0011,3,2024-03-09,0.5793,False
K01423,C0031,1,2024-03-09,0.7895,False
K01423,C0084,2,2024-03-09,0.9892,False
K01423,C0056,3,2024-03-09,0.2414,False
K01431,C0060,1,2024-03-09,0.3561,False
K01431,C0052,2,2024-03-09,0.5079,False
K01431,C0022,3,2024-03-09,0.3629,False
K01000,C0101,1,2024-03-10,0.5975,True
K01000,C0012,2,2024-03-10,0.6089,False
K01000,C0006,3,2024-03-10,0.6721,False
K00869,C0004,1,2024-03-10,0.0,False
K00869,C0030,2,2024-03-10,1.0,True
K00869,C0052,3,2024-03-10,0.5079,False
K01045,C0034,1,2024-03-11,0.6887,True
K01045,C0072,2,2024-03-11,1.0,False
K01045,C0091,3,2024-03-11,0.3306,False
K01368,C0033,1,2024-03-11,0.4177,False
K01368,C0094,2,2024-03-11,1.0,True
K01368,C0039,3,2024-03-11,1.0,False
K01237,C0088,1,2024-03-11,1.0,True
K01237,C0001,2,2024-03-11,0.6369,False
K01237,C0101,3,2024-03-11,0.5975,False
K01037,C0007,1,2024-03-11,0.3312,False
K01037,C0103,2,2024-03-11,1.0,True
K01037,C0078,3,2024-03-11,0.3912,False
K00667,C0079,1,2024-03-11,0.328,False
K00667,C0024,2,2024-03-11,0.6241,False
K00667,C0112,3,2024-03-11,1.0,False
K01230,C0007,1,2024-03-12,0.3312,False
K01230,C0103,2,2024-03-12,1.0,False
K01230,C0120,3,2024-03-12,0.7011,False
K00920,C0031,1,2024-03-13,0.7895,True
K00920,C0084,2,2024-03-13,0.9892,False
K00920,C0114,3,2024-03-13,1.0,False
K00805,C0072,1,2024-03-13,1.0,True
K00805,C0087,2,2024-03-13,0.0267,False
K00805,C0091,3,2024-03-13,0.3306,False
K01054,C0007,1,2024-03-14,0.3312,False
K01054,C0114,2,2024-03-14,1.0,False
K01054,C0082,3,2024-03-14,0.8074,True
K00791,C0055,1,2024-03-14,0.4164,False
K00791,C0032,2,2024-03-14,0.093,False
K00791,C0007,3,2024-03-14,0.3312,False
K01375,C0109,1,2024-03-14,0.3287,False
K01375,C0066,2,2024-03-14,1.0,True
K01375,C0075,3,2024-03-14,0.4976,False
K00991,C0116,1,2024-03-14,1.0,True
K00991,C0016,2,2024-03-14,0.6837,False
K00991,C0011,3,2024-03-14,0.5793,False
K01161,C0032,1,2024-03-14,0.093,False
K01161,C0001,2,2024-03-14,0.6369,False
K01161,C0095,3,2024-03-14,0.7468,False
K00812,C0078,1,2024-03-14,0.3912,False
K00812,C0033,2,2024-03-14,0.4177,False
K00812,C0096,3,2024-03-14,0.7439,False
K01465,C0052,1,2024-03-15,0.5079,False
K01465,C0022,2,2024-03-15,0.3629,False
K01465,C0060,3,2024-03-15,0.3561,False
K01492,C0087,1,2024-03-15,0.0267,False
K01492,C0119,2,2024-03-15,0.664,False
K01492,C0066,3,2024-03-15,1.0,True
K00742,C0032,1,2024-03-16,0.093,False
K00742,C0048,2,2024-03-16,0.4161,False
K00742,C0110,3,2024-03-16,0.403,False
K01481,C0078,1,2024-03-17,0.3912,False
K01481,C0026,2,2024-03-17,0.5904,False
K01481,C0033,3,2024-03-17,0.4177,False
K01176,C0004,1,2024-03-18,0.0,False
K01176,C0054,2,2024-03-18,0.1312,False
K01176,C0005,3,2024-03-18,0.901,True
K00729,C0007,1,2024-03-19,0.3312,False
K00729,C0056,2,2024-03-19,0.2414,False
K00729,C0114,3,2024-03-19,1.0,False
K00863,C0084,1,2024-03-19,0.9892,True
K00863,C0031,2,2024-03-19,0.7895,False
K00863,C0114,3,2024-03-19,1.0,False
K01083,C0084,1,2024-03-19,0.9892,True
K01083,C0031,2,2024-03-19,0.7895,False
K01083,C0114,3,2024-03-19,1.0,False
K01154,C0011,1,2024-03-19,0.5793,False
K01154,C0027,2,2024-03-19,0.1043,False
K01154,C0082,3,2024-03-19,0.8074,False
K00979,C0056,1,2024-03-20,0.2414,False
K00979,C0033,2,2024-03-20,0.4177,False
K00979,C0078,3,2024-03-20,0.3912,False
K01358,C0039,1,2024-03-20,1.0,True
K01358,C0004,2,2024-03-20,0.0,False
K01358,C0094,3,2024-03-20,1.0,False
K01047,C0032,1,2024-03-21,0.093,False
K01047,C0001,2,2024-03-21,0.6369,False
K01047,C0095,3,2024-03-21,0.7468,False
K01424,C0002,1,2024-03-21,0.7139,False
K01424,C0081,2,2024-03-21,0.6906,False
K01424,C0116,3,2024-03-21,1.0,True
K00827,C0116,1,2024-03-21,1.0,True
K00827,C0091,2,2024-03-21,0.3306,False
K00827,C0048,3,2024-03-21,0.4161,False
K00777,C0116,1,2024-03-22,1.0,False
K00777,C0016,2,2024-03-22,0.6837,False
K00777,C0110,3,2024-03-22,0.403,False
K01139,C0027,1,2024-03-23,0.1043,False
K01139,C0025,2,2024-03-23,1.0,True
K01139,C0090,3,2024-03-23,0.6321,False
K00975,C0007,1,2024-03-24,0.3312,False
K00975,C0055,2,2024-03-24,0.4164,False
K00975,C0092,3,2024-03-24,1.0,True
K01250,C0054,1,2024-03-24,0.1312,False
K01250,C0024,2,2024-03-24,0.6241,False
K01250,C0106,3,2024-03-24,0.7671,True
K00938,C0039,1,2024-03-24,1.0,True
K00938,C0120,2,2024-03-24,0.7011,False
K00938,C0002,3,2024-03-24,0.7139,False
K01218,C0112,1,2024-03-24,1.0,True
K01218,C0045,2,2024-03-24,0.8669,False
K01218,C0033,3,2024-03-24,0.4177,False
K01304,C0002,1,2024-03-24,0.7139,False
K01304,C0080,2,2024-03-24,1.0,False
K01304,C0091,3,2024-03-24,0.3306,False
K00986,C0120,1,2024-03-25,0.7011,False
K00986,C0039,2,2024-03-25,1.0,False
K00986,C0002,3,2024-03-25,0.7139,True
K01092,C0022,1,2024-03-25,0.3629,False
K01092,C0027,2,2024-03-25,0.1043,False
K01092,C0053,3,2024-03-25,0.5692,False
K00785,C0054,1,2024-03-25,0.1312,False
K00785,C0027,2,2024-03-25,0.1043,False
K00785,C0029,3,2024-03-25,0.1875,False
K00969,C0078,1,2024-03-26,0.3912,False
K00969,C0096,2,2024-03-26,0.7439,False
K00969,C0073,3,2024-03-26,1.0,False
K01372,C0027,1,2024-03-27,0.1043,False
K01372,C0090,2,2024-03-27,0.6321,False
K01372,C0009,3,2024-03-27,0.5136,False
K00918,C0032,1,2024-03-27,0.093,False
K00918,C0001,2,2024-03-27,0.6369,False
K00918,C0095,3,2024-03-27,0.7468,False
K01234,C0078,1,2024-03-27,0.3912,False
K01234,C0120,2,2024-03-27,0.7011,True
K01234,C0026,3,2024-03-27,0.5904,False
K01121,C0048,1,2024-03-27,0.4161,False
K01121,C0110,2,2024-03-27,0.403,False
K01121,C0028,3,2024-03-27,0.5745,False
K01262,C0051,1,2024-04-01,0.6858,False
K01262,C0029,2,2024-04-01,0.1875,False
K01262,C0119,3,2024-04-01,0.664,True
K01361,C0073,1,2024-04-02,1.0,True
K01361,C0107,2,2024-04-02,0.9289,False
K01361,C0006,3,2024-04-02,0.6721,False
K01298,C0082,1,2024-04-02,0.8074,False
K01298,C0101,2,2024-04-02,0.5975,False
K01298,C0006,3,2024-04-02,0.6721,False
K00792,C0067,1,2024-04-03,1.0,True
K00792,C0029,2,2024-04-03,0.1875,False
K00792,C0051,3,2024-04-03,0.6858,False
K01148,C0052,1,2024-04-03,0.5079,False
K01148,C0022,2,2024-04-03,0.3629,False
K01148,C0060,3,2024-04-03,0.3561,False
K00658,C0072,1,2024-04-04,1.0,False
K00658,C0048,2,2024-04-04,0.4161,True
K00658,C0054,3,2024-04-04,0.1312,False
K01351,C0090,1,2024-04-04,0.6321,False
K01351,C0060,2,2024-04-04,0.3561,False
K01351,C0009,3,2024-04-04,0.5136,False
K01050,C0054,1,2024-04-04,0.1312,False
K01050,C0109,2,2024-04-04,0.3287,False
K01050,C0075,3,2024-04-04,0.4976,False
K00959,C0110,1,2024-04-05,0.403,False
K00959,C0054,2,2024-04-05,0.1312,False
K00959,C0036,3,2024-04-05,1.0,True
K00872,C0027,1,2024-04-05,0.1043,False
K00872,C0090,2,2024-04-05,0.6321,False
K00872,C0009,3,2024-04-05,0.5136,False
K00790,C0033,1,2024-04-06,0.4177,False
K00790,C0096,2,2024-04-06,0.7439,True
K00790,C0078,3,2024-04-06,0.3912,False
K01338,C0073,1,2024-04-07,1.0,False
K01338,C0107,2,2024-04-07,0.9289,False
K01338,C0006,3,2024-04-07,0.6721,False
K01311,C0054,1,2024-04-07,0.1312,False
K01311,C0049,2,2024-04-07,0.8849,False
K01311,C0072,3,2024-04-07,1.0,True
K01195,C0088,1,2024-04-07,1.0,True
K01195,C0054,2,2024-04-07,0.1312,False
K01195,C0022,3,2024-04-07,0.3629,False
K01315,C0027,1,2024-04-07,0.1043,False
K01315,C0053,2,2024-04-07,0.5692,True
K01315,C0032,3,2024-04-07,0.093,False
K01347,C0051,1,2024-04-08,0.6858,False
K01347,C0027,2,2024-04-08,0.1043,False
K01347,C0055,3,2024-04-08,0.4164,False
K01389,C0004,1,2024-04-09,0.0,False
K01389,C0068,2,2024-04-09,0.8036,True
K01389,C0060,3,2024-04-09,0.3561,False
K01135,C0006,1,2024-04-09,0.6721,False
K01135,C0107,2,2024-04-09,0.9289,False
K01135,C0063,3,2024-04-09,1.0,False
K01284,C0110,1,2024-04-10,0.403,False
K01284,C0010,2,2024-04-10,0.7233,False
K01284,C0048,3,2024-04-10,0.4161,False
K00999,C0054,1,2024-04-11,0.1312,False
K00999,C0024,2,2024-04-11,0.6241,False
K00999,C0006,3,2024-04-11,0.6721,False
K00701,C0052,1,2024-04-11,0.5079,False
K00701,C0035,2,2024-04-11,1.0,True
K00701,C0004,3,2024-04-11,0.0,False
K00982,C0081,1,2024-04-11,0.6906,True
K00982,C0002,2,2024-04-11,0.7139,False
K00982,C0013,3,2024-04-11,0.6899,False
K00813,C0027,1,2024-04-12,0.1043,False
K00813,C0053,2,2024-04-12,0.5692,False
K00813,C0018,3,2024-04-12,0.5977,False
K01062,C0110,1,2024-04-12,0.403,False
K01062,C0010,2,2024-04-12,0.7233,False
K01062,C0048,3,2024-04-12,0.4161,False
K00774,C0031,1,2024-04-12,0.7895,False
K00774,C0114,2,2024-04-12,1.0,True
K00774,C0084,3,2024-04-12,0.9892,False
K00738,C0052,1,2024-04-12,0.5079,False
K00738,C0006,2,2024-04-12,0.6721,False
K00738,C0018,3,2024-04-12,0.5977,False
K01296,C0016,1,2024-04-13,0.6837,False
K01296,C0083,2,2024-04-13,0.5735,False
K01296,C0031,3,2024-04-13,0.7895,True
K01104,C0033,1,2024-04-13,0.4177,False
K01104,C0078,2,2024-04-13,0.3912,False
K01104,C0006,3,2024-04-13,0.6721,False
K01344,C0006,1,2024-04-14,0.6721,False
K01344,C0018,2,2024-04-14,0.5977,False
K01344,C0090,3,2024-04-14,0.6321,True
K01333,C0027,1,2024-04-14,0.1043,False
K01333,C0025,2,2024-04-14,1.0,False
K01333,C0009,3,2024-04-14,0.5136,False
K00957,C0094,1,2024-04-14,1.0,True
K00957,C0039,2,2024-04-14,1.0,False
K00957,C0033,3,2024-04-14,0.4177,False
K01496,C0054,1,2024-04-14,0.1312,False
K01496,C0049,2,2024-04-14,0.8849,False
K01496,C0022,3,2024-04-14,0.3629,False
K00784,C0027,1,2024-04-14,0.1043,False
K00784,C0009,2,2024-04-14,0.5136,False
K00784,C0025,3,2024-04-14,1.0,True
K01383,C0004,1,2024-04-15,0.0,False
K01383,C0030,2,2024-04-15,1.0,True
K01383,C0052,3,2024-04-15,0.5079,False
K00752,C0083,1,2024-04-16,0.5735,False
K00752,C0091,2,2024-04-16,0.3306,True
K00752,C0016,3,2024-04-16,0.6837,False
K01282,C0024,1,2024-04-16,0.6241,False
K01282,C0054,2,2024-04-16,0.1312,False
K01282,C0079,3,2024-04-16,0.328,False
K01336,C0001,1,2024-04-16,0.6369,False
K01336,C0006,2,2024-04-16,0.6721,False
K01336,C0110,3,2024-04-16,0.403,False
K00696,C0032,1,2024-04-16,0.093,False
K00696,C0095,2,2024-04-16,0.7468,True
K00696,C0001,3,2024-04-16,0.6369,False
K01074,C0009,1,2024-04-16,0.5136,False
K01074,C0102,2,2024-04-16,0.664,True
K01074,C0053,3,2024-04-16,0.5692,False
K00900,C0006,1,2024-04-17,0.6721,False
K00900,C0101,2,2024-04-17,0.5975,False
K00900,C0012,3,2024-04-17,0.6089,False
K00728,C0029,1,2024-04-18,0.1875,False
K00728,C0042,2,2024-04-18,0.387,False
K00728,C0038,3,2024-04-18,0.7717,False
K01334,C0054,1,2024-04-18,0.1312,False
K01334,C0016,2,2024-04-18,0.6837,False
K01334,C0013,3,2024-04-18,0.6899,False
K00806,C0054,1,2024-04-19,0.1312,False
K00806,C0049,2,2024-04-19,0.8849,True
K00806,C0022,3,2024-04-19,0.3629,False
K00856,C0034,1,2024-04-19,0.6887,False
K00856,C0072,2,2024-04-19,1.0,True
K00856,C0110,3,2024-04-19,0.403,False
K01152,C0075,1,2024-04-19,0.4976,True
K01152,C0054,2,2024-04-19,0.1312,False
K01152,C0087,3,2024-04-19,0.0267,False
K01441,C0054,1,2024-04-20,0.1312,False
K01441,C0032,2,2024-04-20,0.093,False
K01441,C0007,3,2024-04-20,0.3312,False
K00976,C0034,1,2024-04-20,0.6887,False
K00976,C0072,2,2024-04-20,1.0,False
K00976,C0004,3,2024-04-20,0.0,False
K01067,C0013,1,2024-04-21,0.6899,False
K01067,C0056,2,2024-04-21,0.2414,False
K01067,C0078,3,2024-04-21,0.3912,False
K00776,C0060,1,2024-04-21,0.3561,False
K00776,C0052,2,2024-04-21,0.5079,True
K00776,C0022,3,2024-04-21,0.3629,False
K01365,C0032,1,2024-04-21,0.093,False
K01365,C0110,2,2024-04-21,0.403,False
K01365,C0055,3,2024-04-21,0.4164,False
K01022,C0052,1,2024-04-21,0.5079,False
K01022,C0060,2,2024-04-21,0.3561,False
K01022,C0022,3,2024-04-21,0.3629,False
K01097,C0054,1,2024-04-22,0.1312,False
K01097,C0075,2,2024-04-22,0.4976,False
K01097,C0086,3,2024-04-22,0.4185,False
K01201,C0004,1,2024-04-22,0.0,False
K01201,C0060,2,2024-04-22,0.3561,False
K01201,C0008,3,2024-04-22,0.6952,False
K00793,C0002,1,2024-04-22,0.7139,True
K00793,C0081,2,2024-04-22,0.6906,False
K00793,C0013,3,2024-04-22,0.6899,False
K01082,C0004,1,2024-04-23,0.0,False
K01082,C0060,2,2024-04-23,0.3561,False
K01082,C0068,3,2024-04-23,0.8036,False
K01119,C0004,1,2024-04-23,0.0,False
K01119,C0060,2,2024-04-23,0.3561,False
K01119,C0048,3,2024-04-23,0.4161,False
K01041,C0110,1,2024-04-23,0.403,False
K01041,C0032,2,2024-04-23,0.093,False
K01041,C0048,3,2024-04-23,0.4161,False
K01044,C0009,1,2024-04-24,0.5136,True
K01044,C0113,2,2024-04-24,1.0,False
K01044,C0018,3,2024-04-24,0.5977,False
K01236,C0054,1,2024-04-24,0.1312,False
K01236,C0109,2,2024-04-24,0.3287,False
K01236,C0087,3,2024-04-24,0.0267,False
K01295,C0006,1,2024-04-24,0.6721,False
K01295,C0116,2,2024-04-24,1.0,True
K01295,C0107,3,2024-04-24,0.9289,False
K01272,C0006,1,2024-04-24,0.6721,True
K01272,C0012,2,2024-04-24,0.6089,False
K01272,C0101,3,2024-04-24,0.5975,False
K00829,C0086,1,2024-04-24,0.4185,False
K00829,C0004,2,2024-04-24,0.0,False
K00829,C0017,3,2024-04-24,0.9423,True
K01027,C0013,1,2024-04-25,0.6899,True
K01027,C0002,2,2024-04-25,0.7139,False
K01027,C0077,3,2024-04-25,1.0,False
K00849,C0006,1,2024-04-25,0.6721,False
K00849,C0012,2,2024-04-25,0.6089,False
K00849,C0101,3,2024-04-25,0.5975,False
K01114,C0042,1,2024-04-25,0.387,False
K01114,C0119,2,2024-04-25,0.664,True
K01114,C0029,3,2024-04-25,0.1875,False
K01273,C0033,1,2024-04-26,0.4177,False
K01273,C0056,2,2024-04-26,0.2414,False
K01273,C0096,3,2024-04-26,0.7439,False
K01308,C0081,1,2024-04-26,0.6906,False
K01308,C0002,2,2024-04-26,0.7139,False
K01308,C0013,3,2024-04-26,0.6899,False
K01359,C0031,1,2024-04-26,0.7895,True
K01359,C0084,2,2024-04-26,0.9892,False
K01359,C0114,3,2024-04-26,1.0,False
K00985,C0048,1,2024-04-26,0.4161,True
K00985,C0110,2,2024-04-26,0.403,False
K00985,C0032,3,2024-04-26,0.093,False
K00984,C0060,1,2024-04-26,0.3561,False
K00984,C0040,2,2024-04-26,0.7159,True
K00984,C0025,3,2024-04-26,1.0,False
K01454,C0073,1,2024-04-26,1.0,False
K01454,C0006,2,2024-04-26,0.6721,False
K01454,C0107,3,2024-04-26,0.9289,False
K00684,C0087,1,2024-04-27,0.0267,False
K00684,C0066,2,2024-04-27,1.0,False
K00684,C0099,3,2024-04-27,0.8608,True
K00713,C0006,1,2024-05-01,0.6721,False
K00713,C0082,2,2024-05-01,0.8074,False
K00713,C0063,3,2024-05-01,1.0,True
K01118,C0116,1,2024-05-01,1.0,True
K01118,C0110,2,2024-05-01,0.403,False
K01118,C0087,3,2024-05-01,0.0267,False
K01008,C0033,1,2024-05-01,0.4177,False
K01008,C0054,2,2024-05-01,0.1312,False
K01008,C0078,3,2024-05-01,0.3912,False
K01460,C0027,1,2024-05-01,0.1043,False
K01460,C0090,2,2024-05-01,0.6321,False
K01460,C0009,3,2024-05-01,0.5136,False
K00717,C0033,1,2024-05-01,0.4177,False
K00717,C0056,2,2024-05-01,0.2414,False
K00717,C0096,3,2024-05-01,0.7439,False
K01032,C0007,1,2024-05-01,0.3312,False
K01032,C0114,2,2024-05-01,1.0,True
K01032,C0078,3,2024-05-01,0.3912,False
K01405,C0060,1,2024-05-01,0.3561,False
K01405,C0025,2,2024-05-01,1.0,False
K01405,C0058,3,2024-05-01,1.0,True
K00811,C0054,1,2024-05-02,0.1312,False
K00811,C0020,2,2024-05-02,0.6867,False
K00811,C0012,3,2024-05-02,0.6089,False
K00662,C0039,1,2024-05-02,1.0,False
K00662,C0094,2,2024-05-02,1.0,False
K00662,C0006,3,2024-05-02,0.6721,True
K01286,C0032,1,2024-05-03,0.093,False
K01286,C0001,2,2024-05-03,0.6369,False
K01286,C0095,3,2024-05-03,0.7468,False
K01159,C0110,1,2024-05-03,0.403,False
K01159,C0008,2,2024-05-03,0.6952,True
K01159,C0019,3,2024-05-03,1.0,False
K00935,C0083,1,2024-05-03,0.5735,True
K00935,C0054,2,2024-05-03,0.1312,False
K00935,C0016,3,2024-05-03,0.6837,False
K01392,C0034,1,2024-05-04,0.6887,False
K01392,C0072,2,2024-05-04,1.0,True
K01392,C0110,3,2024-05-04,0.403,False
K00862,C0084,1,2024-05-04,0.9892,False
K00862,C0031,2,2024-05-04,0.7895,False
K00862,C0114,3,2024-05-04,1.0,False
K01018,C0022,1,2024-05-04,0.3629,False
K01018,C0027,2,2024-05-04,0.1043,False
K01018,C0113,3,2024-05-04,1.0,True
K01023,C0033,1,2024-05-05,0.4177,False
K01023,C0078,2,2024-05-05,0.3912,False
K01023,C0045,3,2024-05-05,0.8669,True
K01371,C0067,1,2024-05-06,1.0,False
K01371,C0060,2,2024-05-06,0.3561,False
K01371,C0019,3,2024-05-06,1.0,True
K01110,C0084,1,2024-05-06,0.9892,False
K01110,C0031,2,2024-05-06,0.7895,False
K01110,C0114,3,2024-05-06,1.0,False
K00858,C0031,1,2024-05-06,0.7895,False
K00858,C0084,2,2024-05-06,0.9892,False
K00858,C0059,3,2024-05-06,0.6396,False
K00733,C0094,1,2024-05-06,1.0,True
K00733,C0039,2,2024-05-06,1.0,False
K00733,C0056,3,2024-05-06,0.2414,False
K00908,C0042,1,2024-05-07,0.387,False
K00908,C0110,2,2024-05-07,0.403,True
K00908,C0087,3,2024-05-07,0.0267,False
K00712,C0009,1,2024-05-07,0.5136,False
K00712,C0027,2,2024-05-07,0.1043,False
K00712,C0090,3,2024-05-07,0.6321,False
K01353,C0027,1,2024-05-08,0.1043,False
K01353,C0090,2,2024-05-08,0.6321,False
K01353,C0009,3,2024-05-08,0.5136,True
K00659,C0042,1,2024-05-08,0.387,False
K00659,C0119,2,2024-05-08,0.664,True
K00659,C0016,3,2024-05-08,0.6837,False
K01367,C0093,1,2024-05-09,0.6848,False
K01367,C0052,2,2024-05-09,0.5079,False
K01367,C0027,3,2024-05-09,0.1043,False
K01270,C0054,1,2024-05-09,0.1312,False
K01270,C0097,2,2024-05-09,0.6906,False
K01270,C0024,3,2024-05-09,0.6241,True
K01426,C0060,1,2024-05-09,0.3561,False
K01426,C0111,2,2024-05-09,0.7518,False
K01426,C0043,3,2024-05-09,0.3035,True
K01480,C0007,1,2024-05-10,0.3312,False
K01480,C0059,2,2024-05-10,0.6396,False
K01480,C0027,3,2024-05-10,0.1043,False
K00864,C0107,1,2024-05-10,0.9289,False
K00864,C0073,2,2024-05-10,1.0,True
K00864,C0006,3,2024-05-10,0.6721,False
K00950,C0082,1,2024-05-10,0.8074,False
K00950,C0107,2,2024-05-10,0.9289,False
K00950,C0006,3,2024-05-10,0.6721,False
K00743,C0114,1,2024-05-10,1.0,True
K00743,C0084,2,2024-05-10,0.9892,False
K00743,C0085,3,2024-05-10,1.0,False
K01080,C0050,1,2024-05-11,1.0,False
K01080,C0001,2,2024-05-11,0.6369,False
K01080,C0032,3,2024-05-11,0.093,False
K00875,C0002,1,2024-05-11,0.7139,False
K00875,C0081,2,2024-05-11,0.6906,False
K00875,C0013,3,2024-05-11,0.6899,True
K01038,C0007,1,2024-05-11,0.3312,False
K01038,C0085,2,2024-05-11,1.0,True
K01038,C0033,3,2024-05-11,0.4177,False
K00978,C0039,1,2024-05-11,1.0,True
K00978,C0094,2,2024-05-11,1.0,False
K00978,C0033,3,2024-05-11,0.4177,False
K01266,C0042,1,2024-05-11,0.387,False
K01266,C0119,2,2024-05-11,0.664,True
K01266,C0038,3,2024-05-11,0.7717,False
K01005,C0060,1,2024-05-11,0.3561,False
K01005,C0025,2,2024-05-11,1.0,True
K01005,C0058,3,2024-05-11,1.0,False
K01168,C0071,1,2024-05-12,1.0,True
K01168,C0001,2,2024-05-12,0.6369,False
K01168,C0006,3,2024-05-12,0.6721,False
K00873,C0088,1,2024-05-12,1.0,False
K00873,C0001,2,2024-05-12,0.6369,False
K00873,C0006,3,2024-05-12,0.6721,False
K00707,C0031,1,2024-05-12,0.7895,True
K00707,C0084,2,2024-05-12,0.9892,False
K00707,C0033,3,2024-05-12,0.4177,False
K01048,C0094,1,2024-05-12,1.0,True
K01048,C0004,2,2024-05-12,0.0,False
K01048,C0022,3,2024-05-12,0.3629,False
K01208,C0018,1,2024-05-12,0.5977,False
K01208,C0113,2,2024-05-12,1.0,True
K01208,C0053,3,2024-05-12,0.5692,False
K00681,C0004,1,2024-05-12,0.0,False
K00681,C0079,2,2024-05-12,0.328,False
K00681,C0111,3,2024-05-12,0.7518,True
K01068,C0088,1,2024-05-13,1.0,False
K01068,C0001,2,2024-05-13,0.6369,False
K01068,C0006,3,2024-05-13,0.6721,False
K01105,C0055,1,2024-05-13,0.4164,False
K01105,C0108,2,2024-05-13,0.9628,False
K01105,C0017,3,2024-05-13,0.9423,True
K01144,C0050,1,2024-05-13,1.0,False
K01144,C0032,2,2024-05-13,0.093,False
K01144,C0001,3,2024-05-13,0.6369,False
K00948,C0056,1,2024-05-13,0.2414,False
K00948,C0059,2,2024-05-13,0.6396,False
K00948,C0033,3,2024-05-13,0.4177,False
K01504,C0103,1,2024-05-14,1.0,True
K01504,C0007,2,2024-05-14,0.3312,False
K01504,C0059,3,2024-05-14,0.6396,False
K01155,C0081,1,2024-05-14,0.6906,False
K01155,C0002,2,2024-05-14,0.7139,True
K01155,C0077,3,2024-05-14,1.0,False
K00709,C0107,1,2024-05-14,0.9289,False
K00709,C0082,2,2024-05-14,0.8074,False
K00709,C0006,3,2024-05-14,0.6721,True
K01462,C0060,1,2024-05-15,0.3561,False
K01462,C0040,2,2024-05-15,0.7159,False
K01462,C0025,3,2024-05-15,1.0,True
K01034,C0022,1,2024-05-15,0.3629,False
K01034,C0054,2,2024-05-15,0.1312,False
K01034,C0049,3,2024-05-15,0.8849,False
K01002,C0082,1,2024-05-15,0.8074,False
K01002,C0107,2,2024-05-15,0.9289,False
K01002,C0006,3,2024-05-15,0.6721,False
K00843,C0082,1,2024-05-15,0.8074,False
K00843,C0107,2,2024-05-15,0.9289,True
K00843,C0006,3,2024-05-15,0.6721,False
K00998,C0018,1,2024-05-16,0.5977,False
K00998,C0022,2,2024-05-16,0.3629,False
K00998,C0027,3,2024-05-16,0.1043,False
K01340,C0027,1,2024-05-16,0.1043,False
K01340,C0050,2,2024-05-16,1.0,False
K01340,C0022,3,2024-05-16,0.3629,False
K01183,C0025,1,2024-05-16,1.0,False
K01183,C0119,2,2024-05-16,0.664,False
K01183,C0007,3,2024-05-16,0.3312,False
K01309,C0034,1,2024-05-16,0.6887,False
K01309,C0072,2,2024-05-16,1.0,True
K01309,C0022,3,2024-05-16,0.3629,False
K01009,C0106,1,2024-05-16,0.7671,False
K01009,C0004,2,2024-05-16,0.0,False
K01009,C0060,3,2024-05-16,0.3561,False
K00741,C0082,1,2024-05-17,0.8074,False
K00741,C0101,2,2024-05-17,0.5975,False
K00741,C0107,3,2024-05-17,0.9289,False
K00766,C0087,1,2024-05-17,0.0267,False
K00766,C0016,2,2024-05-17,0.6837,True
K00766,C0042,3,2024-05-17,0.387,False
K00880,C0050,1,2024-05-18,1.0,True
K00880,C0060,2,2024-05-18,0.3561,False
K00880,C0055,3,2024-05-18,0.4164,False
K01463,C0042,1,2024-05-18,0.387,False
K01463,C0080,2,2024-05-18,1.0,True
K01463,C0043,3,2024-05-18,0.3035,False
K00751,C0079,1,2024-05-18,0.328,False
K00751,C0111,2,2024-05-18,0.7518,False
K00751,C0045,3,2024-05-18,0.8669,False
K00799,C0054,1,2024-05-18,0.1312,False
K00799,C0022,2,2024-05-18,0.3629,False
K00799,C0020,3,2024-05-18,0.6867,False
K01006,C0060,1,2024-05-18,0.3561,False
K01006,C0004,2,2024-05-18,0.0,False
K01006,C0068,3,2024-05-18,0.8036,False
K01151,C0042,1,2024-05-18,0.387,True
K01151,C0119,2,2024-05-18,0.664,False
K01151,C0055,3,2024-05-18,0.4164,False
K01051,C0022,1,2024-05-19,0.3629,False
K01051,C0052,2,2024-05-19,0.5079,False
K01051,C0050,3,2024-05-19,1.0,False
K01106,C0012,1,2024-05-20,0.6089,False
K01106,C0101,2,2024-05-20,0.5975,False
K01106,C0006,3,2024-05-20,0.6721,True
K01141,C0067,1,2024-05-21,1.0,False
K01141,C0060,2,2024-05-21,0.3561,False
K01141,C0090,3,2024-05-21,0.6321,False
K00846,C0004,1,2024-05-21,0.0,False
K00846,C0060,2,2024-05-21,0.3561,False
K00846,C0068,3,2024-05-21,0.8036,False
K01126,C0116,1,2024-05-22,1.0,True
K01126,C0022,2,2024-05-22,0.3629,False
K01126,C0011,3,2024-05-22,0.5793,False
K00661,C0045,1,2024-05-22,0.8669,True
K00661,C0112,2,2024-05-22,1.0,False
K00661,C0078,3,2024-05-22,0.3912,False
K01451,C0004,1,2024-05-23,0.0,False
K01451,C0039,2,2024-05-23,1.0,True
K01451,C0030,3,2024-05-23,1.0,False
K01157,C0054,1,2024-05-24,0.1312,False
K01157,C0088,2,2024-05-24,1.0,False
K01157,C0020,3,2024-05-24,0.6867,False
K00823,C0060,1,2024-05-24,0.3561,True
K00823,C0087,2,2024-05-24,0.0267,False
K00823,C0109,3,2024-05-24,0.3287,False
K01024,C0027,1,2024-05-24,0.1043,False
K01024,C0090,2,2024-05-24,0.6321,False
K01024,C0025,3,2024-05-24,1.0,False
K00740,C0097,1,2024-05-24,0.6906,True
K00740,C0066,2,2024-05-24,1.0,False
K00740,C0054,3,2024-05-24,0.1312,False
K01291,C0055,1,2024-05-25,0.4164,False
K01291,C0054,2,2024-05-25,0.1312,False
K01291,C0109,3,2024-05-25,0.3287,False
K01093,C0033,1,2024-05-25,0.4177,False
K01093,C0056,2,2024-05-25,0.2414,False
K01093,C0007,3,2024-05-25,0.3312,False
K01390,C0055,1,2024-05-25,0.4164,False
K01390,C0108,2,2024-05-25,0.9628,False
K01390,C0032,3,2024-05-25,0.093,False
K01502,C0094,1,2024-05-26,1.0,False
K01502,C0004,2,2024-05-26,0.0,False
K01502,C0096,3,2024-05-26,0.7439,True
K00860,C0058,1,2024-05-26,1.0,True
K00860,C0060,2,2024-05-26,0.3561,False
K00860,C0025,3,2024-05-26,1.0,False
K01100,C0027,1,2024-05-27,0.1043,False
K01100,C0090,2,2024-05-27,0.6321,False
K01100,C0009,3,2024-05-27,0.5136,False
K01228,C0060,1,2024-06-01,0.3561,False
K01228,C0052,2,2024-06-01,0.5079,False
K01228,C0050,3,2024-06-01,1.0,True
K00896,C0054,1,2024-06-01,0.1312,False
K00896,C0020,2,2024-06-01,0.6867,False
K00896,C0088,3,2024-06-01,1.0,False
K01415,C0067,1,2024-06-02,1.0,True
K01415,C0004,2,2024-06-02,0.0,False
K01415,C0117,3,2024-06-02,0.9361,False
K00783,C0117,1,2024-06-03,0.9361,True
K00783,C0092,2,2024-06-03,1.0,False
K00783,C0007,3,2024-06-03,0.3312,False
K01169,C0054,1,2024-06-03,0.1312,False
K01169,C0020,2,2024-06-03,0.6867,False
K01169,C0088,3,2024-06-03,1.0,True
K01172,C0107,1,2024-06-03,0.9289,True
K01172,C0084,2,2024-06-03,0.9892,False
K01172,C0082,3,2024-06-03,0.8074,False
K01471,C0032,1,2024-06-03,0.093,False
K01471,C0095,2,2024-06-03,0.7468,False
K01471,C0050,3,2024-06-03,1.0,True
K00689,C0055,1,2024-06-05,0.4164,False
K00689,C0023,2,2024-06-05,0.3529,False
K00689,C0054,3,2024-06-05,0.1312,False
K01216,C0084,1,2024-06-06,0.9892,True
K01216,C0040,2,2024-06-06,0.7159,False
K01216,C0058,3,2024-06-06,1.0,False
K01397,C0108,1,2024-06-07,0.9628,False
K01397,C0110,2,2024-06-07,0.403,False
K01397,C0010,3,2024-06-07,0.7233,False
K00803,C0012,1,2024-06-08,0.6089,True
K00803,C0101,2,2024-06-08,0.5975,False
K00803,C0006,3,2024-06-08,0.6721,False
K00797,C0065,1,2024-06-08,1.0,True
K00797,C0048,2,2024-06-08,0.4161,False
K00797,C0087,3,2024-06-08,0.0267,False
K00753,C0054,1,2024-06-09,0.1312,False
K00753,C0015,2,2024-06-09,1.0,False
K00753,C0075,3,2024-06-09,0.4976,False
K00964,C0089,1,2024-06-09,0.8805,True
K00964,C0034,2,2024-06-09,0.6887,False
K00964,C0106,3,2024-06-09,0.7671,False
K00804,C0077,1,2024-06-09,1.0,True
K00804,C0099,2,2024-06-09,0.8608,False
K00804,C0066,3,2024-06-09,1.0,False
K00734,C0084,1,2024-06-09,0.9892,True
K00734,C0114,2,2024-06-09,1.0,False
K00734,C0075,3,2024-06-09,0.4976,False
K01477,C0108,1,2024-06-09,0.9628,True
K01477,C0110,2,2024-06-09,0.403,False
K01477,C0010,3,2024-06-09,0.7233,False
K00870,C0087,1,2024-06-11,0.0267,False
K00870,C0048,2,2024-06-11,0.4161,False
K00870,C0066,3,2024-06-11,1.0,True
K01192,C0071,1,2024-06-11,1.0,False
K01192,C0088,2,2024-06-11,1.0,True
K01192,C0001,3,2024-06-11,0.6369,False
K00946,C0022,1,2024-06-12,0.3629,False
K00946,C0052,2,2024-06-12,0.5079,False
K00946,C0060,3,2024-06-12,0.3561,False
K01111,C0033,1,2024-06-12,0.4177,False
K01111,C0078,2,2024-06-12,0.3912,False
K01111,C0096,3,2024-06-12,0.7439,True
K01362,C0043,1,2024-06-13,0.3035,False
K01362,C0034,2,2024-06-13,0.6887,False
K01362,C0087,3,2024-06-13,0.0267,False
K01387,C0094,1,2024-06-13,1.0,True
K01387,C0059,2,2024-06-13,0.6396,False
K01387,C0022,3,2024-06-13,0.3629,False
K00850,C0048,1,2024-06-13,0.4161,False
K00850,C0110,2,2024-06-13,0.403,False
K00850,C0032,3,2024-06-13,0.093,False
K00664,C0082,1,2024-06-14,0.8074,False
K00664,C0101,2,2024-06-14,0.5975,False
K00664,C0006,3,2024-06-14,0.6721,True
K01255,C0001,1,2024-06-14,0.6369,False
K01255,C0010,2,2024-06-14,0.7233,False
K01255,C0103,3,2024-06-14,1.0,True
K01220,C0032,1,2024-06-14,0.093,False
K01220,C0095,2,2024-06-14,0.7468,False
K01220,C0001,3,2024-06-14,0.6369,False
K01199,C0111,1,2024-06-17,0.7518,True
K01199,C0093,2,2024-06-17,0.6848,False
K01199,C0018,3,2024-06-17,0.5977,False
K01301,C0068,1,2024-06-17,0.8036,False
K01301,C0004,2,2024-06-17,0.0,False
K01301,C0060,3,2024-06-17,0.3561,True
K00710,C0032,1,2024-06-18,0.093,False
K00710,C0093,2,2024-06-18,0.6848,False
K00710,C0053,3,2024-06-18,0.5692,True
K01302,C0040,1,2024-06-19,0.7159,False
K01302,C0058,2,2024-06-19,1.0,False
K01302,C0060,3,2024-06-19,0.3561,False
K00973,C0034,1,2024-06-19,0.6887,False
K00973,C0048,2,2024-06-19,0.4161,False
K00973,C0080,3,2024-06-19,1.0,True
K00993,C0106,1,2024-06-20,0.7671,False
K00993,C0004,2,2024-06-20,0.0,False
K00993,C0034,3,2024-06-20,0.6887,False
K01116,C0090,1,2024-06-21,0.6321,True
K01116,C0027,2,2024-06-21,0.1043,False
K01116,C0009,3,2024-06-21,0.5136,False
K01021,C0095,1,2024-06-21,0.7468,True
K01021,C0028,2,2024-06-21,0.5745,False
K01021,C0032,3,2024-06-21,0.093,False
K01058,C0082,1,2024-06-21,0.8074,True
K01058,C0033,2,2024-06-21,0.4177,False
K01058,C0078,3,2024-06-21,0.3912,False
K01086,C0068,1,2024-06-21,0.8036,True
K01086,C0004,2,2024-06-21,0.0,False
K01086,C0060,3,2024-06-21,0.3561,False
K01031,C0038,1,2024-06-22,0.7717,False
K01031,C0007,2,2024-06-22,0.3312,False
K01031,C0029,3,2024-06-22,0.1875,False
K00735,C0087,1,2024-06-22,0.0267,False
K00735,C0034,2,2024-06-22,0.6887,False
K00735,C0043,3,2024-06-22,0.3035,False
K01445,C0055,1,2024-06-23,0.4164,False
K01445,C0032,2,2024-06-23,0.093,False
K01445,C0070,3,2024-06-23,0.8852,True
K01484,C0007,1,2024-06-23,0.3312,False
K01484,C0114,2,2024-06-23,1.0,False
K01484,C0051,3,2024-06-23,0.6858,True
K01413,C0007,1,2024-06-24,0.3312,False
K01413,C0103,2,2024-06-24,1.0,True
K01413,C0055,3,2024-06-24,0.4164,False
K01140,C0034,1,2024-06-24,0.6887,False
K01140,C0017,2,2024-06-24,0.9423,False
K01140,C0048,3,2024-06-24,0.4161,False
K01321,C0007,1,2024-06-25,0.3312,False
K01321,C0114,2,2024-06-25,1.0,False
K01321,C0033,3,2024-06-25,0.4177,True
K00663,C0048,1,2024-06-25,0.4161,True
K00663,C0087,2,2024-06-25,0.0267,False
K00663,C0091,3,2024-06-25,0.3306,False
K01324,C0087,1,2024-06-25,0.0267,False
K01324,C0034,2,2024-06-25,0.6887,False
K01324,C0091,3,2024-06-25,0.3306,False
K01434,C0004,1,2024-06-26,0.0,False
K01434,C0068,2,2024-06-26,0.8036,True
K01434,C0060,3,2024-06-26,0.3561,False
K01133,C0032,1,2024-06-27,0.093,False
K01133,C0055,2,2024-06-27,0.4164,False
K01133,C0001,3,2024-06-27,0.6369,False
K01122,C0029,1,2024-06-27,0.1875,False
K01122,C0038,2,2024-06-27,0.7717,False
K01122,C0007,3,2024-06-27,0.3312,False
K01212,C0075,1,2024-06-27,0.4976,False
K01212,C0015,2,2024-06-27,1.0,False
K01212,C0054,3,2024-06-27,0.1312,False
K00665,C0071,1,2024-07-01,1.0,True
K00665,C0001,2,2024-07-01,0.6369,False
K00665,C0088,3,2024-07-01,1.0,False
K01213,C0032,1,2024-07-03,0.093,False
K01213,C0055,2,2024-07-03,0.4164,False
K01213,C0054,3,2024-07-03,0.1312,False
K01478,C0091,1,2024-07-03,0.3306,False
K01478,C0043,2,2024-07-03,0.3035,True
K01478,C0081,3,2024-07-03,0.6906,False
K01072,C0042,1,2024-07-03,0.387,False
K01072,C0119,2,2024-07-03,0.664,True
K01072,C0087,3,2024-07-03,0.0267,False
K00835,C0054,1,2024-07-04,0.1312,False
K00835,C0020,2,2024-07-04,0.6867,False
K00835,C0087,3,2024-07-04,0.0267,False
K00867,C0111,1,2024-07-04,0.7518,True
K00867,C0022,2,2024-07-04,0.3629,False
K00867,C0064,3,2024-07-04,0.3645,False
K01401,C0101,1,2024-07-05,0.5975,False
K01401,C0082,2,2024-07-05,0.8074,False
K01401,C0006,3,2024-07-05,0.6721,True
K01488,C0099,1,2024-07-05,0.8608,False
K01488,C0087,2,2024-07-05,0.0267,False
K01488,C0066,3,2024-07-05,1.0,False
K01039,C0101,1,2024-07-05,0.5975,False
K01039,C0054,2,2024-07-05,0.1312,False
K01039,C0097,3,2024-07-05,0.6906,False
K01409,C0059,1,2024-07-06,0.6396,True
K01409,C0078,2,2024-07-06,0.3912,False
K01409,C0056,3,2024-07-06,0.2414,False
K01407,C0025,1,2024-07-06,1.0,True
K01407,C0114,2,2024-07-06,1.0,False
K01407,C0119,3,2024-07-06,0.664,False
K00700,C0090,1,2024-07-06,0.6321,False
K00700,C0010,2,2024-07-06,0.7233,False
K00700,C0082,3,2024-07-06,0.8074,False
K01279,C0109,1,2024-07-07,0.3287,False
K01279,C0087,2,2024-07-07,0.0267,False
K01279,C0075,3,2024-07-07,0.4976,False
K01490,C0085,1,2024-07-07,1.0,False
K01490,C0007,2,2024-07-07,0.3312,False
K01490,C0101,3,2024-07-07,0.5975,False
K01073,C0019,1,2024-07-08,1.0,True
K01073,C0034,2,2024-07-08,0.6887,False
K01073,C0052,3,2024-07-08,0.5079,False
K00669,C0042,1,2024-07-09,0.387,True
K00669,C0119,2,2024-07-09,0.664,False
K00669,C0055,3,2024-07-09,0.4164,False
K00865,C0004,1,2024-07-10,0.0,False
K00865,C0060,2,2024-07-10,0.3561,False
K00865,C0068,3,2024-07-10,0.8036,False
K01342,C0052,1,2024-07-12,0.5079,False
K01342,C0022,2,2024-07-12,0.3629,False
K01342,C0050,3,2024-07-12,1.0,True
K00802,C0032,1,2024-07-12,0.093,False
K00802,C0007,2,2024-07-12,0.3312,True
K00802,C0055,3,2024-07-12,0.4164,False
K01341,C0116,1,2024-07-12,1.0,False
K01341,C0093,2,2024-07-12,0.6848,True
K01341,C0001,3,2024-07-12,0.6369,False
K00914,C0103,1,2024-07-13,1.0,True
K00914,C0007,2,2024-07-13,0.3312,False
K00914,C0055,3,2024-07-13,0.4164,False
K01429,C0052,1,2024-07-13,0.5079,True
K01429,C0060,2,2024-07-13,0.3561,False
K01429,C0022,3,2024-07-13,0.3629,False
K00672,C0001,1,2024-07-13,0.6369,True
K00672,C0010,2,2024-07-13,0.7233,False
K00672,C0055,3,2024-07-13,0.4164,False
K01025,C0101,1,2024-07-13,0.5975,False
K01025,C0001,2,2024-07-13,0.6369,False
K01025,C0088,3,2024-07-13,1.0,True
K01448,C0119,1,2024-07-14,0.664,False
K01448,C0042,2,2024-07-14,0.387,False
K01448,C0034,3,2024-07-14,0.6887,True
K00834,C0101,1,2024-07-15,0.5975,False
K00834,C0001,2,2024-07-15,0.6369,False
K00834,C0088,3,2024-07-15,1.0,True
K00786,C0032,1,2024-07-15,0.093,False
K00786,C0095,2,2024-07-15,0.7468,False
K00786,C0001,3,2024-07-15,0.6369,True
K00746,C0047,1,2024-07-15,1.0,False
K00746,C0058,2,2024-07-15,1.0,True
K00746,C0109,3,2024-07-15,0.3287,False
K00947,C0101,1,2024-07-16,0.5975,False
K00947,C0073,2,2024-07-16,1.0,False
K00947,C0094,3,2024-07-16,1.0,False
K00754,C0022,1,2024-07-16,0.3629,False
K00754,C0106,2,2024-07-16,0.7671,False
K00754,C0052,3,2024-07-16,0.5079,False
K00744,C0004,1,2024-07-16,0.0,False
K00744,C0106,2,2024-07-16,0.7671,False
K00744,C0022,3,2024-07-16,0.3629,False
K00953,C0055,1,2024-07-17,0.4164,False
K00953,C0032,2,2024-07-17,0.093,False
K00953,C0047,3,2024-07-17,1.0,False
K01489,C0101,1,2024-07-18,0.5975,False
K01489,C0054,2,2024-07-18,0.1312,False
K01489,C0047,3,2024-07-18,1.0,True
K01457,C0004,1,2024-07-19,0.0,False
K01457,C0106,2,2024-07-19,0.7671,False
K01457,C0036,3,2024-07-19,1.0,True
K01453,C0073,1,2024-07-20,1.0,False
K01453,C0082,2,2024-07-20,0.8074,False
K01453,C0107,3,2024-07-20,0.9289,True
K00772,C0085,1,2024-07-21,1.0,True
K00772,C0078,2,2024-07-21,0.3912,False
K00772,C0101,3,2024-07-21,0.5975,False
K00762,C0101,1,2024-07-22,0.5975,False
K00762,C0082,2,2024-07-22,0.8074,True
K00762,C0116,3,2024-07-22,1.0,False
K00951,C0039,1,2024-07-22,1.0,True
K00951,C0094,2,2024-07-22,1.0,False
K00951,C0004,3,2024-07-22,0.0,False
K01425,C0008,1,2024-07-22,0.6952,True
K01425,C0034,2,2024-07-22,0.6887,False
K01425,C0106,3,2024-07-22,0.7671,False
K00724,C0101,1,2024-07-22,0.5975,False
K00724,C0063,2,2024-07-22,1.0,False
K00724,C0116,3,2024-07-22,1.0,False
K01264,C0067,1,2024-07-23,1.0,True
K01264,C0101,2,2024-07-23,0.5975,False
K01264,C0097,3,2024-07-23,0.6906,False
K00934,C0027,1,2024-07-23,0.1043,False
K00934,C0090,2,2024-07-23,0.6321,False
K00934,C0009,3,2024-07-23,0.5136,False
K01146,C0038,1,2024-07-23,0.7717,True
K01146,C0029,2,2024-07-23,0.1875,False
K01146,C0101,3,2024-07-23,0.5975,False
K01243,C0101,1,2024-07-24,0.5975,False
K01243,C0116,2,2024-07-24,1.0,False
K01243,C0073,3,2024-07-24,1.0,False
K00838,C0040,1,2024-07-24,0.7159,True
K00838,C0021,2,2024-07-24,0.7714,False
K00838,C0018,3,2024-07-24,0.5977,False
K00788,C0101,1,2024-07-26,0.5975,False
K00788,C0073,2,2024-07-26,1.0,True
K00788,C0084,3,2024-07-26,0.9892,False
K01348,C0114,1,2024-08-01,1.0,True
K01348,C0007,2,2024-08-01,0.3312,False
K01348,C0029,3,2024-08-01,0.1875,False
K01200,C0022,1,2024-08-02,0.3629,False
K01200,C0072,2,2024-08-02,1.0,True
K01200,C0054,3,2024-08-02,0.1312,False
K01217,C0106,1,2024-08-02,0.7671,False
K01217,C0022,2,2024-08-02,0.3629,False
K01217,C0094,3,2024-08-02,1.0,True
K01103,C0087,1,2024-08-02,0.0267,False
K01103,C0091,2,2024-08-02,0.3306,False
K01103,C0002,3,2024-08-02,0.7139,True
K01382,C0020,1,2024-08-02,0.6867,False
K01382,C0027,2,2024-08-02,0.1043,False
K01382,C0092,3,2024-08-02,1.0,False
K01475,C0048,1,2024-08-03,0.4161,False
K01475,C0110,2,2024-08-03,0.403,False
K01475,C0081,3,2024-08-03,0.6906,False
K01094,C0020,1,2024-08-03,0.6867,False
K01094,C0101,2,2024-08-03,0.5975,False
K01094,C0036,3,2024-08-03,1.0,False
K01487,C0004,1,2024-08-04,0.0,False
K01487,C0106,2,2024-08-04,0.7671,False
K01487,C0047,3,2024-08-04,1.0,False
K01268,C0007,1,2024-08-04,0.3312,False
K01268,C0103,2,2024-08-04,1.0,True
K01268,C0032,3,2024-08-04,0.093,False
K00750,C0094,1,2024-08-04,1.0,True
K00750,C0052,2,2024-08-04,0.5079,False
K00750,C0060,3,2024-08-04,0.3561,False
K01222,C0007,1,2024-08-05,0.3312,False
K01222,C0114,2,2024-08-05,1.0,False
K01222,C0029,3,2024-08-05,0.1875,False
K01252,C0058,1,2024-08-05,1.0,False
K01252,C0025,2,2024-08-05,1.0,True
K01252,C0084,3,2024-08-05,0.9892,False
K01175,C0007,1,2024-08-05,0.3312,False
K01175,C0103,2,2024-08-05,1.0,True
K01175,C0120,3,2024-08-05,0.7011,False
K00990,C0055,1,2024-08-06,0.4164,False
K00990,C0027,2,2024-08-06,0.1043,False
K00990,C0029,3,2024-08-06,0.1875,False
K01211,C0007,1,2024-08-06,0.3312,True
K01211,C0056,2,2024-08-06,0.2414,False
K01211,C0103,3,2024-08-06,1.0,False
K00944,C0045,1,2024-08-07,0.8669,True
K00944,C0078,2,2024-08-07,0.3912,False
K00944,C0096,3,2024-08-07,0.7439,False
K00830,C0101,1,2024-08-08,0.5975,False
K00830,C0116,2,2024-08-08,1.0,True
K00830,C0073,3,2024-08-08,1.0,False
K01437,C0013,1,2024-08-09,0.6899,False
K01437,C0081,2,2024-08-09,0.6906,False
K01437,C0002,3,2024-08-09,0.7139,True
K01449,C0028,1,2024-08-09,0.5745,False
K01449,C0032,2,2024-08-09,0.093,False
K01449,C0108,3,2024-08-09,0.9628,True
K01003,C0077,1,2024-08-10,1.0,True
K01003,C0078,2,2024-08-10,0.3912,False
K01003,C0013,3,2024-08-10,0.6899,False
K01396,C0091,1,2024-08-10,0.3306,False
K01396,C0080,2,2024-08-10,1.0,True
K01396,C0116,3,2024-08-10,1.0,False
K00817,C0116,1,2024-08-11,1.0,True
K00817,C0099,2,2024-08-11,0.8608,False
K00817,C0091,3,2024-08-11,0.3306,False
K01326,C0078,1,2024-08-12,0.3912,False
K01326,C0096,2,2024-08-12,0.7439,False
K01326,C0056,3,2024-08-12,0.2414,False
K00832,C0114,1,2024-08-13,1.0,False
K00832,C0031,2,2024-08-13,0.7895,True
K00832,C0084,3,2024-08-13,0.9892,False
K01115,C0091,1,2024-08-14,0.3306,False
K01115,C0099,2,2024-08-14,0.8608,False
K01115,C0081,3,2024-08-14,0.6906,False
K01079,C0054,1,2024-08-14,0.1312,False
K01079,C0099,2,2024-08-14,0.8608,True
K01079,C0075,3,2024-08-14,0.4976,False
K01242,C0101,1,2024-08-15,0.5975,False
K01242,C0054,2,2024-08-15,0.1312,False
K01242,C0120,3,2024-08-15,0.7011,False
K01332,C0027,1,2024-08-16,0.1043,False
K01332,C0090,2,2024-08-16,0.6321,False
K01332,C0009,3,2024-08-16,0.5136,True
K01494,C0119,1,2024-08-16,0.664,False
K01494,C0042,2,2024-08-16,0.387,False
K01494,C0083,3,2024-08-16,0.5735,True
K00930,C0103,1,2024-08-17,1.0,True
K00930,C0007,2,2024-08-17,0.3312,False
K00930,C0028,3,2024-08-17,0.5745,False
K01283,C0113,1,2024-08-17,1.0,False
K01283,C0104,2,2024-08-17,1.0,False
K01283,C0027,3,2024-08-17,0.1043,False
K01096,C0074,1,2024-08-18,1.0,False
K01096,C0094,2,2024-08-18,1.0,True
K01096,C0039,3,2024-08-18,1.0,False
K00851,C0112,1,2024-08-19,1.0,True
K00851,C0081,2,2024-08-19,0.6906,False
K00851,C0078,3,2024-08-19,0.3912,False
K00795,C0101,1,2024-08-20,0.5975,False
K00795,C0012,2,2024-08-20,0.6089,False
K00795,C0006,3,2024-08-20,0.6721,True
K00711,C0026,1,2024-08-20,0.5904,False
K00711,C0101,2,2024-08-20,0.5975,True
K00711,C0078,3,2024-08-20,0.3912,False
K00808,C0114,1,2024-08-21,1.0,True
K00808,C0029,2,2024-08-21,0.1875,False
K00808,C0055,3,2024-08-21,0.4164,False
K00988,C0055,1,2024-08-21,0.4164,False
K00988,C0032,2,2024-08-21,0.093,False
K00988,C0110,3,2024-08-21,0.403,False
K01260,C0055,1,2024-08-21,0.4164,False
K01260,C0027,2,2024-08-21,0.1043,False
K01260,C0117,3,2024-08-21,0.9361,True
K00866,C0058,1,2024-08-23,1.0,False
K00866,C0084,2,2024-08-23,0.9892,True
K00866,C0060,3,2024-08-23,0.3561,False
K00745,C0031,1,2024-08-24,0.7895,False
K00745,C0081,2,2024-08-24,0.6906,False
K00745,C0077,3,2024-08-24,1.0,False
K00695,C0007,1,2024-08-24,0.3312,False
K00695,C0114,2,2024-08-24,1.0,False
K00695,C0092,3,2024-08-24,1.0,False
K01004,C0116,1,2024-08-26,1.0,False
K01004,C0091,2,2024-08-26,0.3306,False
K01004,C0043,3,2024-08-26,0.3035,False
K01440,C0071,1,2024-08-26,1.0,False
K01440,C0101,2,2024-08-26,0.5975,False
K01440,C0088,3,2024-08-26,1.0,True
K01180,C0081,1,2024-08-27,0.6906,False
K01180,C0033,2,2024-08-27,0.4177,False
K01180,C0096,3,2024-08-27,0.7439,False
K00739,C0055,1,2024-09-01,0.4164,False
K00739,C0092,2,2024-09-01,1.0,False
K00739,C0108,3,2024-09-01,0.9628,True
K01418,C0005,1,2024-09-01,0.901,True
K01418,C0004,2,2024-09-01,0.0,False
K01418,C0055,3,2024-09-01,0.4164,False
K01078,C0101,1,2024-09-01,0.5975,False
K01078,C0107,2,2024-09-01,0.9289,False
K01078,C0063,3,2024-09-01,1.0,True
K01452,C0032,1,2024-09-01,0.093,False
K01452,C0048,2,2024-09-01,0.4161,False
K01452,C0055,3,2024-09-01,0.4164,False
K01303,C0055,1,2024-09-02,0.4164,False
K01303,C0092,2,2024-09-02,1.0,True
K01303,C0108,3,2024-09-02,0.9628,False
K00970,C0012,1,2024-09-02,0.6089,True
K00970,C0101,2,2024-09-02,0.5975,False
K00970,C0006,3,2024-09-02,0.6721,False
K01354,C0074,1,2024-09-02,1.0,True
K01354,C0039,2,2024-09-02,1.0,False
K01354,C0094,3,2024-09-02,1.0,False
K01245,C0022,1,2024-09-02,0.3629,False
K01245,C0054,2,2024-09-02,0.1312,False
K01245,C0024,3,2024-09-02,0.6241,False
K01113,C0055,1,2024-09-02,0.4164,False
K01113,C0051,2,2024-09-02,0.6858,False
K01113,C0029,3,2024-09-02,0.1875,False
K01276,C0074,1,2024-09-02,1.0,True
K01276,C0039,2,2024-09-02,1.0,False
K01276,C0094,3,2024-09-02,1.0,False
K01403,C0034,1,2024-09-02,0.6887,True
K01403,C0072,2,2024-09-02,1.0,False
K01403,C0110,3,2024-09-02,0.403,False
K01461,C0106,1,2024-09-02,0.7671,True
K01461,C0052,2,2024-09-02,0.5079,False
K01461,C0022,3,2024-09-02,0.3629,False
K01143,C0101,1,2024-09-03,0.5975,False
K01143,C0006,2,2024-09-03,0.6721,False
K01143,C0012,3,2024-09-03,0.6089,False
K01438,C0103,1,2024-09-03,1.0,True
K01438,C0007,2,2024-09-03,0.3312,False
K01438,C0096,3,2024-09-03,0.7439,False
K01373,C0075,1,2024-09-03,0.4976,False
K01373,C0054,2,2024-09-03,0.1312,False
K01373,C0015,3,2024-09-03,1.0,True
K01099,C0114,1,2024-09-03,1.0,False
K01099,C0007,2,2024-09-03,0.3312,False
K01099,C0120,3,2024-09-03,0.7011,True
K00683,C0055,1,2024-09-03,0.4164,False
K00683,C0029,2,2024-09-03,0.1875,False
K00683,C0024,3,2024-09-03,0.6241,False
K01178,C0019,1,2024-09-04,1.0,True
K01178,C0096,2,2024-09-04,0.7439,False
K01178,C0079,3,2024-09-04,0.328,False
K01246,C0011,1,2024-09-04,0.5793,False
K01246,C0027,2,2024-09-04,0.1043,False
K01246,C0104,3,2024-09-04,1.0,False
K01404,C0017,1,2024-09-04,0.9423,False
K01404,C0087,2,2024-09-04,0.0267,False
K01404,C0054,3,2024-09-04,0.1312,True
K00884,C0072,1,2024-09-04,1.0,True
K00884,C0034,2,2024-09-04,0.6887,False
K00884,C0110,3,2024-09-04,0.403,False
K01400,C0114,1,2024-09-04,1.0,True
K01400,C0007,2,2024-09-04,0.3312,False
K01400,C0029,3,2024-09-04,0.1875,False
K00842,C0066,1,2024-09-04,1.0,False
K00842,C0086,2,2024-09-04,0.4185,False
K00842,C0075,3,2024-09-04,0.4976,False
K01476,C0039,1,2024-09-05,1.0,False
K01476,C0074,2,2024-09-05,1.0,False
K01476,C0094,3,2024-09-05,1.0,True
K01171,C0023,1,2024-09-05,0.3529,False
K01171,C0048,2,2024-09-05,0.4161,False
K01171,C0109,3,2024-09-05,0.3287,False
K01043,C0110,1,2024-09-05,0.403,False
K01043,C0108,2,2024-09-05,0.9628,False
K01043,C0010,3,2024-09-05,0.7233,False
K01026,C0004,1,2024-09-06,0.0,False
K01026,C0068,2,2024-09-06,0.8036,False
K01026,C0060,3,2024-09-06,0.3561,False
K01498,C0054,1,2024-09-06,0.1312,False
K01498,C0047,2,2024-09-06,1.0,False
K01498,C0087,3,2024-09-06,0.0267,False
K00833,C0090,1,2024-09-06,0.6321,False
K00833,C0053,2,2024-09-06,0.5692,False
K00833,C0102,3,2024-09-06,0.664,True
K01061,C0050,1,2024-09-07,1.0,True
K01061,C0110,2,2024-09-07,0.403,False
K01061,C0032,3,2024-09-07,0.093,False
K00765,C0096,1,2024-09-07,0.7439,False
K00765,C0081,2,2024-09-07,0.6906,False
K00765,C0033,3,2024-09-07,0.4177,False
K01181,C0085,1,2024-09-08,1.0,True
K01181,C0078,2,2024-09-08,0.3912,False
K01181,C0101,3,2024-09-08,0.5975,False
K01253,C0101,1,2024-09-08,0.5975,False
K01253,C0088,2,2024-09-08,1.0,False
K01253,C0071,3,2024-09-08,1.0,True
K01443,C0024,1,2024-09-08,0.6241,False
K01443,C0097,2,2024-09-08,0.6906,False
K01443,C0020,3,2024-09-08,0.6867,False
K01285,C0052,1,2024-09-08,0.5079,False
K01285,C0022,2,2024-09-08,0.3629,False
K01285,C0050,3,2024-09-08,1.0,False
K00939,C0091,1,2024-09-08,0.3306,False
K00939,C0065,2,2024-09-08,1.0,False
K00939,C0110,3,2024-09-08,0.403,False
K00768,C0028,1,2024-09-08,0.5745,False
K00768,C0004,2,2024-09-08,0.0,False
K00768,C0086,3,2024-09-08,0.4185,False
K01070,C0075,1,2024-09-08,0.4976,False
K01070,C0023,2,2024-09-08,0.3529,False
K01070,C0017,3,2024-09-08,0.9423,True
K00671,C0058,1,2024-09-08,1.0,True
K00671,C0040,2,2024-09-08,0.7159,False
K00671,C0084,3,2024-09-08,0.9892,False
K01306,C0019,1,2024-09-09,1.0,False
K01306,C0004,2,2024-09-09,0.0,False
K01306,C0035,3,2024-09-09,1.0,False
K00703,C0087,1,2024-09-09,0.0267,False
K00703,C0066,2,2024-09-09,1.0,True
K00703,C0119,3,2024-09-09,0.664,False
K01327,C0048,1,2024-09-09,0.4161,True
K01327,C0110,2,2024-09-09,0.403,False
K01327,C0087,3,2024-09-09,0.0267,False
K00924,C0050,1,2024-09-09,1.0,True
K00924,C0035,2,2024-09-09,1.0,False
K00924,C0010,3,2024-09-09,0.7233,False
K00781,C0013,1,2024-09-10,0.6899,False
K00781,C0031,2,2024-09-10,0.7895,False
K00781,C0116,3,2024-09-10,1.0,True
K00877,C0004,1,2024-09-10,0.0,False
K00877,C0086,2,2024-09-10,0.4185,False
K00877,C0087,3,2024-09-10,0.0267,False
K00702,C0081,1,2024-09-11,0.6906,True
K00702,C0033,2,2024-09-11,0.4177,False
K00702,C0096,3,2024-09-11,0.7439,False
K00824,C0001,1,2024-09-11,0.6369,False
K00824,C0097,2,2024-09-11,0.6906,True
K00824,C0048,3,2024-09-11,0.4161,False
K01167,C0026,1,2024-09-11,0.5904,False
K01167,C0078,2,2024-09-11,0.3912,False
K01167,C0033,3,2024-09-11,0.4177,False
K01207,C0022,1,2024-09-11,0.3629,True
K01207,C0032,2,2024-09-11,0.093,False
K01207,C0090,3,2024-09-11,0.6321,False
K01214,C0027,1,2024-09-12,0.1043,False
K01214,C0090,2,2024-09-12,0.6321,True
K01214,C0009,3,2024-09-12,0.5136,False
K00922,C0023,1,2024-09-12,0.3529,False
K00922,C0075,2,2024-09-12,0.4976,False
K00922,C0004,3,2024-09-12,0.0,False
K00917,C0074,1,2024-09-12,1.0,True
K00917,C0039,2,2024-09-12,1.0,False
K00917,C0094,3,2024-09-12,1.0,False
K01486,C0022,1,2024-09-12,0.3629,False
K01486,C0032,2,2024-09-12,0.093,False
K01486,C0018,3,2024-09-12,0.5977,False
K01450,C0040,1,2024-09-12,0.7159,False
K01450,C0058,2,2024-09-12,1.0,False
K01450,C0084,3,2024-09-12,0.9892,True
K01428,C0006,1,2024-09-12,0.6721,False
K01428,C0101,2,2024-09-12,0.5975,True
K01428,C0012,3,2024-09-12,0.6089,False
K01107,C0053,1,2024-09-13,0.5692,False
K01107,C0073,2,2024-09-13,1.0,False
K01107,C0009,3,2024-09-13,0.5136,False
K00936,C0096,1,2024-09-13,0.7439,True
K00936,C0033,2,2024-09-13,0.4177,False
K00936,C0056,3,2024-09-13,0.2414,False
K01057,C0027,1,2024-09-13,0.1043,False
K01057,C0090,2,2024-09-13,0.6321,False
K01057,C0009,3,2024-09-13,0.5136,True
K01239,C0031,1,2024-09-13,0.7895,False
K01239,C0114,2,2024-09-13,1.0,False
K01239,C0084,3,2024-09-13,0.9892,True
K00655,C0107,1,2024-09-14,0.9289,False
K00655,C0006,2,2024-09-14,0.6721,True
K00655,C0073,3,2024-09-14,1.0,False
K00731,C0052,1,2024-09-14,0.5079,False
K00731,C0039,2,2024-09-14,1.0,True
K00731,C0034,3,2024-09-14,0.6887,False
K00749,C0041,1,2024-09-14,0.3124,True
K00749,C0049,2,2024-09-14,0.8849,False
K00749,C0054,3,2024-09-14,0.1312,False
K01247,C0054,1,2024-09-14,0.1312,False
K01247,C0047,2,2024-09-14,1.0,False
K01247,C0109,3,2024-09-14,0.3287,False
K01312,C0007,1,2024-09-15,0.3312,False
K01312,C0114,2,2024-09-15,1.0,True
K01312,C0029,3,2024-09-15,0.1875,False
K00801,C0058,1,2024-09-15,1.0,False
K00801,C0060,2,2024-09-15,0.3561,False
K00801,C0040,3,2024-09-15,0.7159,False
K01314,C0035,1,2024-09-15,1.0,True
K01314,C0004,2,2024-09-15,0.0,False
K01314,C0106,3,2024-09-15,0.7671,False
K01179,C0004,1,2024-09-15,0.0,False
K01179,C0052,2,2024-09-15,0.5079,False
K01179,C0106,3,2024-09-15,0.7671,False
K01095,C0027,1,2024-09-16,0.1043,False
K01095,C0090,2,2024-09-16,0.6321,False
K01095,C0009,3,2024-09-16,0.5136,True
K00677,C0116,1,2024-09-16,1.0,True
K00677,C0021,2,2024-09-16,0.7714,False
K00677,C0032,3,2024-09-16,0.093,False
K00879,C0106,1,2024-09-16,0.7671,True
K00879,C0004,2,2024-09-16,0.0,False
K00879,C0052,3,2024-09-16,0.5079,False
K01131,C0031,1,2024-09-16,0.7895,True
K01131,C0114,2,2024-09-16,1.0,False
K01131,C0084,3,2024-09-16,0.9892,False
K01109,C0004,1,2024-09-17,0.0,False
K01109,C0068,2,2024-09-17,0.8036,False
K01109,C0060,3,2024-09-17,0.3561,False
K00697,C0054,1,2024-09-17,0.1312,True
K00697,C0047,2,2024-09-17,1.0,False
K00697,C0075,3,2024-09-17,0.4976,False
K01379,C0027,1,2024-09-18,0.1043,False
K01379,C0090,2,2024-09-18,0.6321,True
K01379,C0025,3,2024-09-18,1.0,False
K00952,C0032,1,2024-09-18,0.093,False
K00952,C0095,2,2024-09-18,0.7468,False
K00952,C0001,3,2024-09-18,0.6369,False
K01197,C0004,1,2024-09-19,0.0,False
K01197,C0052,2,2024-09-19,0.5079,False
K01197,C0030,3,2024-09-19,1.0,True
K01420,C0081,1,2024-09-19,0.6906,False
K01420,C0013,2,2024-09-19,0.6899,False
K01420,C0077,3,2024-09-19,1.0,True
K01320,C0033,1,2024-09-19,0.4177,False
K01320,C0078,2,2024-09-19,0.3912,False
K01320,C0107,3,2024-09-19,0.9289,False
K01274,C0112,1,2024-09-19,1.0,False
K01274,C0045,2,2024-09-19,0.8669,True
K01274,C0013,3,2024-09-19,0.6899,False
K00770,C0034,1,2024-09-19,0.6887,False
K00770,C0072,2,2024-09-19,1.0,True
K00770,C0091,3,2024-09-19,0.3306,False
K00767,C0004,1,2024-09-19,0.0,False
K00767,C0086,2,2024-09-19,0.4185,False
K00767,C0015,3,2024-09-19,1.0,True
K01386,C0024,1,2024-09-20,0.6241,False
K01386,C0097,2,2024-09-20,0.6906,True
K01386,C0020,3,2024-09-20,0.6867,False
K00787,C0001,1,2024-09-20,0.6369,False
K00787,C0032,2,2024-09-20,0.093,False
K00787,C0024,3,2024-09-20,0.6241,True
K00839,C0095,1,2024-09-20,0.7468,False
K00839,C0032,2,2024-09-20,0.093,True
K00839,C0001,3,2024-09-20,0.6369,False
K00902,C0055,1,2024-09-20,0.4164,False
K00902,C0108,2,2024-09-20,0.9628,True
K00902,C0007,3,2024-09-20,0.3312,False
K00676,C0060,1,2024-09-20,0.3561,False
K00676,C0058,2,2024-09-20,1.0,True
K00676,C0025,3,2024-09-20,1.0,False
K01479,C0004,1,2024-09-20,0.0,False
K01479,C0068,2,2024-09-20,0.8036,False
K01479,C0060,3,2024-09-20,0.3561,False
K00760,C0068,1,2024-09-21,0.8036,True
K00760,C0075,2,2024-09-21,0.4976,False
K00760,C0066,3,2024-09-21,1.0,False
K00919,C0071,1,2024-09-21,1.0,False
K00919,C0047,2,2024-09-21,1.0,True
K00919,C0054,3,2024-09-21,0.1312,False
K00949,C0007,1,2024-09-22,0.3312,False
K00949,C0103,2,2024-09-22,1.0,True
K00949,C0013,3,2024-09-22,0.6899,False
K01052,C0004,1,2024-09-22,0.0,False
K01052,C0028,2,2024-09-22,0.5745,False
K01052,C0095,3,2024-09-22,0.7468,False
K01316,C0054,1,2024-09-22,0.1312,False
K01316,C0087,2,2024-09-22,0.0267,False
K01316,C0109,3,2024-09-22,0.3287,False
K00763,C0040,1,2024-09-23,0.7159,True
K00763,C0058,2,2024-09-23,1.0,False
K00763,C0025,3,2024-09-23,1.0,False
K00796,C0095,1,2024-09-23,0.7468,False
K00796,C0104,2,2024-09-23,1.0,True
K00796,C0053,3,2024-09-23,0.5692,False
K01075,C0029,1,2024-09-23,0.1875,False
K01075,C0027,2,2024-09-23,0.1043,False
K01075,C0117,3,2024-09-23,0.9361,True
K01165,C0113,1,2024-09-23,1.0,True
K01165,C0064,2,2024-09-23,0.3645,False
K01165,C0021,3,2024-09-23,0.7714,False
K01177,C0013,1,2024-09-23,0.6899,True
K01177,C0002,2,2024-09-23,0.7139,False
K01177,C0081,3,2024-09-23,0.6906,False
K01290,C0043,1,2024-09-23,0.3035,False
K01290,C0091,2,2024-09-23,0.3306,False
K01290,C0065,3,2024-09-23,1.0,True
K01369,C0027,1,2024-09-24,0.1043,False
K01369,C0090,2,2024-09-24,0.6321,False
K01369,C0025,3,2024-09-24,1.0,True
K01227,C0047,1,2024-09-24,1.0,False
K01227,C0054,2,2024-09-24,0.1312,False
K01227,C0036,3,2024-09-24,1.0,False
K01210,C0078,1,2024-09-24,0.3912,False
K01210,C0033,2,2024-09-24,0.4177,False
K01210,C0096,3,2024-09-24,0.7439,True
K01088,C0004,1,2024-09-24,0.0,False
K01088,C0068,2,2024-09-24,0.8036,False
K01088,C0060,3,2024-09-24,0.3561,False
K00736,C0020,1,2024-09-25,0.6867,False
K00736,C0052,2,2024-09-25,0.5079,False
K00736,C0039,3,2024-09-25,1.0,True
K01337,C0020,1,2024-09-25,0.6867,True
K01337,C0052,2,2024-09-25,0.5079,False
K01337,C0101,3,2024-09-25,0.5975,False
K01430,C0095,1,2024-09-25,0.7468,False
K01430,C0001,2,2024-09-25,0.6369,False
K01430,C0032,3,2024-09-25,0.093,False
K01077,C0119,1,2024-09-25,0.664,False
K01077,C0114,2,2024-09-25,1.0,False
K01077,C0025,3,2024-09-25,1.0,False
K01205,C0107,1,2024-09-26,0.9289,False
K01205,C0073,2,2024-09-26,1.0,True
K01205,C0101,3,2024-09-26,0.5975,False
K01394,C0004,1,2024-09-26,0.0,True
K01394,C0052,2,2024-09-26,0.5079,False
K01394,C0001,3,2024-09-26,0.6369,False
K01010,C0012,1,2024-09-27,0.6089,True
K01010,C0006,2,2024-09-27,0.6721,False
K01010,C0101,3,2024-09-27,0.5975,False
K01134,C0114,1,2024-09-27,1.0,True
K01134,C0007,2,2024-09-27,0.3312,False
K01134,C0078,3,2024-09-27,0.3912,False
K00678,C0107,1,2024-09-27,0.9289,True
K00678,C0073,2,2024-09-27,1.0,False
K00678,C0101,3,2024-09-27,0.5975,False
K00933,C0093,1,2024-10-01,0.6848,True
K00933,C0021,2,2024-10-01,0.7714,False
K00933,C0095,3,2024-10-01,0.7468,False
K00775,C0055,1,2024-10-01,0.4164,False
K00775,C0007,2,2024-10-01,0.3312,False
K00775,C0092,3,2024-10-01,1.0,True
K01081,C0101,1,2024-10-02,0.5975,False
K01081,C0020,2,2024-10-02,0.6867,False
K01081,C0097,3,2024-10-02,0.6906,True
K00897,C0119,1,2024-10-02,0.664,False
K00897,C0025,2,2024-10-02,1.0,True
K00897,C0114,3,2024-10-02,1.0,False
K01128,C0101,1,2024-10-03,0.5975,False
K01128,C0001,2,2024-10-03,0.6369,True
K01128,C0071,3,2024-10-03,1.0,False
K00912,C0095,1,2024-10-04,0.7468,False
K00912,C0055,2,2024-10-04,0.4164,False
K00912,C0032,3,2024-10-04,0.093,False
K01456,C0091,1,2024-10-04,0.3306,False
K01456,C0043,2,2024-10-04,0.3035,False
K01456,C0119,3,2024-10-04,0.664,True
K01267,C0086,1,2024-10-04,0.4185,False
K01267,C0110,2,2024-10-04,0.403,False
K01267,C0099,3,2024-10-04,0.8608,True
K01399,C0026,1,2024-10-05,0.5904,False
K01399,C0033,2,2024-10-05,0.4177,False
K01399,C0007,3,2024-10-05,0.3312,False
K01485,C0036,1,2024-10-05,1.0,False
K01485,C0020,2,2024-10-05,0.6867,False
K01485,C0052,3,2024-10-05,0.5079,False
K01254,C0052,1,2024-10-05,0.5079,False
K01254,C0060,2,2024-10-05,0.3561,False
K01254,C0050,3,2024-10-05,1.0,False
K01455,C0060,1,2024-10-05,0.3561,False
K01455,C0058,2,2024-10-05,1.0,False
K01455,C0025,3,2024-10-05,1.0,True
K00857,C0110,1,2024-10-05,0.403,False
K00857,C0010,2,2024-10-05,0.7233,False
K00857,C0108,3,2024-10-05,0.9628,False
K01123,C0055,1,2024-10-05,0.4164,False
K01123,C0007,2,2024-10-05,0.3312,False
K01123,C0108,3,2024-10-05,0.9628,True
K01280,C0060,1,2024-10-06,0.3561,False
K01280,C0058,2,2024-10-06,1.0,True
K01280,C0040,3,2024-10-06,0.7159,False
K01473,C0089,1,2024-10-07,0.8805,False
K01473,C0060,2,2024-10-07,0.3561,False
K01473,C0052,3,2024-10-07,0.5079,False
K01408,C0027,1,2024-10-07,0.1043,False
K01408,C0055,2,2024-10-07,0.4164,True
K01408,C0079,3,2024-10-07,0.328,False
K01412,C0007,1,2024-10-07,0.3312,False
K01412,C0114,2,2024-10-07,1.0,True
K01412,C0027,3,2024-10-07,0.1043,False
K00747,C0110,1,2024-10-07,0.403,False
K00747,C0048,2,2024-10-07,0.4161,False
K00747,C0091,3,2024-10-07,0.3306,False
K00893,C0031,1,2024-10-07,0.7895,False
K00893,C0114,2,2024-10-07,1.0,False
K00893,C0084,3,2024-10-07,0.9892,True
K00673,C0101,1,2024-10-08,0.5975,False
K00673,C0006,2,2024-10-08,0.6721,False
K00673,C0082,3,2024-10-08,0.8074,True
K01322,C0047,1,2024-10-08,1.0,True
K01322,C0054,2,2024-10-08,0.1312,False
K01322,C0087,3,2024-10-08,0.0267,False
K01225,C0007,1,2024-10-09,0.3312,False
K01225,C0103,2,2024-10-09,1.0,True
K01225,C0095,3,2024-10-09,0.7468,False
K00782,C0071,1,2024-10-09,1.0,True
K00782,C0088,2,2024-10-09,1.0,False
K00782,C0101,3,2024-10-09,0.5975,False
K01482,C0078,1,2024-10-09,0.3912,False
K01482,C0033,2,2024-10-09,0.4177,False
K01482,C0085,3,2024-10-09,1.0,True
K00720,C0074,1,2024-10-10,1.0,False
K00720,C0094,2,2024-10-10,1.0,False
K00720,C0039,3,2024-10-10,1.0,True
K00727,C0081,1,2024-10-10,0.6906,True
K00727,C0002,2,2024-10-10,0.7139,False
K00727,C0013,3,2024-10-10,0.6899,False
K01187,C0052,1,2024-10-10,0.5079,False
K01187,C0089,2,2024-10-10,0.8805,True
K01187,C0030,3,2024-10-10,1.0,False
K00722,C0079,1,2024-10-11,0.328,False
K00722,C0111,2,2024-10-11,0.7518,False
K00722,C0052,3,2024-10-11,0.5079,False
K00996,C0110,1,2024-10-11,0.403,False
K00996,C0010,2,2024-10-11,0.7233,False
K00996,C0108,3,2024-10-11,0.9628,False
K01014,C0031,1,2024-10-12,0.7895,False
K01014,C0114,2,2024-10-12,1.0,False
K01014,C0007,3,2024-10-12,0.3312,False
K01297,C0023,1,2024-10-12,0.3529,True
K01297,C0075,2,2024-10-12,0.4976,False
K01297,C0095,3,2024-10-12,0.7468,False
K01317,C0007,1,2024-10-12,0.3312,False
K01317,C0056,2,2024-10-12,0.2414,False
K01317,C0033,3,2024-10-12,0.4177,False
K01329,C0107,1,2024-10-12,0.9289,False
K01329,C0073,2,2024-10-12,1.0,False
K01329,C0101,3,2024-10-12,0.5975,False
K00961,C0087,1,2024-10-14,0.0267,False
K00961,C0017,2,2024-10-14,0.9423,False
K00961,C0086,3,2024-10-14,0.4185,False
K01410,C0095,1,2024-10-14,0.7468,False
K01410,C0032,2,2024-10-14,0.093,False
K01410,C0050,3,2024-10-14,1.0,False
K00716,C0028,1,2024-10-14,0.5745,False
K00716,C0095,2,2024-10-14,0.7468,False
K00716,C0110,3,2024-10-14,0.403,False
K00821,C0007,1,2024-10-15,0.3312,False
K00821,C0114,2,2024-10-15,1.0,True
K00821,C0029,3,2024-10-15,0.1875,False
K00928,C0095,1,2024-10-15,0.7468,False
K00928,C0032,2,2024-10-15,0.093,False
K00928,C0001,3,2024-10-15,0.6369,True
K01244,C0095,1,2024-10-15,0.7468,False
K01244,C0007,2,2024-10-15,0.3312,False
K01244,C0110,3,2024-10-15,0.403,False
K01191,C0060,1,2024-10-16,0.3561,False
K01191,C0109,2,2024-10-16,0.3287,False
K01191,C0087,3,2024-10-16,0.0267,False
K00904,C0055,1,2024-10-17,0.4164,False
K00904,C0007,2,2024-10-17,0.3312,False
K00904,C0108,3,2024-10-17,0.9628,True
K01240,C0116,1,2024-10-17,1.0,True
K01240,C0087,2,2024-10-17,0.0267,False
K01240,C0053,3,2024-10-17,0.5692,False
K01251,C0054,1,2024-10-17,0.1312,False
K01251,C0087,2,2024-10-17,0.0267,False
K01251,C0017,3,2024-10-17,0.9423,False
K01153,C0054,1,2024-10-17,0.1312,False
K01153,C0101,2,2024-10-17,0.5975,False
K01153,C0036,3,2024-10-17,1.0,True
K01356,C0110,1,2024-10-18,0.403,False
K01356,C0087,2,2024-10-18,0.0267,False
K01356,C0007,3,2024-10-18,0.3312,False
K00688,C0059,1,2024-10-18,0.6396,False
K00688,C0096,2,2024-10-18,0.7439,True
K00688,C0056,3,2024-10-18,0.2414,False
K00836,C0108,1,2024-10-18,0.9628,True
K00836,C0051,2,2024-10-18,0.6858,False
K00836,C0067,3,2024-10-18,1.0,False
K01416,C0064,1,2024-10-18,0.3645,True
K01416,C0021,2,2024-10-18,0.7714,False
K01416,C0052,3,2024-10-18,0.5079,False
K01084,C0078,1,2024-10-19,0.3912,False
K01084,C0033,2,2024-10-19,0.4177,True
K01084,C0002,3,2024-10-19,0.7139,False
K01500,C0007,1,2024-10-19,0.3312,False
K01500,C0059,2,2024-10-19,0.6396,False
K01500,C0027,3,2024-10-19,0.1043,False
K00859,C0074,1,2024-10-19,1.0,False
K00859,C0094,2,2024-10-19,1.0,True
K00859,C0039,3,2024-10-19,1.0,False
K00972,C0101,1,2024-10-19,0.5975,False
K00972,C0006,2,2024-10-19,0.6721,False
K00972,C0088,3,2024-10-19,1.0,False
K00980,C0023,1,2024-10-19,0.3529,False
K00980,C0054,2,2024-10-19,0.1312,False
K00980,C0086,3,2024-10-19,0.4185,False
K00943,C0087,1,2024-10-19,0.0267,False
K00943,C0017,2,2024-10-19,0.9423,True
K00943,C0119,3,2024-10-19,0.664,False
K01112,C0054,1,2024-10-20,0.1312,False
K01112,C0047,2,2024-10-20,1.0,True
K01112,C0087,3,2024-10-20,0.0267,False
K01015,C0075,1,2024-10-20,0.4976,False
K01015,C0023,2,2024-10-20,0.3529,False
K01015,C0109,3,2024-10-20,0.3287,False
K00809,C0101,1,2024-10-20,0.5975,True
K00809,C0107,2,2024-10-20,0.9289,False
K00809,C0006,3,2024-10-20,0.6721,False
K00706,C0054,1,2024-10-21,0.1312,False
K00706,C0047,2,2024-10-21,1.0,True
K00706,C0075,3,2024-10-21,0.4976,False
K01231,C0119,1,2024-10-21,0.664,False
K01231,C0025,2,2024-10-21,1.0,True
K01231,C0114,3,2024-10-21,1.0,False
K01325,C0060,1,2024-10-21,0.3561,False
K01325,C0004,2,2024-10-21,0.0,False
K01325,C0030,3,2024-10-21,1.0,True
K00668,C0016,1,2024-10-21,0.6837,False
K00668,C0110,2,2024-10-21,0.403,False
K00668,C0043,3,2024-10-21,0.3035,False
K01194,C0060,1,2024-10-22,0.3561,False
K01194,C0075,2,2024-10-22,0.4976,False
K01194,C0109,3,2024-10-22,0.3287,False
K01186,C0067,1,2024-10-22,1.0,False
K01186,C0051,2,2024-10-22,0.6858,True
K01186,C0119,3,2024-10-22,0.664,False
K01145,C0060,1,2024-10-23,0.3561,False
K01145,C0004,2,2024-10-23,0.0,False
K01145,C0068,3,2024-10-23,0.8036,True
K00958,C0031,1,2024-10-23,0.7895,False
K00958,C0114,2,2024-10-23,1.0,False
K00958,C0078,3,2024-10-23,0.3912,False
K00705,C0087,1,2024-10-24,0.0267,False
K00705,C0119,2,2024-10-24,0.664,False
K00705,C0066,3,2024-10-24,1.0,False
K00956,C0027,1,2024-10-24,0.1043,False
K00956,C0119,2,2024-10-24,0.664,False
K00956,C0055,3,2024-10-24,0.4164,False
K01085,C0119,1,2024-10-24,0.664,False
K01085,C0114,2,2024-10-24,1.0,False
K01085,C0025,3,2024-10-24,1.0,False
K01089,C0060,1,2024-10-24,0.3561,False
K01089,C0004,2,2024-10-24,0.0,False
K01089,C0068,3,2024-10-24,0.8036,False
K01313,C0001,1,2024-10-25,0.6369,False
K01313,C0095,2,2024-10-25,0.7468,True
K01313,C0070,3,2024-10-25,0.8852,False
K01137,C0002,1,2024-10-26,0.7139,True
K01137,C0078,2,2024-10-26,0.3912,False
K01137,C0059,3,2024-10-26,0.6396,False
K00761,C0020,1,2024-10-26,0.6867,False
K00761,C0036,2,2024-10-26,1.0,True
K00761,C0054,3,2024-10-26,0.1312,False
K00911,C0060,1,2024-10-26,0.3561,False
K00911,C0053,2,2024-10-26,0.5692,False
K00911,C0111,3,2024-10-26,0.7518,False
K01160,C0054,1,2024-10-26,0.1312,False
K01160,C0006,2,2024-10-26,0.6721,False
K01160,C0020,3,2024-10-26,0.6867,True
K01235,C0022,1,2024-10-26,0.3629,False
K01235,C0052,2,2024-10-26,0.5079,False
K01235,C0060,3,2024-10-26,0.3561,False
K01249,C0031,1,2024-10-26,0.7895,False
K01249,C0114,2,2024-10-26,1.0,False
K01249,C0084,3,2024-10-26,0.9892,True
K01269,C0007,1,2024-10-27,0.3312,False
K01269,C0055,2,2024-10-27,0.4164,False
K01269,C0108,3,2024-10-27,0.9628,True
K00800,C0060,1,2024-10-27,0.3561,False
K00800,C0040,2,2024-10-27,0.7159,False
K00800,C0058,3,2024-10-27,1.0,True
K00848,C0075,1,2024-10-27,0.4976,False
K00848,C0086,2,2024-10-27,0.4185,False
K00848,C0109,3,2024-10-27,0.3287,False
K00910,C0060,1,2024-10-27,0.3561,False
K00910,C0058,2,2024-10-27,1.0,True
K00910,C0040,3,2024-10-27,0.7159,False
K01305,C0060,1,2024-11-01,0.3561,False
K01305,C0109,2,2024-11-01,0.3287,False
K01305,C0110,3,2024-11-01,0.403,False
K00820,C0007,1,2024-11-01,0.3312,False
K00820,C0114,2,2024-11-01,1.0,True
K00820,C0027,3,2024-11-01,0.1043,False
K00852,C0054,1,2024-11-01,0.1312,False
K00852,C0047,2,2024-11-01,1.0,True
K00852,C0109,3,2024-11-01,0.3287,False
K00841,C0027,1,2024-11-04,0.1043,False
K00841,C0090,2,2024-11-04,0.6321,True
K00841,C0009,3,2024-11-04,0.5136,False
K00915,C0007,1,2024-11-04,0.3312,False
K00915,C0002,2,2024-11-04,0.7139,True
K00915,C0078,3,2024-11-04,0.3912,False
K01288,C0006,1,2024-11-05,0.6721,True
K01288,C0054,2,2024-11-05,0.1312,False
K01288,C0001,3,2024-11-05,0.6369,False
K00854,C0052,1,2024-11-05,0.5079,True
K00854,C0019,2,2024-11-05,1.0,False
K00854,C0022,3,2024-11-05,0.3629,False
K01226,C0031,1,2024-11-06,0.7895,False
K01226,C0114,2,2024-11-06,1.0,False
K01226,C0056,3,2024-11-06,0.2414,False
K01363,C0053,1,2024-11-06,0.5692,False
K01363,C0027,2,2024-11-06,0.1043,False
K01363,C0060,3,2024-11-06,0.3561,False
K01323,C0056,1,2024-11-06,0.2414,False
K01323,C0059,2,2024-11-06,0.6396,False
K01323,C0078,3,2024-11-06,0.3912,False
K01016,C0088,1,2024-11-07,1.0,True
K01016,C0020,2,2024-11-07,0.6867,False
K01016,C0036,3,2024-11-07,1.0,False
K01281,C0094,1,2024-11-07,1.0,True
K01281,C0074,2,2024-11-07,1.0,False
K01281,C0039,3,2024-11-07,1.0,False
K01503,C0054,1,2024-11-08,0.1312,False
K01503,C0071,2,2024-11-08,1.0,True
K01503,C0024,3,2024-11-08,0.6241,False
K00983,C0007,1,2024-11-08,0.3312,False
K00983,C0038,2,2024-11-08,0.7717,True
K00983,C0092,3,2024-11-08,1.0,False
K00779,C0054,1,2024-11-09,0.1312,False
K00779,C0047,2,2024-11-09,1.0,True
K00779,C0086,3,2024-11-09,0.4185,False
K00764,C0078,1,2024-11-11,0.3912,False
K00764,C0007,2,2024-11-11,0.3312,False
K00764,C0033,3,2024-11-11,0.4177,True
K01364,C0043,1,2024-11-12,0.3035,False
K01364,C0091,2,2024-11-12,0.3306,False
K01364,C0087,3,2024-11-12,0.0267,False
K00898,C0028,1,2024-11-13,0.5745,False
K00898,C0070,2,2024-11-13,0.8852,False
K00898,C0110,3,2024-11-13,0.403,False
K00730,C0054,1,2024-11-14,0.1312,False
K00730,C0012,2,2024-11-14,0.6089,False
K00730,C0101,3,2024-11-14,0.5975,False
K00997,C0116,1,2024-11-14,1.0,True
K00997,C0080,2,2024-11-14,1.0,False
K00997,C0043,3,2024-11-14,0.3035,False
K01042,C0019,1,2024-11-14,1.0,True
K01042,C0031,2,2024-11-14,0.7895,False
K01042,C0005,3,2024-11-14,0.901,False
K01495,C0022,1,2024-11-15,0.3629,False
K01495,C0019,2,2024-11-15,1.0,True
K01495,C0052,3,2024-11-15,0.5079,False
K01064,C0079,1,2024-11-15,0.328,False
K01064,C0112,2,2024-11-15,1.0,True
K01064,C0111,3,2024-11-15,0.7518,False
K01468,C0063,1,2024-11-15,1.0,False
K01468,C0101,2,2024-11-15,0.5975,True
K01468,C0073,3,2024-11-15,1.0,False
K00923,C0005,1,2024-11-16,0.901,False
K00923,C0075,2,2024-11-16,0.4976,True
K00923,C0070,3,2024-11-16,0.8852,False
K00903,C0027,1,2024-11-16,0.1043,False
K00903,C0009,2,2024-11-16,0.5136,False
K00903,C0090,3,2024-11-16,0.6321,False
K01090,C0054,1,2024-11-17,0.1312,False
K01090,C0047,2,2024-11-17,1.0,True
K01090,C0109,3,2024-11-17,0.3287,False
K00855,C0067,1,2024-11-17,1.0,True
K00855,C0029,2,2024-11-17,0.1875,False
K00855,C0027,3,2024-11-17,0.1043,False
K00891,C0004,1,2024-11-19,0.0,False
K00891,C0060,2,2024-11-19,0.3561,True
K00891,C0068,3,2024-11-19,0.8036,False
K00816,C0001,1,2024-11-19,0.6369,True
K00816,C0006,2,2024-11-19,0.6721,False
K00816,C0088,3,2024-11-19,1.0,False
K00660,C0073,1,2024-11-19,1.0,False
K00660,C0107,2,2024-11-19,0.9289,True
K00660,C0063,3,2024-11-19,1.0,False
K00687,C0024,1,2024-11-20,0.6241,False
K00687,C0054,2,2024-11-20,0.1312,False
K00687,C0097,3,2024-11-20,0.6906,False
K00942,C0093,1,2024-11-20,0.6848,False
K00942,C0027,2,2024-11-20,0.1043,False
K00942,C0011,3,2024-11-20,0.5793,False
K01174,C0056,1,2024-11-21,0.2414,False
K01174,C0059,2,2024-11-21,0.6396,True
K01174,C0096,3,2024-11-21,0.7439,False
K00693,C0031,1,2024-11-21,0.7895,False
K00693,C0002,2,2024-11-21,0.7139,True
K00693,C0081,3,2024-11-21,0.6906,False
K01491,C0043,1,2024-11-21,0.3035,False
K01491,C0087,2,2024-11-21,0.0267,False
K01491,C0034,3,2024-11-21,0.6887,False
K01065,C0074,1,2024-11-21,1.0,False
K01065,C0094,2,2024-11-21,1.0,True
K01065,C0039,3,2024-11-21,1.0,False
K01464,C0001,1,2024-11-22,0.6369,False
K01464,C0032,2,2024-11-22,0.093,False
K01464,C0054,3,2024-11-22,0.1312,False
K01149,C0007,1,2024-11-22,0.3312,False
K01149,C0048,2,2024-11-22,0.4161,False
K01149,C0110,3,2024-11-22,0.403,False
K00708,C0001,1,2024-11-23,0.6369,False
K00708,C0028,2,2024-11-23,0.5745,True
K00708,C0110,3,2024-11-23,0.403,False
K01029,C0004,1,2024-11-23,0.0,False
K01029,C0060,2,2024-11-23,0.3561,False
K01029,C0068,3,2024-11-23,0.8036,False
K01350,C0004,1,2024-11-23,0.0,False
K01350,C0068,2,2024-11-23,0.8036,False
K01350,C0060,3,2024-11-23,0.3561,True
K01421,C0031,1,2024-11-23,0.7895,False
K01421,C0084,2,2024-11-23,0.9892,False
K01421,C0114,3,2024-11-23,1.0,True
K01483,C0119,1,2024-11-24,0.664,True
K01483,C0042,2,2024-11-24,0.387,False
K01483,C0110,3,2024-11-24,0.403,False
K00874,C0108,1,2024-11-24,0.9628,True
K00874,C0117,2,2024-11-24,0.9361,False
K00874,C0027,3,2024-11-24,0.1043,False
K00654,C0049,1,2024-11-24,0.8849,True
K00654,C0078,2,2024-11-24,0.3912,False
K00654,C0007,3,2024-11-24,0.3312,False
K01378,C0098,1,2024-11-25,0.7302,False
K01378,C0119,2,2024-11-25,0.664,False
K01378,C0025,3,2024-11-25,1.0,True
K00759,C0006,1,2024-11-25,0.6721,False
K00759,C0088,2,2024-11-25,1.0,True
K00759,C0071,3,2024-11-25,1.0,False
K01271,C0027,1,2024-11-25,0.1043,False
K01271,C0009,2,2024-11-25,0.5136,False
K01271,C0090,3,2024-11-25,0.6321,False
K01196,C0022,1,2024-11-25,0.3629,False
K01196,C0072,2,2024-11-25,1.0,True
K01196,C0098,3,2024-11-25,0.7302,False
K00769,C0045,1,2024-11-25,0.8669,True
K00769,C0078,2,2024-11-25,0.3912,False
K00769,C0074,3,2024-11-25,1.0,False
K00927,C0009,1,2024-11-25,0.5136,False
K00927,C0027,2,2024-11-25,0.1043,False
K00927,C0090,3,2024-11-25,0.6321,False
K00822,C0091,1,2024-11-26,0.3306,False
K00822,C0043,2,2024-11-26,0.3035,False
K00822,C0034,3,2024-11-26,0.6887,True
K00987,C0040,1,2024-11-26,0.7159,False
K00987,C0060,2,2024-11-26,0.3561,False
K00987,C0084,3,2024-11-26,0.9892,True
K00798,C0072,1,2024-11-26,1.0,False
K00798,C0110,2,2024-11-26,0.403,False
K00798,C0087,3,2024-11-26,0.0267,False
K01238,C0022,1,2024-11-27,0.3629,False
K01238,C0093,2,2024-11-27,0.6848,False
K01238,C0054,3,2024-11-27,0.1312,False
K01318,C0098,1,2024-11-27,0.7302,False
K01318,C0067,2,2024-11-27,1.0,False
K01318,C0042,3,2024-11-27,0.387,False
K00818,C0027,1,2024-11-27,0.1043,False
K00818,C0009,2,2024-11-27,0.5136,False
K00818,C0090,3,2024-11-27,0.6321,False
K00906,C0054,1,2024-11-27,0.1312,False
K00906,C0047,2,2024-11-27,1.0,False
K00906,C0087,3,2024-11-27,0.0267,False
K00968,C0054,1,2024-12-01,0.1312,False
K00968,C0041,2,2024-12-01,0.3124,False
K00968,C0022,3,2024-12-01,0.3629,True
K01156,C0101,1,2024-12-01,0.5975,False
K01156,C0006,2,2024-12-01,0.6721,False
K01156,C0088,3,2024-12-01,1.0,True
K01185,C0050,1,2024-12-01,1.0,True
K01185,C0052,2,2024-12-01,0.5079,False
K01185,C0060,3,2024-12-01,0.3561,False
K01013,C0080,1,2024-12-02,1.0,True
K01013,C0091,2,2024-12-02,0.3306,False
K01013,C0013,3,2024-12-02,0.6899,False
K01335,C0081,1,2024-12-02,0.6906,False
K01335,C0013,2,2024-12-02,0.6899,False
K01335,C0031,3,2024-12-02,0.7895,False
K01499,C0007,1,2024-12-02,0.3312,False
K01499,C0103,2,2024-12-02,1.0,True
K01499,C0077,3,2024-12-02,1.0,False
K00692,C0113,1,2024-12-03,1.0,True
K00692,C0021,2,2024-12-03,0.7714,False
K00692,C0093,3,2024-12-03,0.6848,False
K01124,C0050,1,2024-12-03,1.0,True
K01124,C0030,2,2024-12-03,1.0,False
K01124,C0098,3,2024-12-03,0.7302,False
K01343,C0029,1,2024-12-03,0.1875,False
K01343,C0117,2,2024-12-03,0.9361,True
K01343,C0027,3,2024-12-03,0.1043,False
K00666,C0087,1,2024-12-03,0.0267,False
K00666,C0099,2,2024-12-03,0.8608,False
K00666,C0119,3,2024-12-03,0.664,True
K00929,C0101,1,2024-12-04,0.5975,False
K00929,C0071,2,2024-12-04,1.0,False
K00929,C0006,3,2024-12-04,0.6721,False
K01505,C0041,1,2024-12-04,0.3124,False
K01505,C0054,2,2024-12-04,0.1312,False
K01505,C0049,3,2024-12-04,0.8849,True
K00726,C0031,1,2024-12-04,0.7895,False
K00726,C0066,2,2024-12-04,1.0,True
K00726,C0087,3,2024-12-04,0.0267,False
K00844,C0109,1,2024-12-04,0.3287,False
K00844,C0054,2,2024-12-04,0.1312,False
K00844,C0098,3,2024-12-04,0.7302,False
K01091,C0077,1,2024-12-06,1.0,True
K01091,C0083,2,2024-12-06,0.5735,False
K01091,C0016,3,2024-12-06,0.6837,False
K00895,C0031,1,2024-12-06,0.7895,False
K00895,C0054,2,2024-12-06,0.1312,False
K00895,C0098,3,2024-12-06,0.7302,False
K01127,C0001,1,2024-12-06,0.6369,False
K01127,C0010,2,2024-12-06,0.7233,False
K01127,C0110,3,2024-12-06,0.403,False
K00885,C0101,1,2024-12-07,0.5975,True
K00885,C0006,2,2024-12-07,0.6721,False
K00885,C0012,3,2024-12-07,0.6089,False
K00890,C0029,1,2024-12-07,0.1875,False
K00890,C0098,2,2024-12-07,0.7302,False
K00890,C0027,3,2024-12-07,0.1043,False
K01261,C0024,1,2024-12-07,0.6241,False
K01261,C0008,2,2024-12-07,0.6952,False
K01261,C0039,3,2024-12-07,1.0,True
K01019,C0042,1,2024-12-08,0.387,False
K01019,C0119,2,2024-12-08,0.664,False
K01019,C0027,3,2024-12-08,0.1043,False
K01059,C0039,1,2024-12-08,1.0,False
K01059,C0094,2,2024-12-08,1.0,True
K01059,C0074,3,2024-12-08,1.0,False
K01470,C0063,1,2024-12-11,1.0,True
K01470,C0082,2,2024-12-11,0.8074,False
K01470,C0107,3,2024-12-11,0.9289,False
K00913,C0116,1,2024-12-12,1.0,False
K00913,C0053,2,2024-12-12,0.5692,False
K00913,C0031,3,2024-12-12,0.7895,True
K01229,C0007,1,2024-12-12,0.3312,False
K01229,C0092,2,2024-12-12,1.0,True
K01229,C0054,3,2024-12-12,0.1312,False
K01419,C0082,1,2024-12-13,0.8074,True
K01419,C0006,2,2024-12-13,0.6721,False
K01419,C0073,3,2024-12-13,1.0,False
K01204,C0107,1,2024-12-13,0.9289,False
K01204,C0006,2,2024-12-13,0.6721,False
K01204,C0073,3,2024-12-13,1.0,True
K00899,C0040,1,2024-12-14,0.7159,False
K00899,C0058,2,2024-12-14,1.0,True
K00899,C0060,3,2024-12-14,0.3561,False
K01466,C0074,1,2024-12-14,1.0,False
K01466,C0039,2,2024-12-14,1.0,True
K01466,C0094,3,2024-12-14,1.0,False
K00977,C0074,1,2024-12-15,1.0,False
K00977,C0039,2,2024-12-15,1.0,True
K00977,C0094,3,2024-12-15,1.0,False
K01349,C0007,1,2024-12-15,0.3312,False
K01349,C0114,2,2024-12-15,1.0,False
K01349,C0029,3,2024-12-15,0.1875,False
K00881,C0051,1,2024-12-15,0.6858,False
K00881,C0042,2,2024-12-15,0.387,False
K00881,C0029,3,2024-12-15,0.1875,False
K01287,C0040,1,2024-12-16,0.7159,False
K01287,C0084,2,2024-12-16,0.9892,False
K01287,C0060,3,2024-12-16,0.3561,False
K00941,C0074,1,2024-12-17,1.0,False
K00941,C0094,2,2024-12-17,1.0,False
K00941,C0039,3,2024-12-17,1.0,True
K00694,C0027,1,2024-12-17,0.1043,False
K00694,C0009,2,2024-12-17,0.5136,False
K00694,C0090,3,2024-12-17,0.6321,False
K00679,C0084,1,2024-12-18,0.9892,True
K00679,C0114,2,2024-12-18,1.0,False
K00679,C0031,3,2024-12-18,0.7895,False
K01166,C0081,1,2024-12-19,0.6906,False
K01166,C0056,2,2024-12-19,0.2414,False
K01166,C0085,3,2024-12-19,1.0,True
K01182,C0009,1,2024-12-20,0.5136,False
K01182,C0027,2,2024-12-20,0.1043,False
K01182,C0090,3,2024-12-20,0.6321,True
K00840,C0054,1,2024-12-20,0.1312,False
K00840,C0029,2,2024-12-20,0.1875,False
K00840,C0098,3,2024-12-20,0.7302,True
K00825,C0050,1,2024-12-21,1.0,True
K00825,C0098,2,2024-12-21,0.7302,False
K00825,C0106,3,2024-12-21,0.7671,False
K00756,C0087,1,2024-12-21,0.0267,False
K00756,C0054,2,2024-12-21,0.1312,False
K00756,C0109,3,2024-12-21,0.3287,False
K01385,C0007,1,2024-12-21,0.3312,False
K01385,C0055,2,2024-12-21,0.4164,False
K01385,C0092,3,2024-12-21,1.0,True
K00831,C0007,1,2024-12-22,0.3312,False
K00831,C0078,2,2024-12-22,0.3912,False
K00831,C0081,3,2024-12-22,0.6906,False
K01198,C0027,1,2024-12-23,0.1043,False
K01198,C0009,2,2024-12-23,0.5136,False
K01198,C0029,3,2024-12-23,0.1875,False
K01294,C0098,1,2024-12-23,0.7302,True
K01294,C0027,2,2024-12-23,0.1043,False
K01294,C0007,3,2024-12-23,0.3312,False
K01346,C0054,1,2024-12-23,0.1312,False
K01346,C0049,2,2024-12-23,0.8849,True
K01346,C0072,3,2024-12-23,1.0,False
K00853,C0024,1,2024-12-25,0.6241,False
K00853,C0054,2,2024-12-25,0.1312,False
K00853,C0097,3,2024-12-25,0.6906,False
K00916,C0024,1,2024-12-26,0.6241,False
K00916,C0097,2,2024-12-26,0.6906,True
K00916,C0006,3,2024-12-26,0.6721,False
K00737,C0007,1,2024-12-27,0.3312,False
K00737,C0112,2,2024-12-27,1.0,False
K00737,C0056,3,2024-12-27,0.2414,False
K01278,C0054,1,2024-12-27,0.1312,False
K01278,C0047,2,2024-12-27,1.0,True
K01278,C0012,3,2024-12-27,0.6089,False
K01328,C0112,1,2024-12-27,1.0,False
K01328,C0045,2,2024-12-27,0.8669,True
K01328,C0056,3,2024-12-27,0.2414,False
K01907,C0087,1,2025-01-01,0.0267,False
K01907,C0109,2,2025-01-01,0.3287,False
K01907,C0017,3,2025-01-01,0.9423,False
K02248,C0050,1,2025-01-01,1.0,True
K02248,C0095,2,2025-01-01,0.7468,False
K02248,C0074,3,2025-01-01,1.0,False
K01899,C0107,1,2025-01-01,0.9289,False
K01899,C0006,2,2025-01-01,0.6721,False
K01899,C0073,3,2025-01-01,1.0,True
K01861,C0004,1,2025-01-02,0.0,False
K01861,C0074,2,2025-01-02,1.0,True
K01861,C0068,3,2025-01-02,0.8036,False
K01890,C0007,1,2025-01-02,0.3312,False
K01890,C0055,2,2025-01-02,0.4164,False
K01890,C0108,3,2025-01-02,0.9628,False
K01848,C0098,1,2025-01-02,0.7302,False
K01848,C0067,2,2025-01-02,1.0,True
K01848,C0004,3,2025-01-02,0.0,False
K01925,C0106,1,2025-01-02,0.7671,True
K01925,C0030,2,2025-01-02,1.0,False
K01925,C0004,3,2025-01-02,0.0,False
K01734,C0107,1,2025-01-02,0.9289,True
K01734,C0073,2,2025-01-02,1.0,False
K01734,C0006,3,2025-01-02,0.6721,False
K02249,C0081,1,2025-01-03,0.6906,False
K02249,C0013,2,2025-01-03,0.6899,True
K02249,C0002,3,2025-01-03,0.7139,False
K01854,C0107,1,2025-01-03,0.9289,True
K01854,C0082,2,2025-01-03,0.8074,False
K01854,C0006,3,2025-01-03,0.6721,False
K02412,C0054,1,2025-01-03,0.1312,False
K02412,C0072,2,2025-01-03,1.0,True
K02412,C0049,3,2025-01-03,0.8849,False
K01635,C0054,1,2025-01-03,0.1312,False
K01635,C0047,2,2025-01-03,1.0,True
K01635,C0004,3,2025-01-03,0.0,False
K01564,C0055,1,2025-01-03,0.4164,False
K01564,C0054,2,2025-01-03,0.1312,False
K01564,C0027,3,2025-01-03,0.1043,False
K01772,C0087,1,2025-01-04,0.0267,False
K01772,C0017,2,2025-01-04,0.9423,True
K01772,C0099,3,2025-01-04,0.8608,False
K01884,C0111,1,2025-01-04,0.7518,True
K01884,C0053,2,2025-01-04,0.5692,False
K01884,C0032,3,2025-01-04,0.093,False
K01902,C0034,1,2025-01-05,0.6887,False
K01902,C0072,2,2025-01-05,1.0,True
K01902,C0081,3,2025-01-05,0.6906,False
K01592,C0054,1,2025-01-06,0.1312,False
K01592,C0006,2,2025-01-06,0.6721,False
K01592,C0024,3,2025-01-06,0.6241,True
K02080,C0053,1,2025-01-06,0.5692,False
K02080,C0095,2,2025-01-06,0.7468,True
K02080,C0003,3,2025-01-06,0.3232,False
K01739,C0116,1,2025-01-06,1.0,True
K01739,C0104,2,2025-01-06,1.0,False
K01739,C0032,3,2025-01-06,0.093,False
K01731,C0032,1,2025-01-06,0.093,False
K01731,C0070,2,2025-01-06,0.8852,False
K01731,C0055,3,2025-01-06,0.4164,False
K01687,C0114,1,2025-01-07,1.0,False
K01687,C0084,2,2025-01-07,0.9892,True
K01687,C0056,3,2025-01-07,0.2414,False
K01590,C0056,1,2025-01-07,0.2414,False
K01590,C0013,2,2025-01-07,0.6899,False
K01590,C0074,3,2025-01-07,1.0,True
K01906,C0040,1,2025-01-07,0.7159,False
K01906,C0025,2,2025-01-07,1.0,True
K01906,C0058,3,2025-01-07,1.0,False
K02217,C0057,1,2025-01-08,0.104,False
K02217,C0007,2,2025-01-08,0.3312,False
K02217,C0055,3,2025-01-08,0.4164,False
K02124,C0006,1,2025-01-08,0.6721,True
K02124,C0101,2,2025-01-08,0.5975,False
K02124,C0056,3,2025-01-08,0.2414,False
K01926,C0120,1,2025-01-08,0.7011,True
K01926,C0056,2,2025-01-08,0.2414,False
K01926,C0013,3,2025-01-08,0.6899,False
K02387,C0057,1,2025-01-08,0.104,False
K02387,C0055,2,2025-01-08,0.4164,False
K02387,C0027,3,2025-01-08,0.1043,False
K01841,C0116,1,2025-01-08,1.0,True
K01841,C0018,2,2025-01-08,0.5977,False
K01841,C0081,3,2025-01-08,0.6906,False
K01881,C0054,1,2025-01-08,0.1312,False
K01881,C0015,2,2025-01-08,1.0,False
K01881,C0005,3,2025-01-08,0.901,True
K02355,C0004,1,2025-01-09,0.0,False
K02355,C0030,2,2025-01-09,1.0,True
K02355,C0008,3,2025-01-09,0.6952,False
K02139,C0015,1,2025-01-09,1.0,False
K02139,C0023,2,2025-01-09,0.3529,False
K02139,C0109,3,2025-01-09,0.3287,False
K02254,C0027,1,2025-01-09,0.1043,False
K02254,C0009,2,2025-01-09,0.5136,False
K02254,C0090,3,2025-01-09,0.6321,True
K01971,C0055,1,2025-01-09,0.4164,False
K01971,C0007,2,2025-01-09,0.3312,False
K01971,C0108,3,2025-01-09,0.9628,True
K02234,C0101,1,2025-01-09,0.5975,False
K02234,C0082,2,2025-01-09,0.8074,False
K02234,C0006,3,2025-01-09,0.6721,False
K01805,C0077,1,2025-01-09,1.0,True
K01805,C0013,2,2025-01-09,0.6899,False
K01805,C0081,3,2025-01-09,0.6906,False
K01943,C0004,1,2025-01-09,0.0,False
K01943,C0054,2,2025-01-09,0.1312,False
K01943,C0030,3,2025-01-09,1.0,False
K02325,C0110,1,2025-01-09,0.403,False
K02325,C0048,2,2025-01-09,0.4161,False
K02325,C0016,3,2025-01-09,0.6837,False
K02335,C0081,1,2025-01-10,0.6906,True
K02335,C0043,2,2025-01-10,0.3035,False
K02335,C0087,3,2025-01-10,0.0267,False
K01980,C0104,1,2025-01-10,1.0,True
K01980,C0053,2,2025-01-10,0.5692,False
K01980,C0001,3,2025-01-10,0.6369,False
K02262,C0111,1,2025-01-11,0.7518,False
K02262,C0053,2,2025-01-11,0.5692,False
K02262,C0102,3,2025-01-11,0.664,False
K01583,C0063,1,2025-01-12,1.0,False
K01583,C0006,2,2025-01-12,0.6721,False
K01583,C0073,3,2025-01-12,1.0,True
K02111,C0112,1,2025-01-12,1.0,False
K02111,C0054,2,2025-01-12,0.1312,False
K02111,C0079,3,2025-01-12,0.328,False
K02296,C0098,1,2025-01-12,0.7302,False
K02296,C0114,2,2025-01-12,1.0,True
K02296,C0119,3,2025-01-12,0.664,False
K02272,C0074,1,2025-01-12,1.0,False
K02272,C0094,2,2025-01-12,1.0,True
K02272,C0004,3,2025-01-12,0.0,False
K01989,C0004,1,2025-01-13,0.0,False
K01989,C0030,2,2025-01-13,1.0,False
K01989,C0068,3,2025-01-13,0.8036,True
K02027,C0087,1,2025-01-13,0.0267,False
K02027,C0099,2,2025-01-13,0.8608,False
K02027,C0066,3,2025-01-13,1.0,False
K02247,C0050,1,2025-01-13,1.0,False
K02247,C0055,2,2025-01-13,0.4164,False
K02247,C0032,3,2025-01-13,0.093,False
K02120,C0011,1,2025-01-13,0.5793,True
K02120,C0027,2,2025-01-13,0.1043,False
K02120,C0018,3,2025-01-13,0.5977,False
K02180,C0050,1,2025-01-13,1.0,True
K02180,C0070,2,2025-01-13,0.8852,False
K02180,C0001,3,2025-01-13,0.6369,False
K02017,C0004,1,2025-01-14,0.0,False
K02017,C0054,2,2025-01-14,0.1312,False
K02017,C0015,3,2025-01-14,1.0,False
K02228,C0081,1,2025-01-14,0.6906,False
K02228,C0013,2,2025-01-14,0.6899,True
K02228,C0002,3,2025-01-14,0.7139,False
K02032,C0050,1,2025-01-14,1.0,True
K02032,C0055,2,2025-01-14,0.4164,False
K02032,C0032,3,2025-01-14,0.093,False
K01535,C0101,1,2025-01-14,0.5975,False
K01535,C0082,2,2025-01-14,0.8074,False
K01535,C0006,3,2025-01-14,0.6721,False
K01932,C0110,1,2025-01-14,0.403,False
K01932,C0010,2,2025-01-14,0.7233,True
K01932,C0108,3,2025-01-14,0.9628,False
K02102,C0103,1,2025-01-14,1.0,True
K02102,C0007,2,2025-01-14,0.3312,False
K02102,C0070,3,2025-01-14,0.8852,False
K02274,C0053,1,2025-01-15,0.5692,False
K02274,C0009,2,2025-01-15,0.5136,False
K02274,C0001,3,2025-01-15,0.6369,False
K02345,C0043,1,2025-01-15,0.3035,False
K02345,C0054,2,2025-01-15,0.1312,False
K02345,C0001,3,2025-01-15,0.6369,False
K01524,C0116,1,2025-01-16,1.0,True
K01524,C0018,2,2025-01-16,0.5977,False
K01524,C0040,3,2025-01-16,0.7159,False
K01931,C0001,1,2025-01-16,0.6369,False
K01931,C0032,2,2025-01-16,0.093,False
K01931,C0095,3,2025-01-16,0.7468,True
K01844,C0007,1,2025-01-16,0.3312,False
K01844,C0103,2,2025-01-16,1.0,False
K01844,C0055,3,2025-01-16,0.4164,False
K02322,C0004,1,2025-01-16,0.0,False
K02322,C0054,2,2025-01-16,0.1312,False
K02322,C0030,3,2025-01-16,1.0,False
K01860,C0054,1,2025-01-16,0.1312,False
K01860,C0041,2,2025-01-16,0.3124,False
K01860,C0049,3,2025-01-16,0.8849,False
K02396,C0004,1,2025-01-17,0.0,False
K02396,C0060,2,2025-01-17,0.3561,False
K02396,C0098,3,2025-01-17,0.7302,False
K01709,C0001,1,2025-01-17,0.6369,True
K01709,C0097,2,2025-01-17,0.6906,False
K01709,C0101,3,2025-01-17,0.5975,False
K01829,C0056,1,2025-01-18,0.2414,False
K01829,C0026,2,2025-01-18,0.5904,False
K01829,C0059,3,2025-01-18,0.6396,False
K02344,C0032,1,2025-01-18,0.093,False
K02344,C0001,2,2025-01-18,0.6369,False
K02344,C0095,3,2025-01-18,0.7468,False
K01706,C0110,1,2025-01-18,0.403,False
K01706,C0048,2,2025-01-18,0.4161,False
K01706,C0083,3,2025-01-18,0.5735,False
K01552,C0027,1,2025-01-18,0.1043,False
K01552,C0009,2,2025-01-18,0.5136,False
K01552,C0090,3,2025-01-18,0.6321,False
K02239,C0043,1,2025-01-19,0.3035,False
K02239,C0048,2,2025-01-19,0.4161,False
K02239,C0087,3,2025-01-19,0.0267,False
K01550,C0087,1,2025-01-19,0.0267,False
K01550,C0004,2,2025-01-19,0.0,False
K01550,C0110,3,2025-01-19,0.403,False
K02146,C0022,1,2025-01-19,0.3629,False
K02146,C0102,2,2025-01-19,0.664,False
K02146,C0009,3,2025-01-19,0.5136,False
K01633,C0032,1,2025-01-20,0.093,False
K01633,C0001,2,2025-01-20,0.6369,False
K01633,C0095,3,2025-01-20,0.7468,False
K01856,C0007,1,2025-01-20,0.3312,False
K01856,C0103,2,2025-01-20,1.0,True
K01856,C0032,3,2025-01-20,0.093,False
K01586,C0035,1,2025-01-20,1.0,False
K01586,C0050,2,2025-01-20,1.0,True
K01586,C0110,3,2025-01-20,0.403,False
K01934,C0054,1,2025-01-21,0.1312,False
K01934,C0004,2,2025-01-21,0.0,False
K01934,C0106,3,2025-01-21,0.7671,True
K02033,C0111,1,2025-01-21,0.7518,False
K02033,C0079,2,2025-01-21,0.328,False
K02033,C0027,3,2025-01-21,0.1043,False
K01673,C0087,1,2025-01-21,0.0267,False
K01673,C0099,2,2025-01-21,0.8608,True
K01673,C0017,3,2025-01-21,0.9423,False
K02147,C0056,1,2025-01-21,0.2414,False
K02147,C0059,2,2025-01-21,0.6396,False
K02147,C0013,3,2025-01-21,0.6899,True
K01509,C0032,1,2025-01-21,0.093,False
K01509,C0070,2,2025-01-21,0.8852,False
K01509,C0048,3,2025-01-21,0.4161,False
K02370,C0116,1,2025-01-22,1.0,False
K02370,C0102,2,2025-01-22,0.664,False
K02370,C0080,3,2025-01-22,1.0,False
K02011,C0053,1,2025-01-22,0.5692,False
K02011,C0027,2,2025-01-22,0.1043,False
K02011,C0032,3,2025-01-22,0.093,False
K01700,C0052,1,2025-01-22,0.5079,False
K01700,C0022,2,2025-01-22,0.3629,False
K01700,C0089,3,2025-01-22,0.8805,False
K02043,C0077,1,2025-01-22,1.0,True
K02043,C0081,2,2025-01-22,0.6906,False
K02043,C0002,3,2025-01-22,0.7139,False
K01575,C0059,1,2025-01-22,0.6396,False
K01575,C0056,2,2025-01-22,0.2414,False
K01575,C0081,3,2025-01-22,0.6906,False
K01964,C0074,1,2025-01-22,1.0,True
K01964,C0094,2,2025-01-22,1.0,False
K01964,C0039,3,2025-01-22,1.0,False
K01819,C0054,1,2025-01-22,0.1312,False
K01819,C0023,2,2025-01-22,0.3529,False
K01819,C0015,3,2025-01-22,1.0,False
K02181,C0056,1,2025-01-23,0.2414,False
K02181,C0059,2,2025-01-23,0.6396,False
K02181,C0026,3,2025-01-23,0.5904,False
K01727,C0009,1,2025-01-23,0.5136,False
K01727,C0111,2,2025-01-23,0.7518,True
K01727,C0018,3,2025-01-23,0.5977,False
K02056,C0097,1,2025-01-23,0.6906,True
K02056,C0029,2,2025-01-23,0.1875,False
K02056,C0054,3,2025-01-23,0.1312,False
K02210,C0034,1,2025-01-24,0.6887,False
K02210,C0072,2,2025-01-24,1.0,False
K02210,C0043,3,2025-01-24,0.3035,False
K02276,C0054,1,2025-01-24,0.1312,False
K02276,C0047,2,2025-01-24,1.0,True
K02276,C0004,3,2025-01-24,0.0,False
K02090,C0101,1,2025-01-24,0.5975,True
K02090,C0073,2,2025-01-24,1.0,False
K02090,C0084,3,2025-01-24,0.9892,False
K02148,C0052,1,2025-01-24,0.5079,False
K02148,C0022,2,2025-01-24,0.3629,False
K02148,C0060,3,2025-01-24,0.3561,False
K01545,C0001,1,2025-01-24,0.6369,False
K01545,C0048,2,2025-01-24,0.4161,True
K01545,C0070,3,2025-01-24,0.8852,False
K01886,C0056,1,2025-01-25,0.2414,False
K01886,C0059,2,2025-01-25,0.6396,False
K01886,C0033,3,2025-01-25,0.4177,True
K02074,C0032,1,2025-01-25,0.093,False
K02074,C0021,2,2025-01-25,0.7714,False
K02074,C0052,3,2025-01-25,0.5079,False
K02026,C0060,1,2025-01-25,0.3561,True
K02026,C0052,2,2025-01-25,0.5079,False
K02026,C0022,3,2025-01-25,0.3629,False
K01570,C0054,1,2025-01-25,0.1312,False
K01570,C0081,2,2025-01-25,0.6906,False
K01570,C0056,3,2025-01-25,0.2414,False
K01892,C0006,1,2025-01-25,0.6721,True
K01892,C0101,2,2025-01-25,0.5975,False
K01892,C0059,3,2025-01-25,0.6396,False
K01984,C0004,1,2025-01-25,0.0,False
K01984,C0008,2,2025-01-25,0.6952,False
K01984,C0030,3,2025-01-25,1.0,False
K02328,C0032,1,2025-01-25,0.093,False
K02328,C0007,2,2025-01-25,0.3312,False
K02328,C0055,3,2025-01-25,0.4164,False
K01835,C0114,1,2025-01-26,1.0,False
K01835,C0084,2,2025-01-26,0.9892,False
K01835,C0007,3,2025-01-26,0.3312,False
K01593,C0087,1,2025-01-26,0.0267,False
K01593,C0017,2,2025-01-26,0.9423,False
K01593,C0099,3,2025-01-26,0.8608,True
K02278,C0017,1,2025-01-27,0.9423,False
K02278,C0087,2,2025-01-27,0.0267,False
K02278,C0066,3,2025-01-27,1.0,False
K02086,C0027,1,2025-01-27,0.1043,False
K02086,C0009,2,2025-01-27,0.5136,False
K02086,C0090,3,2025-01-27,0.6321,False
K01753,C0108,1,2025-01-27,0.9628,True
K01753,C0027,2,2025-01-27,0.1043,False
K01753,C0057,3,2025-01-27,0.104,False
K01745,C0040,1,2025-02-01,0.7159,False
K01745,C0018,2,2025-02-01,0.5977,False
K01745,C0021,3,2025-02-01,0.7714,False
K01539,C0054,1,2025-02-01,0.1312,False
K01539,C0089,2,2025-02-01,0.8805,False
K01539,C0052,3,2025-02-01,0.5079,False
K01909,C0069,1,2025-02-01,0.6509,False
K01909,C0056,2,2025-02-01,0.2414,False
K01909,C0007,3,2025-02-01,0.3312,True
K02383,C0048,1,2025-02-01,0.4161,False
K02383,C0110,2,2025-02-01,0.403,False
K02383,C0032,3,2025-02-01,0.093,False
K01913,C0027,1,2025-02-02,0.1043,False
K01913,C0032,2,2025-02-02,0.093,False
K01913,C0021,3,2025-02-02,0.7714,False
K02364,C0069,1,2025-02-02,0.6509,False
K02364,C0085,2,2025-02-02,1.0,True
K02364,C0059,3,2025-02-02,0.6396,False
K02384,C0032,1,2025-02-03,0.093,False
K02384,C0055,2,2025-02-03,0.4164,False
K02384,C0048,3,2025-02-03,0.4161,False
K02413,C0081,1,2025-02-03,0.6906,False
K02413,C0002,2,2025-02-03,0.7139,False
K02413,C0116,3,2025-02-03,1.0,True
K01918,C0069,1,2025-02-03,0.6509,False
K01918,C0101,2,2025-02-03,0.5975,False
K01918,C0006,3,2025-02-03,0.6721,True
K01743,C0066,1,2025-02-03,1.0,True
K01743,C0065,2,2025-02-03,1.0,False
K01743,C0048,3,2025-02-03,0.4161,False
K02257,C0079,1,2025-02-04,0.328,False
K02257,C0112,2,2025-02-04,1.0,False
K02257,C0024,3,2025-02-04,0.6241,False
K02104,C0119,1,2025-02-04,0.664,False
K02104,C0098,2,2025-02-04,0.7302,False
K02104,C0114,3,2025-02-04,1.0,True
K01842,C0055,1,2025-02-06,0.4164,True
K01842,C0027,2,2025-02-06,0.1043,False
K01842,C0057,3,2025-02-06,0.104,False
K02333,C0074,1,2025-02-06,1.0,False
K02333,C0039,2,2025-02-06,1.0,True
K02333,C0094,3,2025-02-06,1.0,False
K02155,C0032,1,2025-02-06,0.093,False
K02155,C0102,2,2025-02-06,0.664,False
K02155,C0053,3,2025-02-06,0.5692,True
K01611,C0001,1,2025-02-07,0.6369,True
K01611,C0069,2,2025-02-07,0.6509,False
K01611,C0110,3,2025-02-07,0.403,False
K02326,C0004,1,2025-02-08,0.0,False
K02326,C0068,2,2025-02-08,0.8036,True
K02326,C0098,3,2025-02-08,0.7302,False
K01678,C0116,1,2025-02-08,1.0,True
K01678,C0087,2,2025-02-08,0.0267,False
K01678,C0009,3,2025-02-08,0.5136,False
K01757,C0056,1,2025-02-08,0.2414,False
K01757,C0059,2,2025-02-08,0.6396,False
K01757,C0069,3,2025-02-08,0.6509,False
K01882,C0040,1,2025-02-08,0.7159,False
K01882,C0084,2,2025-02-08,0.9892,False
K01882,C0058,3,2025-02-08,1.0,True
K02270,C0119,1,2025-02-08,0.664,False
K02270,C0098,2,2025-02-08,0.7302,False
K02270,C0114,3,2025-02-08,1.0,True
K01874,C0002,1,2025-02-08,0.7139,True
K01874,C0081,2,2025-02-08,0.6906,False
K01874,C0013,3,2025-02-08,0.6899,False
K02338,C0032,1,2025-02-09,0.093,False
K02338,C0102,2,2025-02-09,0.664,False
K02338,C0009,3,2025-02-09,0.5136,False
K01601,C0054,1,2025-02-09,0.1312,False
K01601,C0069,2,2025-02-09,0.6509,False
K01601,C0036,3,2025-02-09,1.0,True
K02118,C0022,1,2025-02-09,0.3629,False
K02118,C0018,2,2025-02-09,0.5977,False
K02118,C0040,3,2025-02-09,0.7159,False
K02218,C0082,1,2025-02-09,0.8074,False
K02218,C0084,2,2025-02-09,0.9892,False
K02218,C0101,3,2025-02-09,0.5975,False
K02341,C0050,1,2025-02-10,1.0,True
K02341,C0032,2,2025-02-10,0.093,False
K02341,C0110,3,2025-02-10,0.403,False
K02185,C0059,1,2025-02-11,0.6396,False
K02185,C0056,2,2025-02-11,0.2414,False
K02185,C0069,3,2025-02-11,0.6509,True
K01852,C0066,1,2025-02-11,1.0,True
K01852,C0083,2,2025-02-11,0.5735,False
K01852,C0048,3,2025-02-11,0.4161,False
K01821,C0119,1,2025-02-11,0.664,False
K01821,C0054,2,2025-02-11,0.1312,False
K01821,C0087,3,2025-02-11,0.0267,False
K02137,C0083,1,2025-02-12,0.5735,True
K02137,C0043,2,2025-02-12,0.3035,False
K02137,C0080,3,2025-02-12,1.0,False
K02213,C0007,1,2025-02-12,0.3312,False
K02213,C0103,2,2025-02-12,1.0,True
K02213,C0026,3,2025-02-12,0.5904,False
K01639,C0081,1,2025-02-13,0.6906,False
K01639,C0002,2,2025-02-13,0.7139,False
K01639,C0077,3,2025-02-13,1.0,True
K01855,C0027,1,2025-02-13,0.1043,False
K01855,C0009,2,2025-02-13,0.5136,True
K01855,C0025,3,2025-02-13,1.0,False
K02202,C0082,1,2025-02-13,0.8074,False
K02202,C0084,2,2025-02-13,0.9892,False
K02202,C0107,3,2025-02-13,0.9289,False
K01908,C0119,1,2025-02-13,0.664,False
K01908,C0098,2,2025-02-13,0.7302,False
K01908,C0025,3,2025-02-13,1.0,True
K01781,C0057,1,2025-02-14,0.104,False
K01781,C0027,2,2025-02-14,0.1043,False
K01781,C0119,3,2025-02-14,0.664,True
K01838,C0054,1,2025-02-14,0.1312,False
K01838,C0071,2,2025-02-14,1.0,False
K01838,C0088,3,2025-02-14,1.0,False
K01928,C0119,1,2025-02-14,0.664,True
K01928,C0081,2,2025-02-14,0.6906,False
K01928,C0043,3,2025-02-14,0.3035,False
K01651,C0084,1,2025-02-15,0.9892,True
K01651,C0060,2,2025-02-15,0.3561,False
K01651,C0040,3,2025-02-15,0.7159,False
K02332,C0032,1,2025-02-15,0.093,False
K02332,C0110,2,2025-02-15,0.403,False
K02332,C0054,3,2025-02-15,0.1312,False
K01961,C0054,1,2025-02-15,0.1312,False
K01961,C0086,2,2025-02-15,0.4185,False
K01961,C0015,3,2025-02-15,1.0,True
K02264,C0004,1,2025-02-15,0.0,False
K02264,C0098,2,2025-02-15,0.7302,False
K02264,C0068,3,2025-02-15,0.8036,True
K02049,C0029,1,2025-02-16,0.1875,False
K02049,C0057,2,2025-02-16,0.104,False
K02049,C0051,3,2025-02-16,0.6858,False
K01976,C0001,1,2025-02-17,0.6369,False
K01976,C0070,2,2025-02-17,0.8852,True
K01976,C0054,3,2025-02-17,0.1312,False
K02208,C0024,1,2025-02-17,0.6241,False
K02208,C0112,2,2025-02-17,1.0,False
K02208,C0054,3,2025-02-17,0.1312,False
K01523,C0052,1,2025-02-17,0.5079,False
K01523,C0060,2,2025-02-17,0.3561,False
K01523,C0094,3,2025-02-17,1.0,False
K02023,C0119,1,2025-02-17,0.664,False
K02023,C0098,2,2025-02-17,0.7302,False
K02023,C0025,3,2025-02-17,1.0,True
K01612,C0094,1,2025-02-17,1.0,True
K01612,C0074,2,2025-02-17,1.0,False
K01612,C0008,3,2025-02-17,0.6952,False
K02215,C0032,1,2025-02-18,0.093,False
K02215,C0054,2,2025-02-18,0.1312,False
K02215,C0070,3,2025-02-18,0.8852,False
K01536,C0074,1,2025-02-19,1.0,False
K01536,C0094,2,2025-02-19,1.0,False
K01536,C0039,3,2025-02-19,1.0,True
K02035,C0080,1,2025-02-19,1.0,False
K02035,C0054,2,2025-02-19,0.1312,False
K02035,C0043,3,2025-02-19,0.3035,False
K01940,C0082,1,2025-02-20,0.8074,False
K01940,C0056,2,2025-02-20,0.2414,False
K01940,C0069,3,2025-02-20,0.6509,True
K01810,C0063,1,2025-02-20,1.0,False
K01810,C0082,2,2025-02-20,0.8074,True
K01810,C0101,3,2025-02-20,0.5975,False
K01837,C0032,1,2025-02-20,0.093,False
K01837,C0110,2,2025-02-20,0.403,False
K01837,C0055,3,2025-02-20,0.4164,False
K01604,C0081,1,2025-02-21,0.6906,False
K01604,C0059,2,2025-02-21,0.6396,False
K01604,C0056,3,2025-02-21,0.2414,False
K02170,C0110,1,2025-02-21,0.403,False
K02170,C0081,2,2025-02-21,0.6906,True
K02170,C0056,3,2025-02-21,0.2414,False
K01562,C0001,1,2025-02-22,0.6369,False
K01562,C0028,2,2025-02-22,0.5745,False
K01562,C0071,3,2025-02-22,1.0,True
K01515,C0032,1,2025-02-22,0.093,False
K01515,C0102,2,2025-02-22,0.664,False
K01515,C0003,3,2025-02-22,0.3232,False
K02311,C0022,1,2025-02-23,0.3629,False
K02311,C0072,2,2025-02-23,1.0,False
K02311,C0089,3,2025-02-23,0.8805,False
K02446,C0032,1,2025-02-23,0.093,False
K02446,C0113,2,2025-02-23,1.0,False
K02446,C0102,3,2025-02-23,0.664,False
K01620,C0114,1,2025-02-23,1.0,True
K01620,C0084,2,2025-02-23,0.9892,False
K01620,C0004,3,2025-02-23,0.0,False
K01637,C0007,1,2025-02-23,0.3312,False
K01637,C0114,2,2025-02-23,1.0,True
K01637,C0057,3,2025-02-23,0.104,False
K01939,C0061,1,2025-02-24,0.6605,False
K01939,C0052,2,2025-02-24,0.5079,True
K01939,C0034,3,2025-02-24,0.6887,False
K01622,C0087,1,2025-02-24,0.0267,False
K01622,C0109,2,2025-02-24,0.3287,False
K01622,C0005,3,2025-02-24,0.901,False
K01588,C0028,1,2025-02-24,0.5745,True
K01588,C0110,2,2025-02-24,0.403,False
K01588,C0032,3,2025-02-24,0.093,False
K01555,C0081,1,2025-02-24,0.6906,False
K01555,C0002,2,2025-02-24,0.7139,False
K01555,C0013,3,2025-02-24,0.6899,True
K01777,C0098,1,2025-02-24,0.7302,False
K01777,C0067,2,2025-02-24,1.0,True
K01777,C0027,3,2025-02-24,0.1043,False
K02093,C0063,1,2025-02-24,1.0,False
K02093,C0101,2,2025-02-24,0.5975,False
K02093,C0082,3,2025-02-24,0.8074,False
K02391,C0041,1,2025-02-25,0.3124,False
K02391,C0054,2,2025-02-25,0.1312,False
K02391,C0049,3,2025-02-25,0.8849,True
K01534,C0065,1,2025-02-25,1.0,False
K01534,C0016,2,2025-02-25,0.6837,False
K01534,C0110,3,2025-02-25,0.403,False
K01531,C0082,1,2025-02-25,0.8074,False
K01531,C0063,2,2025-02-25,1.0,False
K01531,C0107,3,2025-02-25,0.9289,True
K01557,C0055,1,2025-02-25,0.4164,False
K01557,C0007,2,2025-02-25,0.3312,False
K01557,C0108,3,2025-02-25,0.9628,True
K01741,C0087,1,2025-02-25,0.0267,False
K01741,C0060,2,2025-02-25,0.3561,False
K01741,C0004,3,2025-02-25,0.0,False
K01839,C0032,1,2025-02-26,0.093,False
K01839,C0095,2,2025-02-26,0.7468,False
K01839,C0001,3,2025-02-26,0.6369,True
K02176,C0032,1,2025-02-26,0.093,False
K02176,C0023,2,2025-02-26,0.3529,False
K02176,C0109,3,2025-02-26,0.3287,False
K02123,C0110,1,2025-02-27,0.403,False
K02123,C0081,2,2025-02-27,0.6906,False
K02123,C0043,3,2025-02-27,0.3035,False
K01898,C0061,1,2025-02-27,0.6605,False
K01898,C0004,2,2025-02-27,0.0,False
K01898,C0079,3,2025-02-27,0.328,False
K02009,C0061,1,2025-02-27,0.6605,False
K02009,C0057,2,2025-02-27,0.104,False
K02009,C0117,3,2025-02-27,0.9361,False
K02149,C0084,1,2025-02-27,0.9892,True
K02149,C0114,2,2025-02-27,1.0,False
K02149,C0075,3,2025-02-27,0.4976,False
K02305,C0055,1,2025-02-27,0.4164,False
K02305,C0007,2,2025-02-27,0.3312,False
K02305,C0108,3,2025-02-27,0.9628,False
K02151,C0034,1,2025-02-27,0.6887,True
K02151,C0008,2,2025-02-27,0.6952,False
K02151,C0061,3,2025-02-27,0.6605,False
K02336,C0060,1,2025-03-01,0.3561,False
K02336,C0025,2,2025-03-01,1.0,False
K02336,C0040,3,2025-03-01,0.7159,False
K01711,C0040,1,2025-03-01,0.7159,False
K01711,C0018,2,2025-03-01,0.5977,True
K01711,C0063,3,2025-03-01,1.0,False
K01652,C0057,1,2025-03-01,0.104,False
K01652,C0117,2,2025-03-01,0.9361,False
K01652,C0027,3,2025-03-01,0.1043,False
K02121,C0034,1,2025-03-03,0.6887,False
K02121,C0072,2,2025-03-03,1.0,True
K02121,C0087,3,2025-03-03,0.0267,False
K01638,C0087,1,2025-03-03,0.0267,False
K01638,C0066,2,2025-03-03,1.0,False
K01638,C0099,3,2025-03-03,0.8608,True
K02439,C0056,1,2025-03-03,0.2414,False
K02439,C0059,2,2025-03-03,0.6396,False
K02439,C0081,3,2025-03-03,0.6906,False
K02358,C0060,1,2025-03-03,0.3561,False
K02358,C0040,2,2025-03-03,0.7159,False
K02358,C0025,3,2025-03-03,1.0,False
K01708,C0080,1,2025-03-04,1.0,True
K01708,C0054,2,2025-03-04,0.1312,False
K01708,C0043,3,2025-03-04,0.3035,False
K02441,C0054,1,2025-03-04,0.1312,False
K02441,C0097,2,2025-03-04,0.6906,False
K02441,C0101,3,2025-03-04,0.5975,False
K02144,C0119,1,2025-03-04,0.664,True
K02144,C0098,2,2025-03-04,0.7302,False
K02144,C0025,3,2025-03-04,1.0,False
K01551,C0063,1,2025-03-04,1.0,True
K01551,C0101,2,2025-03-04,0.5975,False
K01551,C0073,3,2025-03-04,1.0,False
K02405,C0007,1,2025-03-05,0.3312,False
K02405,C0114,2,2025-03-05,1.0,True
K02405,C0051,3,2025-03-05,0.6858,False
K02340,C0110,1,2025-03-05,0.403,False
K02340,C0109,2,2025-03-05,0.3287,False
K02340,C0060,3,2025-03-05,0.3561,False
K01817,C0022,1,2025-03-06,0.3629,False
K01817,C0113,2,2025-03-06,1.0,True
K01817,C0054,3,2025-03-06,0.1312,False
K01833,C0087,1,2025-03-07,0.0267,False
K01833,C0017,2,2025-03-07,0.9423,False
K01833,C0119,3,2025-03-07,0.664,False
K01870,C0032,1,2025-03-07,0.093,False
K01870,C0054,2,2025-03-07,0.1312,False
K01870,C0110,3,2025-03-07,0.403,True
K02402,C0075,1,2025-03-07,0.4976,False
K02402,C0023,2,2025-03-07,0.3529,False
K02402,C0054,3,2025-03-07,0.1312,False
K01948,C0057,1,2025-03-07,0.104,False
K01948,C0117,2,2025-03-07,0.9361,False
K01948,C0054,3,2025-03-07,0.1312,False
K01937,C0112,1,2025-03-08,1.0,True
K01937,C0073,2,2025-03-08,1.0,False
K01937,C0101,3,2025-03-08,0.5975,False
K01752,C0061,1,2025-03-08,0.6605,False
K01752,C0019,2,2025-03-08,1.0,True
K01752,C0098,3,2025-03-08,0.7302,False
K02366,C0007,1,2025-03-08,0.3312,False
K02366,C0055,2,2025-03-08,0.4164,False
K02366,C0108,3,2025-03-08,0.9628,False
K02429,C0022,1,2025-03-08,0.3629,False
K02429,C0072,2,2025-03-08,1.0,False
K02429,C0089,3,2025-03-08,0.8805,False
K02127,C0098,1,2025-03-08,0.7302,False
K02127,C0067,2,2025-03-08,1.0,True
K02127,C0029,3,2025-03-08,0.1875,False
K01647,C0054,1,2025-03-08,0.1312,False
K01647,C0041,2,2025-03-08,0.3124,False
K01647,C0049,3,2025-03-08,0.8849,True
K02227,C0075,1,2025-03-08,0.4976,False
K02227,C0054,2,2025-03-08,0.1312,False
K02227,C0109,3,2025-03-08,0.3287,False
K01879,C0027,1,2025-03-08,0.1043,False
K01879,C0009,2,2025-03-08,0.5136,False
K01879,C0025,3,2025-03-08,1.0,True
K02002,C0101,1,2025-03-09,0.5975,False
K02002,C0054,2,2025-03-09,0.1312,False
K02002,C0097,3,2025-03-09,0.6906,True
K02098,C0088,1,2025-03-09,1.0,True
K02098,C0101,2,2025-03-09,0.5975,False
K02098,C0071,3,2025-03-09,1.0,False
K02138,C0061,1,2025-03-10,0.6605,False
K02138,C0054,2,2025-03-10,0.1312,False
K02138,C0008,3,2025-03-10,0.6952,False
K01992,C0054,1,2025-03-10,0.1312,False
K01992,C0101,2,2025-03-10,0.5975,False
K01992,C0085,3,2025-03-10,1.0,False
K02375,C0054,1,2025-03-10,0.1312,False
K02375,C0040,2,2025-03-10,0.7159,True
K02375,C0087,3,2025-03-10,0.0267,False
K01807,C0054,1,2025-03-10,0.1312,False
K01807,C0086,2,2025-03-10,0.4185,False
K01807,C0023,3,2025-03-10,0.3529,False
K01857,C0069,1,2025-03-11,0.6509,False
K01857,C0101,2,2025-03-11,0.5975,False
K01857,C0054,3,2025-03-11,0.1312,False
K02058,C0029,1,2025-03-12,0.1875,False
K02058,C0117,2,2025-03-12,0.9361,False
K02058,C0027,3,2025-03-12,0.1043,False
K02424,C0114,1,2025-03-12,1.0,True
K02424,C0084,2,2025-03-12,0.9892,False
K02424,C0004,3,2025-03-12,0.0,False
K02233,C0054,1,2025-03-12,0.1312,False
K02233,C0047,2,2025-03-12,1.0,False
K02233,C0005,3,2025-03-12,0.901,True
K01547,C0056,1,2025-03-13,0.2414,False
K01547,C0101,2,2025-03-13,0.5975,False
K01547,C0002,3,2025-03-13,0.7139,True
K01532,C0060,1,2025-03-13,0.3561,False
K01532,C0058,2,2025-03-13,1.0,False
K01532,C0040,3,2025-03-13,0.7159,False
K01900,C0032,1,2025-03-13,0.093,False
K01900,C0055,2,2025-03-13,0.4164,False
K01900,C0007,3,2025-03-13,0.3312,True
K01811,C0116,1,2025-03-13,1.0,True
K01811,C0016,2,2025-03-13,0.6837,False
K01811,C0104,3,2025-03-13,1.0,False
K02353,C0002,1,2025-03-14,0.7139,False
K02353,C0077,2,2025-03-14,1.0,True
K02353,C0081,3,2025-03-14,0.6906,False
K02244,C0086,1,2025-03-14,0.4185,False
K02244,C0004,2,2025-03-14,0.0,False
K02244,C0054,3,2025-03-14,0.1312,False
K02292,C0027,1,2025-03-14,0.1043,False
K02292,C0009,2,2025-03-14,0.5136,False
K02292,C0025,3,2025-03-14,1.0,True
K01725,C0054,1,2025-03-14,0.1312,False
K01725,C0098,2,2025-03-14,0.7302,True
K01725,C0027,3,2025-03-14,0.1043,False
K01818,C0085,1,2025-03-15,1.0,True
K01818,C0033,2,2025-03-15,0.4177,False
K01818,C0101,3,2025-03-15,0.5975,False
K01997,C0073,1,2025-03-16,1.0,True
K01997,C0101,2,2025-03-16,0.5975,False
K01997,C0094,3,2025-03-16,1.0,False
K01824,C0095,1,2025-03-17,0.7468,False
K01824,C0032,2,2025-03-17,0.093,False
K01824,C0010,3,2025-03-17,0.7233,True
K02006,C0101,1,2025-03-18,0.5975,False
K02006,C0056,2,2025-03-18,0.2414,False
K02006,C0081,3,2025-03-18,0.6906,False
K01771,C0104,1,2025-03-18,1.0,True
K01771,C0095,2,2025-03-18,0.7468,False
K01771,C0009,3,2025-03-18,0.5136,False
K01960,C0034,1,2025-03-18,0.6887,False
K01960,C0072,2,2025-03-18,1.0,False
K01960,C0065,3,2025-03-18,1.0,False
K01758,C0054,1,2025-03-18,0.1312,False
K01758,C0041,2,2025-03-18,0.3124,False
K01758,C0036,3,2025-03-18,1.0,True
K02350,C0103,1,2025-03-19,1.0,True
K02350,C0007,2,2025-03-19,0.3312,False
K02350,C0101,3,2025-03-19,0.5975,False
K02347,C0087,1,2025-03-19,0.0267,True
K02347,C0060,2,2025-03-19,0.3561,False
K02347,C0109,3,2025-03-19,0.3287,False
K02072,C0060,1,2025-03-19,0.3561,False
K02072,C0052,2,2025-03-19,0.5079,False
K02072,C0094,3,2025-03-19,1.0,True
K02070,C0074,1,2025-03-19,1.0,True
K02070,C0101,2,2025-03-19,0.5975,False
K02070,C0082,3,2025-03-19,0.8074,False
K01605,C0024,1,2025-03-20,0.6241,True
K01605,C0061,2,2025-03-20,0.6605,False
K01605,C0101,3,2025-03-20,0.5975,False
K02426,C0022,1,2025-03-21,0.3629,False
K02426,C0027,2,2025-03-21,0.1043,False
K02426,C0054,3,2025-03-21,0.1312,False
K02397,C0084,1,2025-03-21,0.9892,True
K02397,C0114,2,2025-03-21,1.0,False
K02397,C0054,3,2025-03-21,0.1312,False
K01512,C0065,1,2025-03-21,1.0,True
K01512,C0043,2,2025-03-21,0.3035,False
K01512,C0017,3,2025-03-21,0.9423,False
K02266,C0027,1,2025-03-21,0.1043,False
K02266,C0029,2,2025-03-21,0.1875,False
K02266,C0117,3,2025-03-21,0.9361,True
K01911,C0056,1,2025-03-22,0.2414,False
K01911,C0059,2,2025-03-22,0.6396,False
K01911,C0033,3,2025-03-22,0.4177,False
K01657,C0111,1,2025-03-22,0.7518,False
K01657,C0095,2,2025-03-22,0.7468,True
K01657,C0102,3,2025-03-22,0.664,False
K02313,C0101,1,2025-03-22,0.5975,False
K02313,C0006,2,2025-03-22,0.6721,False
K02313,C0082,3,2025-03-22,0.8074,False
K02041,C0099,1,2025-03-22,0.8608,False
K02041,C0017,2,2025-03-22,0.9423,False
K02041,C0066,3,2025-03-22,1.0,False
K02286,C0101,1,2025-03-22,0.5975,False
K02286,C0006,2,2025-03-22,0.6721,False
K02286,C0069,3,2025-03-22,0.6509,False
K02189,C0101,1,2025-03-22,0.5975,False
K02189,C0059,2,2025-03-22,0.6396,False
K02189,C0056,3,2025-03-22,0.2414,False
K01812,C0051,1,2025-03-23,0.6858,False
K01812,C0057,2,2025-03-23,0.104,False
K01812,C0029,3,2025-03-23,0.1875,False
K01606,C0057,1,2025-03-24,0.104,False
K01606,C0055,2,2025-03-24,0.4164,False
K01606,C0029,3,2025-03-24,0.1875,False
K02179,C0116,1,2025-03-24,1.0,False
K02179,C0032,2,2025-03-24,0.093,False
K02179,C0027,3,2025-03-24,0.1043,False
K01746,C0098,1,2025-03-24,0.7302,False
K01746,C0119,2,2025-03-24,0.664,True
K01746,C0025,3,2025-03-24,1.0,False
K02438,C0032,1,2025-03-24,0.093,False
K02438,C0027,2,2025-03-24,0.1043,False
K02438,C0102,3,2025-03-24,0.664,True
K02109,C0101,1,2025-03-24,0.5975,False
K02109,C0082,2,2025-03-24,0.8074,False
K02109,C0063,3,2025-03-24,1.0,False
K01963,C0084,1,2025-03-25,0.9892,True
K01963,C0056,2,2025-03-25,0.2414,False
K01963,C0059,3,2025-03-25,0.6396,False
K01576,C0054,1,2025-03-26,0.1312,False
K01576,C0047,2,2025-03-26,1.0,False
K01576,C0109,3,2025-03-26,0.3287,False
K02334,C0055,1,2025-03-26,0.4164,False
K02334,C0108,2,2025-03-26,0.9628,True
K02334,C0007,3,2025-03-26,0.3312,False
K02039,C0054,1,2025-03-26,0.1312,False
K02039,C0061,2,2025-03-26,0.6605,True
K02039,C0101,3,2025-03-26,0.5975,False
K02339,C0054,1,2025-03-26,0.1312,False
K02339,C0041,2,2025-03-26,0.3124,False
K02339,C0022,3,2025-03-26,0.3629,False
K02089,C0054,1,2025-03-26,0.1312,False
K02089,C0047,2,2025-03-26,1.0,True
K02089,C0075,3,2025-03-26,0.4976,False
K02141,C0052,1,2025-03-26,0.5079,True
K02141,C0022,2,2025-03-26,0.3629,False
K02141,C0089,3,2025-03-26,0.8805,False
K01895,C0033,1,2025-03-26,0.4177,False
K01895,C0081,2,2025-03-26,0.6906,False
K01895,C0059,3,2025-03-26,0.6396,False
K02261,C0056,1,2025-03-27,0.2414,False
K02261,C0033,2,2025-03-27,0.4177,False
K02261,C0059,3,2025-03-27,0.6396,True
K02095,C0081,1,2025-03-27,0.6906,False
K02095,C0002,2,2025-03-27,0.7139,True
K02095,C0013,3,2025-03-27,0.6899,False
K02046,C0043,1,2025-03-27,0.3035,False
K02046,C0016,2,2025-03-27,0.6837,True
K02046,C0099,3,2025-03-27,0.8608,False
K01554,C0103,1,2025-03-27,1.0,False
K01554,C0007,2,2025-03-27,0.3312,False
K01554,C0056,3,2025-03-27,0.2414,False
K01809,C0019,1,2025-04-01,1.0,False
K01809,C0069,2,2025-04-01,0.6509,True
K01809,C0043,3,2025-04-01,0.3035,False
K01998,C0110,1,2025-04-02,0.403,False
K01998,C0108,2,2025-04-02,0.9628,True
K01998,C0010,3,2025-04-02,0.7233,False
K02029,C0033,1,2025-04-02,0.4177,False
K02029,C0056,2,2025-04-02,0.2414,False
K02029,C0074,3,2025-04-02,1.0,True
K01952,C0101,1,2025-04-02,0.5975,True
K01952,C0029,2,2025-04-02,0.1875,False
K01952,C0009,3,2025-04-02,0.5136,False
K01548,C0017,1,2025-04-02,0.9423,True
K01548,C0054,2,2025-04-02,0.1312,False
K01548,C0043,3,2025-04-02,0.3035,False
K01748,C0004,1,2025-04-02,0.0,False
K01748,C0098,2,2025-04-02,0.7302,True
K01748,C0060,3,2025-04-02,0.3561,False
K01670,C0086,1,2025-04-02,0.4185,False
K01670,C0054,2,2025-04-02,0.1312,False
K01670,C0004,3,2025-04-02,0.0,False
K02020,C0054,1,2025-04-03,0.1312,False
K02020,C0071,2,2025-04-03,1.0,False
K02020,C0097,3,2025-04-03,0.6906,False
K02289,C0060,1,2025-04-03,0.3561,False
K02289,C0052,2,2025-04-03,0.5079,False
K02289,C0022,3,2025-04-03,0.3629,True
K01628,C0054,1,2025-04-03,0.1312,False
K01628,C0047,2,2025-04-03,1.0,False
K01628,C0023,3,2025-04-03,0.3529,False
K01941,C0116,1,2025-04-03,1.0,True
K01941,C0021,2,2025-04-03,0.7714,False
K01941,C0027,3,2025-04-03,0.1043,False
K01668,C0027,1,2025-04-03,0.1043,False
K01668,C0011,2,2025-04-03,0.5793,False
K01668,C0032,3,2025-04-03,0.093,False
K01938,C0101,1,2025-04-04,0.5975,False
K01938,C0082,2,2025-04-04,0.8074,False
K01938,C0006,3,2025-04-04,0.6721,True
K02242,C0028,1,2025-04-04,0.5745,False
K02242,C0032,2,2025-04-04,0.093,False
K02242,C0070,3,2025-04-04,0.8852,False
K02191,C0060,1,2025-04-04,0.3561,False
K02191,C0058,2,2025-04-04,1.0,False
K02191,C0040,3,2025-04-04,0.7159,False
K02088,C0109,1,2025-04-04,0.3287,False
K02088,C0028,2,2025-04-04,0.5745,True
K02088,C0075,3,2025-04-04,0.4976,False
K02310,C0060,1,2025-04-05,0.3561,False
K02310,C0004,2,2025-04-05,0.0,False
K02310,C0054,3,2025-04-05,0.1312,False
K01774,C0032,1,2025-04-05,0.093,False
K01774,C0095,2,2025-04-05,0.7468,False
K01774,C0001,3,2025-04-05,0.6369,False
K01792,C0071,1,2025-04-05,1.0,False
K01792,C0088,2,2025-04-05,1.0,True
K01792,C0101,3,2025-04-05,0.5975,False
K02030,C0023,1,2025-04-05,0.3529,False
K02030,C0054,2,2025-04-05,0.1312,False
K02030,C0075,3,2025-04-05,0.4976,False
K02135,C0081,1,2025-04-06,0.6906,False
K02135,C0033,2,2025-04-06,0.4177,False
K02135,C0063,3,2025-04-06,1.0,False
K01995,C0048,1,2025-04-07,0.4161,True
K01995,C0110,2,2025-04-07,0.403,False
K01995,C0043,3,2025-04-07,0.3035,False
K01579,C0007,1,2025-04-07,0.3312,False
K01579,C0114,2,2025-04-07,1.0,True
K01579,C0029,3,2025-04-07,0.1875,False
K02330,C0007,1,2025-04-07,0.3312,False
K02330,C0057,2,2025-04-07,0.104,False
K02330,C0029,3,2025-04-07,0.1875,False
K02003,C0116,1,2025-04-07,1.0,True
K02003,C0043,2,2025-04-07,0.3035,False
K02003,C0032,3,2025-04-07,0.093,False
K01935,C0022,1,2025-04-09,0.3629,False
K01935,C0072,2,2025-04-09,1.0,True
K01935,C0089,3,2025-04-09,0.8805,False
K02186,C0062,1,2025-04-09,0.6638,False
K02186,C0004,2,2025-04-09,0.0,False
K02186,C0106,3,2025-04-09,0.7671,False
K01747,C0060,1,2025-04-09,0.3561,False
K01747,C0009,2,2025-04-09,0.5136,False
K01747,C0101,3,2025-04-09,0.5975,False
K01766,C0043,1,2025-04-09,0.3035,True
K01766,C0062,2,2025-04-09,0.6638,False
K01766,C0081,3,2025-04-09,0.6906,False
K02407,C0007,1,2025-04-10,0.3312,False
K02407,C0103,2,2025-04-10,1.0,True
K02407,C0032,3,2025-04-10,0.093,False
K02307,C0009,1,2025-04-10,0.5136,True
K02307,C0090,2,2025-04-10,0.6321,False
K02307,C0027,3,2025-04-10,0.1043,False
K02251,C0027,1,2025-04-10,0.1043,False
K02251,C0011,2,2025-04-10,0.5793,False
K02251,C0021,3,2025-04-10,0.7714,False
K01864,C0066,1,2025-04-10,1.0,True
K01864,C0099,2,2025-04-10,0.8608,False
K01864,C0087,3,2025-04-10,0.0267,False
K01629,C0119,1,2025-04-11,0.664,False
K01629,C0062,2,2025-04-11,0.6638,True
K01629,C0051,3,2025-04-11,0.6858,False
K01956,C0060,1,2025-04-11,0.3561,False
K01956,C0032,2,2025-04-11,0.093,False
K01956,C0011,3,2025-04-11,0.5793,False
K02045,C0054,1,2025-04-11,0.1312,False
K02045,C0097,2,2025-04-11,0.6906,False
K02045,C0061,3,2025-04-11,0.6605,False
K02417,C0017,1,2025-04-12,0.9423,True
K02417,C0086,2,2025-04-12,0.4185,False
K02417,C0054,3,2025-04-12,0.1312,False
K01613,C0069,1,2025-04-12,0.6509,False
K01613,C0056,2,2025-04-12,0.2414,False
K01613,C0033,3,2025-04-12,0.4177,False
K02302,C0004,1,2025-04-13,0.0,False
K02302,C0060,2,2025-04-13,0.3561,False
K02302,C0098,3,2025-04-13,0.7302,False
K01650,C0060,1,2025-04-13,0.3561,False
K01650,C0052,2,2025-04-13,0.5079,False
K01650,C0094,3,2025-04-13,1.0,True
K01965,C0079,1,2025-04-13,0.328,False
K01965,C0027,2,2025-04-13,0.1043,False
K01965,C0029,3,2025-04-13,0.1875,False
K01618,C0054,1,2025-04-14,0.1312,False
K01618,C0049,2,2025-04-14,0.8849,False
K01618,C0019,3,2025-04-14,1.0,False
K01873,C0007,1,2025-04-14,0.3312,False
K01873,C0103,2,2025-04-14,1.0,True
K01873,C0032,3,2025-04-14,0.093,False
K02094,C0029,1,2025-04-14,0.1875,False
K02094,C0051,2,2025-04-14,0.6858,False
K02094,C0057,3,2025-04-14,0.104,False
K02363,C0101,1,2025-04-15,0.5975,False
K02363,C0107,2,2025-04-15,0.9289,False
K02363,C0073,3,2025-04-15,1.0,False
K01988,C0003,1,2025-04-15,0.3232,False
K01988,C0053,2,2025-04-15,0.5692,True
K01988,C0090,3,2025-04-15,0.6321,False
K02051,C0032,1,2025-04-16,0.093,False
K02051,C0095,2,2025-04-16,0.7468,False
K02051,C0050,3,2025-04-16,1.0,False
K02265,C0032,1,2025-04-17,0.093,False
K02265,C0021,2,2025-04-17,0.7714,False
K02265,C0003,3,2025-04-17,0.3232,False
K02377,C0072,1,2025-04-17,1.0,False
K02377,C0054,2,2025-04-17,0.1312,False
K02377,C0041,3,2025-04-17,0.3124,False
K01878,C0054,1,2025-04-18,0.1312,False
K01878,C0047,2,2025-04-18,1.0,True
K01878,C0060,3,2025-04-18,0.3561,False
K02428,C0032,1,2025-04-18,0.093,False
K02428,C0058,2,2025-04-18,1.0,True
K02428,C0101,3,2025-04-18,0.5975,False
K01690,C0023,1,2025-04-18,0.3529,False
K01690,C0015,2,2025-04-18,1.0,True
K01690,C0075,3,2025-04-18,0.4976,False
K02219,C0051,1,2025-04-18,0.6858,False
K02219,C0029,2,2025-04-18,0.1875,False
K02219,C0057,3,2025-04-18,0.104,False
K02323,C0032,1,2025-04-19,0.093,False
K02323,C0070,2,2025-04-19,0.8852,True
K02323,C0055,3,2025-04-19,0.4164,False
K01634,C0074,1,2025-04-19,1.0,False
K01634,C0094,2,2025-04-19,1.0,True
K01634,C0039,3,2025-04-19,1.0,False
K02222,C0033,1,2025-04-19,0.4177,False
K02222,C0045,2,2025-04-19,0.8669,True
K02222,C0056,3,2025-04-19,0.2414,False
K02240,C0109,1,2025-04-19,0.3287,False
K02240,C0075,2,2025-04-19,0.4976,False
K02240,C0054,3,2025-04-19,0.1312,False
K02187,C0054,1,2025-04-19,0.1312,False
K02187,C0047,2,2025-04-19,1.0,True
K02187,C0023,3,2025-04-19,0.3529,False
K01630,C0033,1,2025-04-19,0.4177,False
K01630,C0056,2,2025-04-19,0.2414,False
K01630,C0026,3,2025-04-19,0.5904,False
K02040,C0099,1,2025-04-19,0.8608,True
K02040,C0017,2,2025-04-19,0.9423,False
K02040,C0087,3,2025-04-19,0.0267,False
K01761,C0034,1,2025-04-20,0.6887,False
K01761,C0062,2,2025-04-20,0.6638,False
K01761,C0072,3,2025-04-20,1.0,True
K01788,C0032,1,2025-04-20,0.093,False
K01788,C0055,2,2025-04-20,0.4164,False
K01788,C0070,3,2025-04-20,0.8852,True
K02100,C0032,1,2025-04-22,0.093,False
K02100,C0018,2,2025-04-22,0.5977,False
K02100,C0003,3,2025-04-22,0.3232,False
K02108,C0002,1,2025-04-23,0.7139,False
K02108,C0081,2,2025-04-23,0.6906,False
K02108,C0013,3,2025-04-23,0.6899,False
K02318,C0061,1,2025-04-23,0.6605,False
K02318,C0024,2,2025-04-23,0.6241,True
K02318,C0054,3,2025-04-23,0.1312,False
K02371,C0081,1,2025-04-24,0.6906,False
K02371,C0002,2,2025-04-24,0.7139,False
K02371,C0013,3,2025-04-24,0.6899,False
K01569,C0029,1,2025-04-24,0.1875,False
K01569,C0057,2,2025-04-24,0.104,False
K01569,C0079,3,2025-04-24,0.328,False
K02059,C0004,1,2025-04-24,0.0,False
K02059,C0060,2,2025-04-24,0.3561,False
K02059,C0098,3,2025-04-24,0.7302,False
K01671,C0007,1,2025-04-25,0.3312,False
K01671,C0114,2,2025-04-25,1.0,True
K01671,C0082,3,2025-04-25,0.8074,False
K01801,C0027,1,2025-04-25,0.1043,False
K01801,C0011,2,2025-04-25,0.5793,False
K01801,C0111,3,2025-04-25,0.7518,False
K02063,C0054,1,2025-04-25,0.1312,False
K02063,C0041,2,2025-04-25,0.3124,False
K02063,C0049,3,2025-04-25,0.8849,True
K02199,C0116,1,2025-04-25,1.0,False
K02199,C0082,2,2025-04-25,0.8074,False
K02199,C0018,3,2025-04-25,0.5977,False
K01643,C0051,1,2025-04-25,0.6858,True
K01643,C0055,2,2025-04-25,0.4164,False
K01643,C0054,3,2025-04-25,0.1312,False
K02097,C0060,1,2025-04-26,0.3561,False
K02097,C0052,2,2025-04-26,0.5079,False
K02097,C0022,3,2025-04-26,0.3629,False
K02037,C0101,1,2025-04-26,0.5975,True
K02037,C0006,2,2025-04-26,0.6721,False
K02037,C0056,3,2025-04-26,0.2414,False
K02410,C0006,1,2025-04-26,0.6721,False
K02410,C0101,2,2025-04-26,0.5975,False
K02410,C0069,3,2025-04-26,0.6509,False
K01712,C0039,1,2025-04-26,1.0,False
K01712,C0074,2,2025-04-26,1.0,False
K01712,C0094,3,2025-04-26,1.0,True
K01914,C0111,1,2025-04-26,0.7518,True
K01914,C0082,2,2025-04-26,0.8074,False
K01914,C0079,3,2025-04-26,0.328,False
K02388,C0115,1,2025-04-27,0.5385,False
K02388,C0054,2,2025-04-27,0.1312,False
K02388,C0086,3,2025-04-27,0.4185,False
K02071,C0108,1,2025-04-27,0.9628,False
K02071,C0110,2,2025-04-27,0.403,False
K02071,C0010,3,2025-04-27,0.7233,False
K01641,C0019,1,2025-05-01,1.0,True
K01641,C0069,2,2025-05-01,0.6509,False
K01641,C0109,3,2025-05-01,0.3287,False
K01756,C0054,1,2025-05-01,0.1312,False
K01756,C0027,2,2025-05-01,0.1043,False
K01756,C0055,3,2025-05-01,0.4164,False
K02204,C0056,1,2025-05-02,0.2414,False
K02204,C0059,2,2025-05-02,0.6396,True
K02204,C0033,3,2025-05-02,0.4177,False
K01596,C0056,1,2025-05-02,0.2414,False
K01596,C0033,2,2025-05-02,0.4177,False
K01596,C0026,3,2025-05-02,0.5904,True
K01594,C0033,1,2025-05-03,0.4177,False
K01594,C0056,2,2025-05-03,0.2414,False
K01594,C0082,3,2025-05-03,0.8074,False
K01917,C0079,1,2025-05-03,0.328,False
K01917,C0016,2,2025-05-03,0.6837,True
K01917,C0065,3,2025-05-03,1.0,False
K01850,C0081,1,2025-05-04,0.6906,False
K01850,C0013,2,2025-05-04,0.6899,False
K01850,C0002,3,2025-05-04,0.7139,True
K02392,C0055,1,2025-05-05,0.4164,True
K02392,C0054,2,2025-05-05,0.1312,False
K02392,C0057,3,2025-05-05,0.104,False
K02435,C0008,1,2025-05-05,0.6952,False
K02435,C0034,2,2025-05-05,0.6887,False
K02435,C0035,3,2025-05-05,1.0,True
K02168,C0029,1,2025-05-05,0.1875,False
K02168,C0117,2,2025-05-05,0.9361,False
K02168,C0057,3,2025-05-05,0.104,False
K02169,C0081,1,2025-05-05,0.6906,True
K02169,C0013,2,2025-05-05,0.6899,False
K02169,C0002,3,2025-05-05,0.7139,False
K01773,C0050,1,2025-05-07,1.0,True
K01773,C0032,2,2025-05-07,0.093,False
K01773,C0095,3,2025-05-07,0.7468,False
K01563,C0107,1,2025-05-07,0.9289,False
K01563,C0082,2,2025-05-07,0.8074,True
K01563,C0063,3,2025-05-07,1.0,False
K01676,C0060,1,2025-05-07,0.3561,False
K01676,C0058,2,2025-05-07,1.0,True
K01676,C0084,3,2025-05-07,0.9892,False
K02195,C0027,1,2025-05-07,0.1043,False
K02195,C0090,2,2025-05-07,0.6321,True
K02195,C0009,3,2025-05-07,0.5136,False
K01696,C0040,1,2025-05-09,0.7159,False
K01696,C0060,2,2025-05-09,0.3561,False
K01696,C0084,3,2025-05-09,0.9892,True
K02290,C0054,1,2025-05-09,0.1312,False
K02290,C0047,2,2025-05-09,1.0,True
K02290,C0061,3,2025-05-09,0.6605,False
K02243,C0032,1,2025-05-10,0.093,True
K02243,C0048,2,2025-05-10,0.4161,False
K02243,C0095,3,2025-05-10,0.7468,False
K02162,C0116,1,2025-05-10,1.0,True
K02162,C0060,2,2025-05-10,0.3561,False
K02162,C0065,3,2025-05-10,1.0,False
K01631,C0098,1,2025-05-10,0.7302,False
K01631,C0067,2,2025-05-10,1.0,True
K01631,C0057,3,2025-05-10,0.104,False
K01648,C0034,1,2025-05-11,0.6887,True
K01648,C0072,2,2025-05-11,1.0,False
K01648,C0062,3,2025-05-11,0.6638,False
K02395,C0054,1,2025-05-11,0.1312,False
K02395,C0047,2,2025-05-11,1.0,False
K02395,C0097,3,2025-05-11,0.6906,False
K02165,C0098,1,2025-05-11,0.7302,True
K02165,C0067,2,2025-05-11,1.0,False
K02165,C0055,3,2025-05-11,0.4164,False
K02312,C0006,1,2025-05-11,0.6721,False
K02312,C0082,2,2025-05-11,0.8074,False
K02312,C0107,3,2025-05-11,0.9289,True
K01665,C0019,1,2025-05-11,1.0,True
K01665,C0069,2,2025-05-11,0.6509,False
K01665,C0057,3,2025-05-11,0.104,False
K02294,C0066,1,2025-05-13,1.0,True
K02294,C0087,2,2025-05-13,0.0267,False
K02294,C0099,3,2025-05-13,0.8608,False
K01733,C0008,1,2025-05-13,0.6952,True
K01733,C0061,2,2025-05-13,0.6605,False
K01733,C0060,3,2025-05-13,0.3561,False
K01561,C0119,1,2025-05-13,0.664,True
K01561,C0057,2,2025-05-13,0.104,False
K01561,C0083,3,2025-05-13,0.5735,False
K02403,C0004,1,2025-05-13,0.0,False
K02403,C0109,2,2025-05-13,0.3287,False
K02403,C0075,3,2025-05-13,0.4976,False
K02000,C0060,1,2025-05-14,0.3561,False
K02000,C0089,2,2025-05-14,0.8805,False
K02000,C0106,3,2025-05-14,0.7671,True
K01827,C0071,1,2025-05-14,1.0,True
K01827,C0090,2,2025-05-14,0.6321,False
K01827,C0018,3,2025-05-14,0.5977,False
K02279,C0029,1,2025-05-15,0.1875,False
K02279,C0027,2,2025-05-15,0.1043,False
K02279,C0108,3,2025-05-15,0.9628,False
K02052,C0048,1,2025-05-16,0.4161,False
K02052,C0110,2,2025-05-16,0.403,False
K02052,C0065,3,2025-05-16,1.0,False
K01996,C0006,1,2025-05-16,0.6721,False
K01996,C0101,2,2025-05-16,0.5975,True
K01996,C0069,3,2025-05-16,0.6509,False
K02390,C0001,1,2025-05-16,0.6369,False
K02390,C0006,2,2025-05-16,0.6721,False
K02390,C0088,3,2025-05-16,1.0,True
K02062,C0060,1,2025-05-16,0.3561,False
K02062,C0004,2,2025-05-16,0.0,False
K02062,C0098,3,2025-05-16,0.7302,True
K01565,C0097,1,2025-05-16,0.6906,True
K01565,C0054,2,2025-05-16,0.1312,False
K01565,C0061,3,2025-05-16,0.6605,False
K01916,C0098,1,2025-05-17,0.7302,False
K01916,C0025,2,2025-05-17,1.0,False
K01916,C0114,3,2025-05-17,1.0,True
K02331,C0027,1,2025-05-17,0.1043,False
K02331,C0090,2,2025-05-17,0.6321,False
K02331,C0009,3,2025-05-17,0.5136,False
K02246,C0029,1,2025-05-17,0.1875,False
K02246,C0054,2,2025-05-17,0.1312,False
K02246,C0097,3,2025-05-17,0.6906,True
K01893,C0022,1,2025-05-18,0.3629,False
K01893,C0054,2,2025-05-18,0.1312,False
K01893,C0011,3,2025-05-18,0.5793,False
K02324,C0060,1,2025-05-18,0.3561,False
K02324,C0052,2,2025-05-18,0.5079,False
K02324,C0050,3,2025-05-18,1.0,False
K02235,C0007,1,2025-05-18,0.3312,False
K02235,C0103,2,2025-05-18,1.0,False
K02235,C0056,3,2025-05-18,0.2414,False
K01627,C0110,1,2025-05-18,0.403,False
K01627,C0109,2,2025-05-18,0.3287,False
K01627,C0004,3,2025-05-18,0.0,False
K01742,C0061,1,2025-05-19,0.6605,False
K01742,C0054,2,2025-05-19,0.1312,False
K01742,C0071,3,2025-05-19,1.0,False
K02136,C0060,1,2025-05-19,0.3561,False
K02136,C0052,2,2025-05-19,0.5079,False
K02136,C0050,3,2025-05-19,1.0,True
K02352,C0004,1,2025-05-19,0.0,False
K02352,C0060,2,2025-05-19,0.3561,False
K02352,C0068,3,2025-05-19,0.8036,True
K02025,C0116,1,2025-05-19,1.0,True
K02025,C0013,2,2025-05-19,0.6899,False
K02025,C0065,3,2025-05-19,1.0,False
K02440,C0108,1,2025-05-20,0.9628,False
K02440,C0110,2,2025-05-20,0.403,False
K02440,C0010,3,2025-05-20,0.7233,False
K01632,C0089,1,2025-05-20,0.8805,False
K01632,C0052,2,2025-05-20,0.5079,False
K01632,C0061,3,2025-05-20,0.6605,False
K01865,C0060,1,2025-05-21,0.3561,False
K01865,C0004,2,2025-05-21,0.0,False
K01865,C0098,3,2025-05-21,0.7302,False
K02122,C0048,1,2025-05-21,0.4161,True
K02122,C0032,2,2025-05-21,0.093,False
K02122,C0001,3,2025-05-21,0.6369,False
K02320,C0004,1,2025-05-21,0.0,False
K02320,C0060,2,2025-05-21,0.3561,False
K02320,C0098,3,2025-05-21,0.7302,True
K02057,C0060,1,2025-05-22,0.3561,False
K02057,C0040,2,2025-05-22,0.7159,False
K02057,C0058,3,2025-05-22,1.0,False
K01974,C0054,1,2025-05-22,0.1312,False
K01974,C0061,2,2025-05-22,0.6605,False
K01974,C0001,3,2025-05-22,0.6369,False
K01602,C0039,1,2025-05-22,1.0,True
K01602,C0074,2,2025-05-22,1.0,False
K01602,C0094,3,2025-05-22,1.0,False
K02106,C0119,1,2025-05-22,0.664,False
K02106,C0057,2,2025-05-22,0.104,False
K02106,C0117,3,2025-05-22,0.9361,False
K02282,C0060,1,2025-05-22,0.3561,False
K02282,C0102,2,2025-05-22,0.664,False
K02282,C0113,3,2025-05-22,1.0,True
K02250,C0018,1,2025-05-22,0.5977,False
K02250,C0021,2,2025-05-22,0.7714,False
K02250,C0060,3,2025-05-22,0.3561,False
K02078,C0054,1,2025-05-23,0.1312,False
K02078,C0041,2,2025-05-23,0.3124,False
K02078,C0022,3,2025-05-23,0.3629,False
K02346,C0055,1,2025-05-23,0.4164,True
K02346,C0007,2,2025-05-23,0.3312,False
K02346,C0108,3,2025-05-23,0.9628,False
K02083,C0110,1,2025-05-23,0.403,False
K02083,C0048,2,2025-05-23,0.4161,False
K02083,C0043,3,2025-05-23,0.3035,False
K01981,C0013,1,2025-05-23,0.6899,False
K01981,C0065,2,2025-05-23,1.0,False
K01981,C0099,3,2025-05-23,0.8608,False
K02085,C0119,1,2025-05-24,0.664,False
K02085,C0029,2,2025-05-24,0.1875,False
K02085,C0117,3,2025-05-24,0.9361,False
K01825,C0084,1,2025-05-24,0.9892,True
K01825,C0114,2,2025-05-24,1.0,False
K01825,C0013,3,2025-05-24,0.6899,False
K01790,C0110,1,2025-05-24,0.403,True
K01790,C0032,2,2025-05-24,0.093,False
K01790,C0001,3,2025-05-24,0.6369,False
K02425,C0027,1,2025-05-25,0.1043,False
K02425,C0057,2,2025-05-25,0.104,False
K02425,C0117,3,2025-05-25,0.9361,True
K02066,C0054,1,2025-05-25,0.1312,False
K02066,C0041,2,2025-05-25,0.3124,False
K02066,C0072,3,2025-05-25,1.0,True
K01987,C0027,1,2025-05-25,0.1043,False
K01987,C0090,2,2025-05-25,0.6321,True
K01987,C0025,3,2025-05-25,1.0,False
K02115,C0061,1,2025-05-25,0.6605,True
K02115,C0004,2,2025-05-25,0.0,False
K02115,C0060,3,2025-05-25,0.3561,False
K02130,C0074,1,2025-05-25,1.0,False
K02130,C0039,2,2025-05-25,1.0,False
K02130,C0094,3,2025-05-25,1.0,True
K01560,C0084,1,2025-05-26,0.9892,False
K01560,C0114,2,2025-05-26,1.0,True
K01560,C0085,3,2025-05-26,1.0,False
K01760,C0041,1,2025-05-26,0.3124,False
K01760,C0033,2,2025-05-26,0.4177,False
K01760,C0085,3,2025-05-26,1.0,True
K02004,C0119,1,2025-05-26,0.664,False
K02004,C0043,2,2025-05-26,0.3035,False
K02004,C0099,3,2025-05-26,0.8608,True
K02038,C0018,1,2025-05-26,0.5977,False
K02038,C0040,2,2025-05-26,0.7159,True
K02038,C0021,3,2025-05-26,0.7714,False
K01559,C0027,1,2025-05-27,0.1043,False
K01559,C0009,2,2025-05-27,0.5136,True
K01559,C0090,3,2025-05-27,0.6321,False
K02422,C0004,1,2025-06-01,0.0,False
K02422,C0060,2,2025-06-01,0.3561,False
K02422,C0098,3,2025-06-01,0.7302,False
K02225,C0060,1,2025-06-01,0.3561,False
K02225,C0052,2,2025-06-01,0.5079,False
K02225,C0050,3,2025-06-01,1.0,True
K01642,C0056,1,2025-06-01,0.2414,False
K01642,C0112,2,2025-06-01,1.0,True
K01642,C0033,3,2025-06-01,0.4177,False
K02128,C0062,1,2025-06-02,0.6638,True
K02128,C0004,2,2025-06-02,0.0,False
K02128,C0052,3,2025-06-02,0.5079,False
K02164,C0099,1,2025-06-02,0.8608,False
K02164,C0066,2,2025-06-02,1.0,True
K02164,C0087,3,2025-06-02,0.0267,False
K02245,C0017,1,2025-06-02,0.9423,False
K02245,C0087,2,2025-06-02,0.0267,False
K02245,C0099,3,2025-06-02,0.8608,True
K01585,C0007,1,2025-06-02,0.3312,True
K01585,C0056,2,2025-06-02,0.2414,False
K01585,C0114,3,2025-06-02,1.0,False
K02416,C0114,1,2025-06-02,1.0,True
K02416,C0109,2,2025-06-02,0.3287,False
K02416,C0084,3,2025-06-02,0.9892,False
K01732,C0027,1,2025-06-03,0.1043,False
K01732,C0021,2,2025-06-03,0.7714,True
K01732,C0018,3,2025-06-03,0.5977,False
K02092,C0017,1,2025-06-03,0.9423,True
K02092,C0043,2,2025-06-03,0.3035,False
K02092,C0083,3,2025-06-03,0.5735,False
K01645,C0054,1,2025-06-05,0.1312,False
K01645,C0075,2,2025-06-05,0.4976,False
K01645,C0086,3,2025-06-05,0.4185,False
K01869,C0052,1,2025-06-05,0.5079,False
K01869,C0060,2,2025-06-05,0.3561,False
K01869,C0022,3,2025-06-05,0.3629,False
K02016,C0027,1,2025-06-05,0.1043,False
K02016,C0057,2,2025-06-05,0.104,False
K02016,C0029,3,2025-06-05,0.1875,False
K02327,C0089,1,2025-06-06,0.8805,False
K02327,C0052,2,2025-06-06,0.5079,False
K02327,C0034,3,2025-06-06,0.6887,False
K02298,C0074,1,2025-06-06,1.0,False
K02298,C0039,2,2025-06-06,1.0,False
K02298,C0004,3,2025-06-06,0.0,False
K02167,C0054,1,2025-06-07,0.1312,False
K02167,C0029,2,2025-06-07,0.1875,False
K02167,C0041,3,2025-06-07,0.3124,False
K01718,C0013,1,2025-06-08,0.6899,True
K01718,C0073,2,2025-06-08,1.0,False
K01718,C0056,3,2025-06-08,0.2414,False
K02005,C0110,1,2025-06-08,0.403,False
K02005,C0108,2,2025-06-08,0.9628,True
K02005,C0010,3,2025-06-08,0.7233,False
K02073,C0114,1,2025-06-08,1.0,False
K02073,C0084,2,2025-06-08,0.9892,True
K02073,C0075,3,2025-06-08,0.4976,False
K01905,C0003,1,2025-06-09,0.3232,False
K01905,C0001,2,2025-06-09,0.6369,True
K01905,C0018,3,2025-06-09,0.5977,False
K01759,C0025,1,2025-06-09,1.0,False
K01759,C0119,2,2025-06-09,0.664,False
K01759,C0098,3,2025-06-09,0.7302,False
K02001,C0103,1,2025-06-09,1.0,False
K02001,C0007,2,2025-06-09,0.3312,False
K02001,C0044,3,2025-06-09,0.6618,False
K01538,C0006,1,2025-06-09,0.6721,False
K01538,C0082,2,2025-06-09,0.8074,False
K01538,C0073,3,2025-06-09,1.0,True
K01636,C0060,1,2025-06-09,0.3561,False
K01636,C0027,2,2025-06-09,0.1043,False
K01636,C0011,3,2025-06-09,0.5793,False
K01836,C0083,1,2025-06-10,0.5735,False
K01836,C0087,2,2025-06-10,0.0267,False
K01836,C0043,3,2025-06-10,0.3035,True
K02192,C0054,1,2025-06-10,0.1312,False
K02192,C0006,2,2025-06-10,0.6721,False
K02192,C0001,3,2025-06-10,0.6369,False
K02159,C0007,1,2025-06-10,0.3312,False
K02159,C0103,2,2025-06-10,1.0,True
K02159,C0056,3,2025-06-10,0.2414,False
K01525,C0095,1,2025-06-10,0.7468,False
K01525,C0032,2,2025-06-10,0.093,False
K01525,C0001,3,2025-06-10,0.6369,True
K02230,C0001,1,2025-06-11,0.6369,False
K02230,C0054,2,2025-06-11,0.1312,False
K02230,C0095,3,2025-06-11,0.7468,False
K02419,C0069,1,2025-06-11,0.6509,False
K02419,C0019,2,2025-06-11,1.0,False
K02419,C0018,3,2025-06-11,0.5977,False
K01698,C0033,1,2025-06-11,0.4177,False
K01698,C0056,2,2025-06-11,0.2414,False
K01698,C0081,3,2025-06-11,0.6906,True
K01831,C0060,1,2025-06-12,0.3561,False
K01831,C0034,2,2025-06-12,0.6887,True
K01831,C0106,3,2025-06-12,0.7671,False
K01887,C0089,1,2025-06-12,0.8805,False
K01887,C0030,2,2025-06-12,1.0,True
K01887,C0004,3,2025-06-12,0.0,False
K01985,C0095,1,2025-06-13,0.7468,False
K01985,C0032,2,2025-06-13,0.093,False
K01985,C0050,3,2025-06-13,1.0,True
K01762,C0087,1,2025-06-13,0.0267,False
K01762,C0119,2,2025-06-13,0.664,True
K01762,C0017,3,2025-06-13,0.9423,False
K01923,C0050,1,2025-06-13,1.0,False
K01923,C0095,2,2025-06-13,0.7468,False
K01923,C0060,3,2025-06-13,0.3561,False
K02064,C0022,1,2025-06-14,0.3629,False
K02064,C0072,2,2025-06-14,1.0,True
K02064,C0054,3,2025-06-14,0.1312,False
K01813,C0074,1,2025-06-17,1.0,True
K01813,C0039,2,2025-06-17,1.0,False
K01813,C0094,3,2025-06-17,1.0,False
K02437,C0054,1,2025-06-17,0.1312,False
K02437,C0047,2,2025-06-17,1.0,False
K02437,C0036,3,2025-06-17,1.0,False
K01834,C0084,1,2025-06-17,0.9892,False
K01834,C0114,2,2025-06-17,1.0,True
K01834,C0060,3,2025-06-17,0.3561,False
K01599,C0006,1,2025-06-18,0.6721,False
K01599,C0107,2,2025-06-18,0.9289,True
K01599,C0063,3,2025-06-18,1.0,False
K02201,C0007,1,2025-06-18,0.3312,False
K02201,C0103,2,2025-06-18,1.0,True
K02201,C0082,3,2025-06-18,0.8074,False
K02207,C0054,1,2025-06-18,0.1312,False
K02207,C0041,2,2025-06-18,0.3124,False
K02207,C0049,3,2025-06-18,0.8849,True
K02188,C0007,1,2025-06-18,0.3312,False
K02188,C0103,2,2025-06-18,1.0,True
K02188,C0033,3,2025-06-18,0.4177,False
K02374,C0022,1,2025-06-19,0.3629,False
K02374,C0082,2,2025-06-19,0.8074,True
K02374,C0095,3,2025-06-19,0.7468,False
K01540,C0060,1,2025-06-19,0.3561,False
K01540,C0058,2,2025-06-19,1.0,False
K01540,C0025,3,2025-06-19,1.0,True
K02013,C0052,1,2025-06-21,0.5079,False
K02013,C0060,2,2025-06-21,0.3561,False
K02013,C0022,3,2025-06-21,0.3629,True
K01726,C0098,1,2025-06-21,0.7302,False
K01726,C0067,2,2025-06-21,1.0,False
K01726,C0057,3,2025-06-21,0.104,False
K02443,C0069,1,2025-06-22,0.6509,True
K02443,C0095,2,2025-06-22,0.7468,False
K02443,C0032,3,2025-06-22,0.093,False
K01526,C0044,1,2025-06-23,0.6618,True
K01526,C0039,2,2025-06-23,1.0,False
K01526,C0082,3,2025-06-23,0.8074,False
K01843,C0087,1,2025-06-23,0.0267,False
K01843,C0065,2,2025-06-23,1.0,False
K01843,C0044,3,2025-06-23,0.6618,True
K01738,C0033,1,2025-06-23,0.4177,False
K01738,C0039,2,2025-06-23,1.0,True
K01738,C0073,3,2025-06-23,1.0,False
K01991,C0033,1,2025-06-24,0.4177,False
K01991,C0063,2,2025-06-24,1.0,False
K01991,C0056,3,2025-06-24,0.2414,False
K02297,C0095,1,2025-06-24,0.7468,True
K02297,C0060,2,2025-06-24,0.3561,False
K02297,C0027,3,2025-06-24,0.1043,False
K01744,C0073,1,2025-06-25,1.0,False
K01744,C0082,2,2025-06-25,0.8074,False
K01744,C0094,3,2025-06-25,1.0,True
K02306,C0066,1,2025-06-25,1.0,False
K02306,C0087,2,2025-06-25,0.0267,False
K02306,C0099,3,2025-06-25,0.8608,False
K02362,C0052,1,2025-06-26,0.5079,False
K02362,C0022,2,2025-06-26,0.3629,False
K02362,C0060,3,2025-06-26,0.3561,False
K01767,C0004,1,2025-06-26,0.0,False
K01767,C0108,2,2025-06-26,0.9628,False
K01767,C0110,3,2025-06-26,0.403,False
K02143,C0098,1,2025-06-27,0.7302,False
K02143,C0067,2,2025-06-27,1.0,True
K02143,C0004,3,2025-06-27,0.0,False
K02433,C0006,1,2025-06-27,0.6721,False
K02433,C0069,2,2025-06-27,0.6509,False
K02433,C0101,3,2025-06-27,0.5975,True
K02152,C0033,1,2025-06-27,0.4177,False
K02152,C0063,2,2025-06-27,1.0,False
K02152,C0081,3,2025-06-27,0.6906,False
K01528,C0004,1,2025-06-27,0.0,False
K01528,C0015,2,2025-06-27,1.0,False
K01528,C0086,3,2025-06-27,0.4185,False
K02014,C0060,1,2025-07-01,0.3561,False
K02014,C0025,2,2025-07-01,1.0,False
K02014,C0040,3,2025-07-01,0.7159,False
K01944,C0011,1,2025-07-02,0.5793,True
K01944,C0027,2,2025-07-02,0.1043,False
K01944,C0060,3,2025-07-02,0.3561,False
K02268,C0060,1,2025-07-03,0.3561,False
K02268,C0004,2,2025-07-03,0.0,False
K02268,C0098,3,2025-07-03,0.7302,False
K02150,C0039,1,2025-07-03,1.0,True
K02150,C0074,2,2025-07-03,1.0,False
K02150,C0094,3,2025-07-03,1.0,False
K01978,C0044,1,2025-07-03,0.6618,False
K01978,C0007,2,2025-07-03,0.3312,False
K01978,C0114,3,2025-07-03,1.0,True
K02263,C0072,1,2025-07-05,1.0,True
K02263,C0087,2,2025-07-05,0.0267,False
K02263,C0065,3,2025-07-05,1.0,False
K01694,C0039,1,2025-07-06,1.0,False
K01694,C0094,2,2025-07-06,1.0,True
K01694,C0074,3,2025-07-06,1.0,False
K02414,C0060,1,2025-07-06,0.3561,False
K02414,C0053,2,2025-07-06,0.5692,False
K02414,C0027,3,2025-07-06,0.1043,False
K01541,C0033,1,2025-07-06,0.4177,False
K01541,C0073,2,2025-07-06,1.0,False
K01541,C0059,3,2025-07-06,0.6396,False
K01933,C0006,1,2025-07-10,0.6721,True
K01933,C0052,2,2025-07-10,0.5079,False
K01933,C0040,3,2025-07-10,0.7159,False
K02418,C0024,1,2025-07-10,0.6241,False
K02418,C0079,2,2025-07-10,0.328,False
K02418,C0112,3,2025-07-10,1.0,False
K02273,C0061,1,2025-07-10,0.6605,False
K02273,C0052,2,2025-07-10,0.5079,False
K02273,C0097,3,2025-07-10,0.6906,False
K02214,C0119,1,2025-07-11,0.664,False
K02214,C0098,2,2025-07-11,0.7302,False
K02214,C0025,3,2025-07-11,1.0,False
K01654,C0044,1,2025-07-11,0.6618,False
K01654,C0119,2,2025-07-11,0.664,False
K01654,C0087,3,2025-07-11,0.0267,False
K01863,C0087,1,2025-07-11,0.0267,False
K01863,C0083,2,2025-07-11,0.5735,False
K01863,C0082,3,2025-07-11,0.8074,False
K01876,C0098,1,2025-07-12,0.7302,False
K01876,C0067,2,2025-07-12,1.0,True
K01876,C0027,3,2025-07-12,0.1043,False
K01797,C0077,1,2025-07-12,1.0,False
K01797,C0081,2,2025-07-12,0.6906,False
K01797,C0013,3,2025-07-12,0.6899,True
K01582,C0052,1,2025-07-13,0.5079,False
K01582,C0060,2,2025-07-13,0.3561,False
K01582,C0050,3,2025-07-13,1.0,True
K01615,C0054,1,2025-07-15,0.1312,False
K01615,C0109,2,2025-07-15,0.3287,False
K01615,C0023,3,2025-07-15,0.3529,False
K01686,C0025,1,2025-07-15,1.0,False
K01686,C0119,2,2025-07-15,0.664,False
K01686,C0098,3,2025-07-15,0.7302,False
K02260,C0061,1,2025-07-16,0.6605,False
K02260,C0036,2,2025-07-16,1.0,True
K02260,C0089,3,2025-07-16,0.8805,False
K01880,C0054,1,2025-07-17,0.1312,False
K01880,C0047,2,2025-07-17,1.0,True
K01880,C0087,3,2025-07-17,0.0267,False
K02283,C0097,1,2025-07-17,0.6906,False
K02283,C0024,2,2025-07-17,0.6241,False
K02283,C0054,3,2025-07-17,0.1312,False
K01516,C0052,1,2025-07-17,0.5079,False
K01516,C0089,2,2025-07-17,0.8805,False
K01516,C0106,3,2025-07-17,0.7671,False
K01927,C0054,1,2025-07-18,0.1312,False
K01927,C0047,2,2025-07-18,1.0,True
K01927,C0109,3,2025-07-18,0.3287,False
K02076,C0025,1,2025-07-18,1.0,True
K02076,C0119,2,2025-07-18,0.664,False
K02076,C0098,3,2025-07-18,0.7302,False
K02024,C0098,1,2025-07-19,0.7302,False
K02024,C0057,2,2025-07-19,0.104,False
K02024,C0089,3,2025-07-19,0.8805,True
K01888,C0084,1,2025-07-19,0.9892,True
K01888,C0114,2,2025-07-19,1.0,False
K01888,C0033,3,2025-07-19,0.4177,False
K01999,C0050,1,2025-07-22,1.0,True
K01999,C0106,2,2025-07-22,0.7671,False
K01999,C0008,3,2025-07-22,0.6952,False
K01977,C0087,1,2025-07-22,0.0267,False
K01977,C0066,2,2025-07-22,1.0,True
K01977,C0119,3,2025-07-22,0.664,False
K02231,C0006,1,2025-07-23,0.6721,True
K02231,C0101,2,2025-07-23,0.5975,False
K02231,C0069,3,2025-07-23,0.6509,False
K01953,C0050,1,2025-07-24,1.0,False
K01953,C0019,2,2025-07-24,1.0,True
K01953,C0061,3,2025-07-24,0.6605,False
K02271,C0065,1,2025-07-24,1.0,False
K02271,C0083,2,2025-07-24,0.5735,False
K02271,C0077,3,2025-07-24,1.0,True
K01770,C0045,1,2025-07-25,0.8669,False
K01770,C0033,2,2025-07-25,0.4177,False
K01770,C0085,3,2025-07-25,1.0,True
K02368,C0001,1,2025-07-25,0.6369,False
K02368,C0054,2,2025-07-25,0.1312,False
K02368,C0070,3,2025-07-25,0.8852,True
K01510,C0028,1,2025-07-26,0.5745,False
K01510,C0048,2,2025-07-26,0.4161,True
K01510,C0055,3,2025-07-26,0.4164,False
K01522,C0114,1,2025-08-01,1.0,False
K01522,C0045,2,2025-08-01,0.8669,False
K01522,C0004,3,2025-08-01,0.0,False
K01723,C0052,1,2025-08-02,0.5079,False
K01723,C0060,2,2025-08-02,0.3561,False
K01723,C0022,3,2025-08-02,0.3629,False
K02287,C0004,1,2025-08-02,0.0,False
K02287,C0015,2,2025-08-02,1.0,True
K02287,C0109,3,2025-08-02,0.3287,False
K02229,C0001,1,2025-08-02,0.6369,False
K02229,C0097,2,2025-08-02,0.6906,False
K02229,C0054,3,2025-08-02,0.1312,False
K02221,C0110,1,2025-08-03,0.403,False
K02221,C0108,2,2025-08-03,0.9628,True
K02221,C0010,3,2025-08-03,0.7233,False
K01889,C0074,1,2025-08-03,1.0,False
K01889,C0039,2,2025-08-03,1.0,True
K01889,C0094,3,2025-08-03,1.0,False
K02012,C0054,1,2025-08-04,0.1312,False
K02012,C0032,2,2025-08-04,0.093,False
K02012,C0070,3,2025-08-04,0.8852,True
K01796,C0045,1,2025-08-04,0.8669,False
K01796,C0112,2,2025-08-04,1.0,False
K01796,C0033,3,2025-08-04,0.4177,False
K02183,C0120,1,2025-08-05,0.7011,False
K02183,C0002,2,2025-08-05,0.7139,False
K02183,C0054,3,2025-08-05,0.1312,False
K01846,C0098,1,2025-08-05,0.7302,False
K01846,C0106,2,2025-08-05,0.7671,False
K01846,C0089,3,2025-08-05,0.8805,False
K01920,C0052,1,2025-08-05,0.5079,False
K01920,C0060,2,2025-08-05,0.3561,False
K01920,C0022,3,2025-08-05,0.3629,False
K01608,C0074,1,2025-08-06,1.0,True
K01608,C0039,2,2025-08-06,1.0,False
K01608,C0094,3,2025-08-06,1.0,False
K01697,C0065,1,2025-08-06,1.0,True
K01697,C0087,2,2025-08-06,0.0267,False
K01697,C0080,3,2025-08-06,1.0,False
K02348,C0074,1,2025-08-08,1.0,True
K02348,C0094,2,2025-08-08,1.0,False
K02348,C0039,3,2025-08-08,1.0,False
K01970,C0081,1,2025-08-08,0.6906,True
K01970,C0087,2,2025-08-08,0.0267,False
K01970,C0002,3,2025-08-08,0.7139,False
K02116,C0041,1,2025-08-09,0.3124,False
K02116,C0054,2,2025-08-09,0.1312,False
K02116,C0049,3,2025-08-09,0.8849,True
K02129,C0114,1,2025-08-10,1.0,False
K02129,C0086,2,2025-08-10,0.4185,False
K02129,C0045,3,2025-08-10,0.8669,False
K02105,C0098,1,2025-08-10,0.7302,True
K02105,C0051,2,2025-08-10,0.6858,False
K02105,C0029,3,2025-08-10,0.1875,False
K02406,C0073,1,2025-08-11,1.0,True
K02406,C0027,2,2025-08-11,0.1043,False
K02406,C0052,3,2025-08-11,0.5079,False
K02082,C0027,1,2025-08-11,0.1043,False
K02082,C0057,2,2025-08-11,0.104,False
K02082,C0054,3,2025-08-11,0.1312,False
K02153,C0054,1,2025-08-11,0.1312,False
K02153,C0097,2,2025-08-11,0.6906,False
K02153,C0069,3,2025-08-11,0.6509,True
K02372,C0050,1,2025-08-13,1.0,True
K02372,C0052,2,2025-08-13,0.5079,False
K02372,C0060,3,2025-08-13,0.3561,False
K02163,C0061,1,2025-08-13,0.6605,True
K02163,C0052,2,2025-08-13,0.5079,False
K02163,C0068,3,2025-08-13,0.8036,False
K02400,C0057,1,2025-08-13,0.104,False
K02400,C0090,2,2025-08-13,0.6321,False
K02400,C0007,3,2025-08-13,0.3312,False
K01755,C0028,1,2025-08-13,0.5745,True
K01755,C0048,2,2025-08-13,0.4161,False
K01755,C0095,3,2025-08-13,0.7468,False
K02197,C0033,1,2025-08-14,0.4177,False
K02197,C0116,2,2025-08-14,1.0,True
K02197,C0002,3,2025-08-14,0.7139,False
K01607,C0114,1,2025-08-14,1.0,True
K01607,C0086,2,2025-08-14,0.4185,False
K01607,C0045,3,2025-08-14,0.8669,False
K02436,C0007,1,2025-08-16,0.3312,False
K02436,C0055,2,2025-08-16,0.4164,False
K02436,C0048,3,2025-08-16,0.4161,False
K01672,C0106,1,2025-08-16,0.7671,False
K01672,C0008,2,2025-08-16,0.6952,False
K01672,C0060,3,2025-08-16,0.3561,False
K01609,C0054,1,2025-08-17,0.1312,False
K01609,C0060,2,2025-08-17,0.3561,False
K01609,C0075,3,2025-08-17,0.4976,False
K01896,C0006,1,2025-08-17,0.6721,False
K01896,C0101,2,2025-08-17,0.5975,False
K01896,C0069,3,2025-08-17,0.6509,True
K01951,C0094,1,2025-08-18,1.0,False
K01951,C0039,2,2025-08-18,1.0,True
K01951,C0074,3,2025-08-18,1.0,False
K01591,C0034,1,2025-08-19,0.6887,False
K01591,C0008,2,2025-08-19,0.6952,False
K01591,C0004,3,2025-08-19,0.0,False
K01894,C0052,1,2025-08-20,0.5079,False
K01894,C0060,2,2025-08-20,0.3561,False
K01894,C0022,3,2025-08-20,0.3629,False
K01710,C0001,1,2025-08-22,0.6369,False
K01710,C0088,2,2025-08-22,1.0,False
K01710,C0036,3,2025-08-22,1.0,True
K02069,C0001,1,2025-08-22,0.6369,False
K02069,C0032,2,2025-08-22,0.093,False
K02069,C0088,3,2025-08-22,1.0,False
K01621,C0006,1,2025-08-22,0.6721,False
K01621,C0101,2,2025-08-22,0.5975,False
K01621,C0069,3,2025-08-22,0.6509,False
K02389,C0045,1,2025-08-22,0.8669,True
K02389,C0007,2,2025-08-22,0.3312,False
K02389,C0033,3,2025-08-22,0.4177,False
K02206,C0002,1,2025-08-22,0.7139,False
K02206,C0044,2,2025-08-22,0.6618,False
K02206,C0081,3,2025-08-22,0.6906,True
K02161,C0097,1,2025-08-22,0.6906,False
K02161,C0051,2,2025-08-22,0.6858,False
K02161,C0029,3,2025-08-22,0.1875,False
K02401,C0054,1,2025-08-23,0.1312,False
K02401,C0041,2,2025-08-23,0.3124,False
K02401,C0072,3,2025-08-23,1.0,False
K01685,C0007,1,2025-08-24,0.3312,False
K01685,C0055,2,2025-08-24,0.4164,False
K01685,C0108,3,2025-08-24,0.9628,False
K01703,C0032,1,2025-08-25,0.093,False
K01703,C0053,2,2025-08-25,0.5692,False
K01703,C0060,3,2025-08-25,0.3561,False
K01946,C0022,1,2025-08-25,0.3629,False
K01946,C0072,2,2025-08-25,1.0,False
K01946,C0052,3,2025-08-25,0.5079,False
K01993,C0010,1,2025-08-26,0.7233,False
K01993,C0108,2,2025-08-26,0.9628,True
K01993,C0110,3,2025-08-26,0.403,False
K02166,C0056,1,2025-08-27,0.2414,False
K02166,C0059,2,2025-08-27,0.6396,False
K02166,C0054,3,2025-08-27,0.1312,True
K02028,C0027,1,2025-08-27,0.1043,False
K02028,C0055,2,2025-08-27,0.4164,True
K02028,C0051,3,2025-08-27,0.6858,False
K01589,C0001,1,2025-08-27,0.6369,False
K01589,C0032,2,2025-08-27,0.093,False
K01589,C0024,3,2025-08-27,0.6241,False
K01511,C0059,1,2025-09-01,0.6396,True
K01511,C0056,2,2025-09-01,0.2414,False
K01511,C0116,3,2025-09-01,1.0,False
K01799,C0054,1,2025-09-01,0.1312,False
K01799,C0047,2,2025-09-01,1.0,False
K01799,C0060,3,2025-09-01,0.3561,False
K02430,C0116,1,2025-09-01,1.0,True
K02430,C0104,2,2025-09-01,1.0,False
K02430,C0071,3,2025-09-01,1.0,False
K02077,C0083,1,2025-09-01,0.5735,False
K02077,C0016,2,2025-09-01,0.6837,False
K02077,C0043,3,2025-09-01,0.3035,False
K01669,C0058,1,2025-09-01,1.0,False
K01669,C0040,2,2025-09-01,0.7159,False
K01669,C0060,3,2025-09-01,0.3561,False
K01518,C0044,1,2025-09-02,0.6618,True
K01518,C0007,2,2025-09-02,0.3312,False
K01518,C0114,3,2025-09-02,1.0,False
K01849,C0098,1,2025-09-02,0.7302,False
K01849,C0067,2,2025-09-02,1.0,True
K01849,C0029,3,2025-09-02,0.1875,False
K01803,C0114,1,2025-09-02,1.0,False
K01803,C0084,2,2025-09-02,0.9892,False
K01803,C0033,3,2025-09-02,0.4177,False
K01558,C0052,1,2025-09-03,0.5079,False
K01558,C0022,2,2025-09-03,0.3629,False
K01558,C0060,3,2025-09-03,0.3561,False
K02378,C0007,1,2025-09-03,0.3312,False
K02378,C0002,2,2025-09-03,0.7139,False
K02378,C0063,3,2025-09-03,1.0,False
K01701,C0116,1,2025-09-03,1.0,False
K01701,C0113,2,2025-09-03,1.0,False
K01701,C0043,3,2025-09-03,0.3035,False
K02160,C0061,1,2025-09-03,0.6605,False
K02160,C0060,2,2025-09-03,0.3561,False
K02160,C0106,3,2025-09-03,0.7671,False
K02356,C0095,1,2025-09-04,0.7468,True
K02356,C0058,2,2025-09-04,1.0,False
K02356,C0027,3,2025-09-04,0.1043,False
K01656,C0002,1,2025-09-04,0.7139,False
K01656,C0056,2,2025-09-04,0.2414,False
K01656,C0033,3,2025-09-04,0.4177,False
K02021,C0088,1,2025-09-04,1.0,True
K02021,C0071,2,2025-09-04,1.0,False
K02021,C0101,3,2025-09-04,0.5975,False
K01683,C0094,1,2025-09-05,1.0,False
K01683,C0082,2,2025-09-05,0.8074,True
K01683,C0101,3,2025-09-05,0.5975,False
K01794,C0022,1,2025-09-05,0.3629,False
K01794,C0041,2,2025-09-05,0.3124,False
K01794,C0054,3,2025-09-05,0.1312,False
K02445,C0032,1,2025-09-05,0.093,False
K02445,C0095,2,2025-09-05,0.7468,False
K02445,C0007,3,2025-09-05,0.3312,False
K01975,C0071,1,2025-09-05,1.0,True
K01975,C0024,2,2025-09-05,0.6241,False
K01975,C0088,3,2025-09-05,1.0,False
K01883,C0088,1,2025-09-05,1.0,True
K01883,C0101,2,2025-09-05,0.5975,False
K01883,C0001,3,2025-09-05,0.6369,False
K02259,C0002,1,2025-09-05,0.7139,False
K02259,C0013,2,2025-09-05,0.6899,False
K02259,C0077,3,2025-09-05,1.0,True
K01720,C0087,1,2025-09-06,0.0267,False
K01720,C0099,2,2025-09-06,0.8608,False
K01720,C0017,3,2025-09-06,0.9423,True
K01702,C0054,1,2025-09-06,0.1312,False
K01702,C0047,2,2025-09-06,1.0,False
K01702,C0058,3,2025-09-06,1.0,True
K02252,C0060,1,2025-09-06,0.3561,False
K02252,C0040,2,2025-09-06,0.7159,False
K02252,C0025,3,2025-09-06,1.0,True
K01704,C0027,1,2025-09-07,0.1043,False
K01704,C0057,2,2025-09-07,0.104,False
K01704,C0117,3,2025-09-07,0.9361,False
K02008,C0114,1,2025-09-07,1.0,True
K02008,C0084,2,2025-09-07,0.9892,False
K02008,C0033,3,2025-09-07,0.4177,False
K01707,C0050,1,2025-09-07,1.0,False
K01707,C0052,2,2025-09-07,0.5079,False
K01707,C0032,3,2025-09-07,0.093,False
K02381,C0032,1,2025-09-08,0.093,False
K02381,C0001,2,2025-09-08,0.6369,False
K02381,C0095,3,2025-09-08,0.7468,False
K02068,C0061,1,2025-09-08,0.6605,False
K02068,C0062,2,2025-09-08,0.6638,False
K02068,C0052,3,2025-09-08,0.5079,False
K01721,C0033,1,2025-09-08,0.4177,False
K01721,C0063,2,2025-09-08,1.0,False
K01721,C0007,3,2025-09-08,0.3312,False
K01910,C0112,1,2025-09-09,1.0,True
K01910,C0045,2,2025-09-09,0.8669,False
K01910,C0033,3,2025-09-09,0.4177,False
K02361,C0032,1,2025-09-09,0.093,False
K02361,C0095,2,2025-09-09,0.7468,False
K02361,C0001,3,2025-09-09,0.6369,True
K01885,C0050,1,2025-09-09,1.0,False
K01885,C0010,2,2025-09-09,0.7233,False
K01885,C0004,3,2025-09-09,0.0,False
K01517,C0041,1,2025-09-10,0.3124,False
K01517,C0049,2,2025-09-10,0.8849,True
K01517,C0032,3,2025-09-10,0.093,False
K02398,C0007,1,2025-09-10,0.3312,False
K02398,C0044,2,2025-09-10,0.6618,True
K02398,C0114,3,2025-09-10,1.0,False
K02067,C0101,1,2025-09-10,0.5975,False
K02067,C0006,2,2025-09-10,0.6721,False
K02067,C0088,3,2025-09-10,1.0,True
K01823,C0033,1,2025-09-11,0.4177,False
K01823,C0056,2,2025-09-11,0.2414,False
K01823,C0002,3,2025-09-11,0.7139,True
K01990,C0018,1,2025-09-11,0.5977,False
K01990,C0040,2,2025-09-11,0.7159,False
K01990,C0063,3,2025-09-11,1.0,False
K01859,C0052,1,2025-09-11,0.5079,False
K01859,C0062,2,2025-09-11,0.6638,False
K01859,C0022,3,2025-09-11,0.3629,False
K02157,C0032,1,2025-09-11,0.093,False
K02157,C0027,2,2025-09-11,0.1043,False
K02157,C0053,3,2025-09-11,0.5692,False
K02133,C0080,1,2025-09-11,1.0,False
K02133,C0099,2,2025-09-11,0.8608,False
K02133,C0083,3,2025-09-11,0.5735,False
K02173,C0021,1,2025-09-11,0.7714,True
K02173,C0052,2,2025-09-11,0.5079,False
K02173,C0032,3,2025-09-11,0.093,False
K02285,C0120,1,2025-09-11,0.7011,False
K02285,C0056,2,2025-09-11,0.2414,False
K02285,C0033,3,2025-09-11,0.4177,False
K01537,C0101,1,2025-09-11,0.5975,False
K01537,C0063,2,2025-09-11,1.0,False
K01537,C0094,3,2025-09-11,1.0,False
K01782,C0054,1,2025-09-11,0.1312,False
K01782,C0022,2,2025-09-11,0.3629,False
K01782,C0024,3,2025-09-11,0.6241,False
K01958,C0103,1,2025-09-12,1.0,False
K01958,C0007,2,2025-09-12,0.3312,True
K01958,C0110,3,2025-09-12,0.403,False
K02236,C0040,1,2025-09-12,0.7159,True
K02236,C0060,2,2025-09-12,0.3561,False
K02236,C0058,3,2025-09-12,1.0,False
K02212,C0040,1,2025-09-12,0.7159,False
K02212,C0058,2,2025-09-12,1.0,True
K02212,C0060,3,2025-09-12,0.3561,False
K02359,C0032,1,2025-09-13,0.093,False
K02359,C0070,2,2025-09-13,0.8852,False
K02359,C0110,3,2025-09-13,0.403,False
K01930,C0032,1,2025-09-13,0.093,False
K01930,C0110,2,2025-09-13,0.403,False
K01930,C0070,3,2025-09-13,0.8852,False
K01667,C0033,1,2025-09-14,0.4177,False
K01667,C0041,2,2025-09-14,0.3124,False
K01667,C0103,3,2025-09-14,1.0,True
K01765,C0084,1,2025-09-14,0.9892,False
K01765,C0114,2,2025-09-14,1.0,True
K01765,C0119,3,2025-09-14,0.664,False
K02112,C0032,1,2025-09-14,0.093,False
K02112,C0119,2,2025-09-14,0.664,True
K02112,C0110,3,2025-09-14,0.403,False
K02048,C0023,1,2025-09-14,0.3529,False
K02048,C0087,2,2025-09-14,0.0267,False
K02048,C0048,3,2025-09-14,0.4161,True
K02319,C0060,1,2025-09-15,0.3561,False
K02319,C0034,2,2025-09-15,0.6887,True
K02319,C0106,3,2025-09-15,0.7671,False
K01722,C0033,1,2025-09-15,0.4177,False
K01722,C0056,2,2025-09-15,0.2414,False
K01722,C0120,3,2025-09-15,0.7011,False
K01921,C0072,1,2025-09-15,1.0,True
K01921,C0054,2,2025-09-15,0.1312,False
K01921,C0022,3,2025-09-15,0.3629,False
K01546,C0023,1,2025-09-15,0.3529,False
K01546,C0099,2,2025-09-15,0.8608,True
K01546,C0032,3,2025-09-15,0.093,False
K02172,C0098,1,2025-09-15,0.7302,False
K02172,C0119,2,2025-09-15,0.664,False
K02172,C0025,3,2025-09-15,1.0,True
K02256,C0033,1,2025-09-16,0.4177,False
K02256,C0063,2,2025-09-16,1.0,True
K02256,C0056,3,2025-09-16,0.2414,False
K01506,C0117,1,2025-09-16,0.9361,False
K01506,C0057,2,2025-09-16,0.104,False
K01506,C0029,3,2025-09-16,0.1875,False
K01749,C0024,1,2025-09-17,0.6241,True
K01749,C0097,2,2025-09-17,0.6906,False
K01749,C0061,3,2025-09-17,0.6605,False
K02203,C0102,1,2025-09-17,0.664,False
K02203,C0053,2,2025-09-17,0.5692,False
K02203,C0052,3,2025-09-17,0.5079,False
K02255,C0062,1,2025-09-17,0.6638,True
K02255,C0034,2,2025-09-17,0.6887,False
K02255,C0072,3,2025-09-17,1.0,False
K01740,C0101,1,2025-09-17,0.5975,False
K01740,C0006,2,2025-09-17,0.6721,False
K01740,C0001,3,2025-09-17,0.6369,False
K02317,C0011,1,2025-09-18,0.5793,False
K02317,C0027,2,2025-09-18,0.1043,False
K02317,C0022,3,2025-09-18,0.3629,False
K01778,C0107,1,2025-09-18,0.9289,False
K01778,C0006,2,2025-09-18,0.6721,True
K01778,C0084,3,2025-09-18,0.9892,False
K01750,C0052,1,2025-09-18,0.5079,False
K01750,C0032,2,2025-09-18,0.093,False
K01750,C0102,3,2025-09-18,0.664,False
K02110,C0106,1,2025-09-18,0.7671,False
K02110,C0008,2,2025-09-18,0.6952,True
K02110,C0094,3,2025-09-18,1.0,False
K01553,C0107,1,2025-09-18,0.9289,False
K01553,C0094,2,2025-09-18,1.0,False
K01553,C0084,3,2025-09-18,0.9892,False
K01775,C0027,1,2025-09-18,0.1043,False
K01775,C0011,2,2025-09-18,0.5793,False
K01775,C0104,3,2025-09-18,1.0,True
K01659,C0043,1,2025-09-18,0.3035,False
K01659,C0016,2,2025-09-18,0.6837,False
K01659,C0083,3,2025-09-18,0.5735,True
K01924,C0075,1,2025-09-18,0.4976,False
K01924,C0023,2,2025-09-18,0.3529,False
K01924,C0086,3,2025-09-18,0.4185,False
K02061,C0061,1,2025-09-19,0.6605,False
K02061,C0052,2,2025-09-19,0.5079,True
K02061,C0030,3,2025-09-19,1.0,False
K01789,C0109,1,2025-09-19,0.3287,False
K01789,C0087,2,2025-09-19,0.0267,False
K01789,C0075,3,2025-09-19,0.4976,False
K01595,C0018,1,2025-09-19,0.5977,False
K01595,C0040,2,2025-09-19,0.7159,False
K01595,C0101,3,2025-09-19,0.5975,False
K01922,C0097,1,2025-09-20,0.6906,False
K01922,C0101,2,2025-09-20,0.5975,False
K01922,C0054,3,2025-09-20,0.1312,False
K02253,C0056,1,2025-09-20,0.2414,False
K02253,C0033,2,2025-09-20,0.4177,False
K02253,C0107,3,2025-09-20,0.9289,False
K02409,C0007,1,2025-09-20,0.3312,False
K02409,C0103,2,2025-09-20,1.0,True
K02409,C0033,3,2025-09-20,0.4177,False
K01577,C0006,1,2025-09-20,0.6721,False
K01577,C0101,2,2025-09-20,0.5975,False
K01577,C0069,3,2025-09-20,0.6509,True
K02404,C0032,1,2025-09-20,0.093,False
K02404,C0095,2,2025-09-20,0.7468,False
K02404,C0001,3,2025-09-20,0.6369,False
K01520,C0084,1,2025-09-21,0.9892,True
K01520,C0040,2,2025-09-21,0.7159,False
K01520,C0060,3,2025-09-21,0.3561,False
K02367,C0072,1,2025-09-21,1.0,False
K02367,C0034,2,2025-09-21,0.6887,False
K02367,C0062,3,2025-09-21,0.6638,False
K01875,C0062,1,2025-09-21,0.6638,False
K01875,C0034,2,2025-09-21,0.6887,False
K01875,C0072,3,2025-09-21,1.0,True
K01514,C0047,1,2025-09-21,1.0,True
K01514,C0054,2,2025-09-21,0.1312,False
K01514,C0060,3,2025-09-21,0.3561,False
K01808,C0107,1,2025-09-22,0.9289,False
K01808,C0053,2,2025-09-22,0.5692,False
K01808,C0094,3,2025-09-22,1.0,False
K01784,C0027,1,2025-09-22,0.1043,False
K01784,C0090,2,2025-09-22,0.6321,False
K01784,C0009,3,2025-09-22,0.5136,False
K01891,C0027,1,2025-09-22,0.1043,False
K01891,C0032,2,2025-09-22,0.093,False
K01891,C0053,3,2025-09-22,0.5692,False
K01675,C0060,1,2025-09-22,0.3561,False
K01675,C0004,2,2025-09-22,0.0,False
K01675,C0098,3,2025-09-22,0.7302,False
K02293,C0084,1,2025-09-23,0.9892,False
K02293,C0058,2,2025-09-23,1.0,False
K02293,C0060,3,2025-09-23,0.3561,False
K01962,C0094,1,2025-09-23,1.0,True
K01962,C0074,2,2025-09-23,1.0,False
K01962,C0039,3,2025-09-23,1.0,False
K02019,C0019,1,2025-09-23,1.0,True
K02019,C0043,2,2025-09-23,0.3035,False
K02019,C0005,3,2025-09-23,0.901,False
K01845,C0022,1,2025-09-23,0.3629,False
K01845,C0052,2,2025-09-23,0.5079,True
K01845,C0060,3,2025-09-23,0.3561,False
K01662,C0098,1,2025-09-23,0.7302,False
K01662,C0060,2,2025-09-23,0.3561,False
K01662,C0004,3,2025-09-23,0.0,False
K02117,C0004,1,2025-09-24,0.0,False
K02117,C0098,2,2025-09-24,0.7302,False
K02117,C0060,3,2025-09-24,0.3561,False
K01625,C0018,1,2025-09-24,0.5977,False
K01625,C0113,2,2025-09-24,1.0,True
K01625,C0032,3,2025-09-24,0.093,False
K01623,C0004,1,2025-09-24,0.0,False
K01623,C0060,2,2025-09-24,0.3561,False
K01623,C0098,3,2025-09-24,0.7302,False
K02226,C0007,1,2025-09-25,0.3312,False
K02226,C0103,2,2025-09-25,1.0,True
K02226,C0110,3,2025-09-25,0.403,False
K02238,C0033,1,2025-09-25,0.4177,False
K02238,C0120,2,2025-09-25,0.7011,False
K02238,C0082,3,2025-09-25,0.8074,False
K02096,C0001,1,2025-09-25,0.6369,False
K02096,C0110,2,2025-09-25,0.403,False
K02096,C0010,3,2025-09-25,0.7233,False
K01681,C0006,1,2025-09-25,0.6721,False
K01681,C0101,2,2025-09-25,0.5975,False
K01681,C0097,3,2025-09-25,0.6906,False
K01872,C0106,1,2025-09-25,0.7671,False
K01872,C0060,2,2025-09-25,0.3561,False
K01872,C0004,3,2025-09-25,0.0,False
K01572,C0007,1,2025-09-26,0.3312,False
K01572,C0044,2,2025-09-26,0.6618,False
K01572,C0114,3,2025-09-26,1.0,False
K01715,C0004,1,2025-09-26,0.0,False
K01715,C0060,2,2025-09-26,0.3561,False
K01715,C0068,3,2025-09-26,0.8036,False
K01716,C0101,1,2025-09-26,0.5975,False
K01716,C0107,2,2025-09-26,0.9289,True
K01716,C0073,3,2025-09-26,1.0,False
K01769,C0054,1,2025-09-27,0.1312,False
K01769,C0079,2,2025-09-27,0.328,False
K01769,C0041,3,2025-09-27,0.3124,False
K01735,C0120,1,2025-09-27,0.7011,False
K01735,C0085,2,2025-09-27,1.0,True
K01735,C0013,3,2025-09-27,0.6899,False
K01699,C0109,1,2025-09-27,0.3287,False
K01699,C0004,2,2025-09-27,0.0,False
K01699,C0075,3,2025-09-27,0.4976,False
K02156,C0005,1,2025-09-27,0.901,True
K02156,C0087,2,2025-09-27,0.0267,False
K02156,C0060,3,2025-09-27,0.3561,False
K02177,C0044,1,2025-09-27,0.6618,False
K02177,C0119,2,2025-09-27,0.664,True
K02177,C0087,3,2025-09-27,0.0267,False
K02087,C0107,1,2025-09-27,0.9289,False
K02087,C0084,2,2025-09-27,0.9892,True
K02087,C0073,3,2025-09-27,1.0,False
K02380,C0098,1,2025-09-27,0.7302,False
K02380,C0119,2,2025-09-27,0.664,False
K02380,C0114,3,2025-09-27,1.0,False
K01688,C0114,1,2025-09-27,1.0,True
K01688,C0084,2,2025-09-27,0.9892,False
K01688,C0086,3,2025-09-27,0.4185,False
K01785,C0087,1,2025-09-27,0.0267,False
K01785,C0060,2,2025-09-27,0.3561,False
K01785,C0017,3,2025-09-27,0.9423,True
K02267,C0110,1,2025-09-27,0.403,True
K02267,C0048,2,2025-09-27,0.4161,False
K02267,C0043,3,2025-09-27,0.3035,False
K02277,C0032,1,2025-10-01,0.093,False
K02277,C0010,2,2025-10-01,0.7233,True
K02277,C0070,3,2025-10-01,0.8852,False
K02315,C0101,1,2025-10-01,0.5975,False
K02315,C0006,2,2025-10-01,0.6721,False
K02315,C0001,3,2025-10-01,0.6369,False
K01737,C0106,1,2025-10-01,0.7671,False
K01737,C0004,2,2025-10-01,0.0,False
K01737,C0068,3,2025-10-01,0.8036,True
K02309,C0098,1,2025-10-01,0.7302,False
K02309,C0119,2,2025-10-01,0.664,False
K02309,C0025,3,2025-10-01,1.0,True
K01982,C0001,1,2025-10-01,0.6369,False
K01982,C0032,2,2025-10-01,0.093,False
K01982,C0070,3,2025-10-01,0.8852,True
K01724,C0118,1,2025-10-02,0.3444,False
K01724,C0044,2,2025-10-02,0.6618,False
K01724,C0033,3,2025-10-02,0.4177,False
K01584,C0027,1,2025-10-02,0.1043,False
K01584,C0090,2,2025-10-02,0.6321,True
K01584,C0009,3,2025-10-02,0.5136,False
K01866,C0027,1,2025-10-02,0.1043,False
K01866,C0118,2,2025-10-02,0.3444,False
K01866,C0011,3,2025-10-02,0.5793,False
K01614,C0022,1,2025-10-02,0.3629,False
K01614,C0003,2,2025-10-02,0.3232,False
K01614,C0018,3,2025-10-02,0.5977,False
K01713,C0061,1,2025-10-02,0.6605,False
K01713,C0022,2,2025-10-02,0.3629,False
K01713,C0106,3,2025-10-02,0.7671,False
K02216,C0116,1,2025-10-02,1.0,True
K02216,C0053,2,2025-10-02,0.5692,False
K02216,C0060,3,2025-10-02,0.3561,False
K02431,C0050,1,2025-10-03,1.0,True
K02431,C0106,2,2025-10-03,0.7671,False
K02431,C0060,3,2025-10-03,0.3561,False
K02055,C0043,1,2025-10-03,0.3035,False
K02055,C0087,2,2025-10-03,0.0267,False
K02055,C0016,3,2025-10-03,0.6837,False
K02411,C0022,1,2025-10-03,0.3629,False
K02411,C0072,2,2025-10-03,1.0,False
K02411,C0054,3,2025-10-03,0.1312,False
K01830,C0004,1,2025-10-03,0.0,False
K01830,C0086,2,2025-10-03,0.4185,False
K01830,C0109,3,2025-10-03,0.3287,False
K02194,C0111,1,2025-10-03,0.7518,False
K02194,C0102,2,2025-10-03,0.664,False
K02194,C0032,3,2025-10-03,0.093,False
K02291,C0059,1,2025-10-03,0.6396,False
K02291,C0013,2,2025-10-03,0.6899,True
K02291,C0033,3,2025-10-03,0.4177,False
K01929,C0023,1,2025-10-04,0.3529,False
K01929,C0075,2,2025-10-04,0.4976,False
K01929,C0054,3,2025-10-04,0.1312,False
K01684,C0022,1,2025-10-04,0.3629,False
K01684,C0053,2,2025-10-04,0.5692,False
K01684,C0102,3,2025-10-04,0.664,False
K01619,C0087,1,2025-10-04,0.0267,False
K01619,C0004,2,2025-10-04,0.0,False
K01619,C0109,3,2025-10-04,0.3287,False
K02308,C0016,1,2025-10-05,0.6837,False
K02308,C0043,2,2025-10-05,0.3035,False
K02308,C0099,3,2025-10-05,0.8608,True
K02101,C0047,1,2025-10-05,1.0,True
K02101,C0101,2,2025-10-05,0.5975,False
K02101,C0054,3,2025-10-05,0.1312,False
K02444,C0098,1,2025-10-06,0.7302,True
K02444,C0119,2,2025-10-06,0.664,False
K02444,C0114,3,2025-10-06,1.0,False
K02442,C0029,1,2025-10-06,0.1875,False
K02442,C0051,2,2025-10-06,0.6858,False
K02442,C0117,3,2025-10-06,0.9361,True
K02288,C0060,1,2025-10-06,0.3561,False
K02288,C0022,2,2025-10-06,0.3629,False
K02288,C0052,3,2025-10-06,0.5079,False
K01858,C0109,1,2025-10-06,0.3287,False
K01858,C0087,2,2025-10-06,0.0267,False
K01858,C0115,3,2025-10-06,0.5385,False
K01660,C0053,1,2025-10-06,0.5692,True
K01660,C0032,2,2025-10-06,0.093,False
K01660,C0011,3,2025-10-06,0.5793,False
K01957,C0060,1,2025-10-07,0.3561,False
K01957,C0102,2,2025-10-07,0.664,False
K01957,C0032,3,2025-10-07,0.093,True
K01787,C0087,1,2025-10-08,0.0267,False
K01787,C0075,2,2025-10-08,0.4976,False
K01787,C0109,3,2025-10-08,0.3287,False
K02385,C0033,1,2025-10-08,0.4177,False
K02385,C0002,2,2025-10-08,0.7139,False
K02385,C0101,3,2025-10-08,0.5975,False
K02211,C0061,1,2025-10-08,0.6605,False
K02211,C0022,2,2025-10-08,0.3629,False
K02211,C0106,3,2025-10-08,0.7671,False
K02010,C0101,1,2025-10-08,0.5975,False
K02010,C0009,2,2025-10-08,0.5136,False
K02010,C0018,3,2025-10-08,0.5977,False
K01624,C0007,1,2025-10-09,0.3312,False
K01624,C0103,2,2025-10-09,1.0,True
K01624,C0033,3,2025-10-09,0.4177,False
K01689,C0027,1,2025-10-09,0.1043,False
K01689,C0011,2,2025-10-09,0.5793,False
K01689,C0003,3,2025-10-09,0.3232,True
K01695,C0084,1,2025-10-09,0.9892,False
K01695,C0114,2,2025-10-09,1.0,False
K01695,C0023,3,2025-10-09,0.3529,False
K01783,C0022,1,2025-10-09,0.3629,False
K01783,C0060,2,2025-10-09,0.3561,False
K01783,C0052,3,2025-10-09,0.5079,False
K01764,C0118,1,2025-10-09,0.3444,False
K01764,C0033,2,2025-10-09,0.4177,False
K01764,C0059,3,2025-10-09,0.6396,False
K01826,C0054,1,2025-10-10,0.1312,False
K01826,C0047,2,2025-10-10,1.0,True
K01826,C0115,3,2025-10-10,0.5385,False
K02113,C0074,1,2025-10-10,1.0,False
K02113,C0094,2,2025-10-10,1.0,True
K02113,C0039,3,2025-10-10,1.0,False
K02394,C0108,1,2025-10-10,0.9628,True
K02394,C0110,2,2025-10-10,0.403,False
K02394,C0115,3,2025-10-10,0.5385,False
K02357,C0114,1,2025-10-10,1.0,False
K02357,C0084,2,2025-10-10,0.9892,True
K02357,C0033,3,2025-10-10,0.4177,False
K01527,C0101,1,2025-10-11,0.5975,True
K01527,C0018,2,2025-10-11,0.5977,False
K01527,C0006,3,2025-10-11,0.6721,False
K01904,C0069,1,2025-10-11,0.6509,True
K01904,C0033,2,2025-10-11,0.4177,False
K01904,C0118,3,2025-10-11,0.3444,False
K02042,C0054,1,2025-10-11,0.1312,False
K02042,C0097,2,2025-10-11,0.6906,False
K02042,C0072,3,2025-10-11,1.0,True
K02047,C0108,1,2025-10-11,0.9628,True
K02047,C0110,2,2025-10-11,0.403,False
K02047,C0010,3,2025-10-11,0.7233,False
K02050,C0067,1,2025-10-11,1.0,False
K02050,C0098,2,2025-10-11,0.7302,False
K02050,C0035,3,2025-10-11,1.0,True
K02015,C0118,1,2025-10-12,0.3444,False
K02015,C0027,2,2025-10-12,0.1043,False
K02015,C0018,3,2025-10-12,0.5977,False
K02421,C0044,1,2025-10-12,0.6618,False
K02421,C0114,2,2025-10-12,1.0,True
K02421,C0007,3,2025-10-12,0.3312,False
K01513,C0101,1,2025-10-12,0.5975,False
K01513,C0006,2,2025-10-12,0.6721,True
K01513,C0032,3,2025-10-12,0.093,False
K02119,C0086,1,2025-10-12,0.4185,False
K02119,C0054,2,2025-10-12,0.1312,False
K02119,C0075,3,2025-10-12,0.4976,False
K02369,C0067,1,2025-10-12,1.0,False
K02369,C0098,2,2025-10-12,0.7302,False
K02369,C0029,3,2025-10-12,0.1875,False
K02354,C0087,1,2025-10-12,0.0267,False
K02354,C0119,2,2025-10-12,0.664,False
K02354,C0066,3,2025-10-12,1.0,True
K02237,C0087,1,2025-10-13,0.0267,False
K02237,C0002,2,2025-10-13,0.7139,False
K02237,C0043,3,2025-10-13,0.3035,False
K02275,C0062,1,2025-10-13,0.6638,False
K02275,C0034,2,2025-10-13,0.6887,False
K02275,C0072,3,2025-10-13,1.0,True
K02351,C0098,1,2025-10-13,0.7302,False
K02351,C0067,2,2025-10-13,1.0,True
K02351,C0060,3,2025-10-13,0.3561,False
K01877,C0039,1,2025-10-14,1.0,False
K01877,C0074,2,2025-10-14,1.0,False
K01877,C0094,3,2025-10-14,1.0,True
K01508,C0057,1,2025-10-14,0.104,False
K01508,C0027,2,2025-10-14,0.1043,False
K01508,C0055,3,2025-10-14,0.4164,False
K01822,C0016,1,2025-10-14,0.6837,False
K01822,C0043,2,2025-10-14,0.3035,False
K01822,C0044,3,2025-10-14,0.6618,False
K02022,C0060,1,2025-10-14,0.3561,False
K02022,C0009,2,2025-10-14,0.5136,False
K02022,C0101,3,2025-10-14,0.5975,False
K01945,C0087,1,2025-10-14,0.0267,False
K01945,C0043,2,2025-10-14,0.3035,False
K01945,C0080,3,2025-10-14,1.0,True
K02300,C0034,1,2025-10-15,0.6887,True
K02300,C0062,2,2025-10-15,0.6638,False
K02300,C0072,3,2025-10-15,1.0,False
K01571,C0106,1,2025-10-15,0.7671,True
K01571,C0030,2,2025-10-15,1.0,False
K01571,C0068,3,2025-10-15,0.8036,False
K01521,C0054,1,2025-10-15,0.1312,False
K01521,C0047,2,2025-10-15,1.0,True
K01521,C0087,3,2025-10-15,0.0267,False
K01915,C0001,1,2025-10-16,0.6369,False
K01915,C0097,2,2025-10-16,0.6906,False
K01915,C0110,3,2025-10-16,0.403,False
K02223,C0060,1,2025-10-16,0.3561,False
K02223,C0058,2,2025-10-16,1.0,False
K02223,C0084,3,2025-10-16,0.9892,True
K02198,C0060,1,2025-10-16,0.3561,False
K02198,C0004,2,2025-10-16,0.0,False
K02198,C0030,3,2025-10-16,1.0,False
K01862,C0043,1,2025-10-17,0.3035,False
K01862,C0080,2,2025-10-17,1.0,True
K01862,C0087,3,2025-10-17,0.0267,False
K01814,C0059,1,2025-10-17,0.6396,True
K01814,C0056,2,2025-10-17,0.2414,False
K01814,C0033,3,2025-10-17,0.4177,False
K01800,C0061,1,2025-10-17,0.6605,False
K01800,C0022,2,2025-10-17,0.3629,False
K01800,C0089,3,2025-10-17,0.8805,True
K02224,C0004,1,2025-10-17,0.0,False
K02224,C0060,2,2025-10-17,0.3561,False
K02224,C0098,3,2025-10-17,0.7302,False
K01903,C0086,1,2025-10-18,0.4185,False
K01903,C0004,2,2025-10-18,0.0,False
K01903,C0015,3,2025-10-18,1.0,True
K01729,C0087,1,2025-10-18,0.0267,False
K01729,C0066,2,2025-10-18,1.0,True
K01729,C0099,3,2025-10-18,0.8608,False
K01617,C0032,1,2025-10-18,0.093,False
K01617,C0001,2,2025-10-18,0.6369,False
K01617,C0070,3,2025-10-18,0.8852,False
K01966,C0101,1,2025-10-18,0.5975,True
K01966,C0118,2,2025-10-18,0.3444,False
K01966,C0107,3,2025-10-18,0.9289,False
K02053,C0060,1,2025-10-18,0.3561,False
K02053,C0004,2,2025-10-18,0.0,False
K02053,C0074,3,2025-10-18,1.0,False
K02007,C0087,1,2025-10-18,0.0267,False
K02007,C0023,2,2025-10-18,0.3529,True
K02007,C0075,3,2025-10-18,0.4976,False
K01644,C0026,1,2025-10-19,0.5904,False
K01644,C0056,2,2025-10-19,0.2414,True
K01644,C0120,3,2025-10-19,0.7011,False
K02432,C0062,1,2025-10-19,0.6638,False
K02432,C0034,2,2025-10-19,0.6887,False
K02432,C0072,3,2025-10-19,1.0,True
K02232,C0098,1,2025-10-19,0.7302,False
K02232,C0067,2,2025-10-19,1.0,True
K02232,C0009,3,2025-10-19,0.5136,False
K01664,C0033,1,2025-10-19,0.4177,False
K01664,C0120,2,2025-10-19,0.7011,False
K01664,C0074,3,2025-10-19,1.0,False
K02142,C0004,1,2025-10-19,0.0,False
K02142,C0022,2,2025-10-19,0.3629,False
K02142,C0061,3,2025-10-19,0.6605,False
K01795,C0114,1,2025-10-19,1.0,True
K01795,C0084,2,2025-10-19,0.9892,False
K01795,C0087,3,2025-10-19,0.0267,False
K02158,C0074,1,2025-10-20,1.0,False
K02158,C0039,2,2025-10-20,1.0,True
K02158,C0094,3,2025-10-20,1.0,False
K01802,C0004,1,2025-10-20,0.0,False
K01802,C0098,2,2025-10-20,0.7302,False
K01802,C0060,3,2025-10-20,0.3561,False
K02205,C0114,1,2025-10-20,1.0,False
K02205,C0084,2,2025-10-20,0.9892,False
K02205,C0087,3,2025-10-20,0.0267,False
K01868,C0114,1,2025-10-21,1.0,False
K01868,C0084,2,2025-10-21,0.9892,False
K01868,C0075,3,2025-10-21,0.4976,False
K01832,C0009,1,2025-10-21,0.5136,False
K01832,C0027,2,2025-10-21,0.1043,False
K01832,C0090,3,2025-10-21,0.6321,False
K02154,C0088,1,2025-10-22,1.0,True
K02154,C0071,2,2025-10-22,1.0,False
K02154,C0006,3,2025-10-22,0.6721,False
K01728,C0022,1,2025-10-23,0.3629,False
K01728,C0060,2,2025-10-23,0.3561,False
K01728,C0052,3,2025-10-23,0.5079,True
K01544,C0019,1,2025-10-23,1.0,False
K01544,C0102,2,2025-10-23,0.664,True
K01544,C0061,3,2025-10-23,0.6605,False
K01543,C0002,1,2025-10-23,0.7139,False
K01543,C0044,2,2025-10-23,0.6618,False
K01543,C0043,3,2025-10-23,0.3035,False
K01574,C0073,1,2025-10-24,1.0,False
K01574,C0107,2,2025-10-24,0.9289,True
K01574,C0118,3,2025-10-24,0.3444,False
K01912,C0071,1,2025-10-24,1.0,True
K01912,C0001,2,2025-10-24,0.6369,False
K01912,C0006,3,2025-10-24,0.6721,False
K02316,C0054,1,2025-10-24,0.1312,False
K02316,C0047,2,2025-10-24,1.0,True
K02316,C0075,3,2025-10-24,0.4976,False
K01603,C0019,1,2025-10-24,1.0,False
K01603,C0021,2,2025-10-24,0.7714,False
K01603,C0022,3,2025-10-24,0.3629,False
K01994,C0044,1,2025-10-24,0.6618,False
K01994,C0002,2,2025-10-24,0.7139,False
K01994,C0081,3,2025-10-24,0.6906,False
K01533,C0087,1,2025-10-25,0.0267,False
K01533,C0099,2,2025-10-25,0.8608,False
K01533,C0017,3,2025-10-25,0.9423,True
K01955,C0098,1,2025-10-27,0.7302,False
K01955,C0030,2,2025-10-27,1.0,True
K01955,C0027,3,2025-10-27,0.1043,False
K02360,C0043,1,2025-10-27,0.3035,False
K02360,C0061,2,2025-10-27,0.6605,False
K02360,C0079,3,2025-10-27,0.328,False
K01804,C0061,1,2025-10-27,0.6605,True
K01804,C0097,2,2025-10-27,0.6906,False
K01804,C0004,3,2025-10-27,0.0,False
K01847,C0070,1,2025-10-27,0.8852,True
K01847,C0048,2,2025-10-27,0.4161,False
K01847,C0032,3,2025-10-27,0.093,False
K01942,C0060,1,2025-11-01,0.3561,False
K01942,C0050,2,2025-11-01,1.0,True
K01942,C0022,3,2025-11-01,0.3629,False
K01871,C0001,1,2025-11-02,0.6369,False
K01871,C0006,2,2025-11-02,0.6721,False
K01871,C0101,3,2025-11-02,0.5975,False
K02399,C0027,1,2025-11-02,0.1043,False
K02399,C0009,2,2025-11-02,0.5136,False
K02399,C0090,3,2025-11-02,0.6321,False
K01661,C0004,1,2025-11-04,0.0,False
K01661,C0068,2,2025-11-04,0.8036,False
K01661,C0060,3,2025-11-04,0.3561,False
K02209,C0032,1,2025-11-04,0.093,False
K02209,C0095,2,2025-11-04,0.7468,False
K02209,C0001,3,2025-11-04,0.6369,False
K02099,C0104,1,2025-11-04,1.0,True
K02099,C0018,2,2025-11-04,0.5977,False
K02099,C0021,3,2025-11-04,0.7714,False
K01968,C0060,1,2025-11-05,0.3561,False
K01968,C0058,2,2025-11-05,1.0,True
K01968,C0040,3,2025-11-05,0.7159,False
K02220,C0007,1,2025-11-05,0.3312,False
K02220,C0044,2,2025-11-05,0.6618,False
K02220,C0114,3,2025-11-05,1.0,True
K02065,C0073,1,2025-11-05,1.0,False
K02065,C0118,2,2025-11-05,0.3444,False
K02065,C0107,3,2025-11-05,0.9289,False
K01791,C0098,1,2025-11-05,0.7302,False
K01791,C0051,2,2025-11-05,0.6858,False
K01791,C0029,3,2025-11-05,0.1875,False
K02376,C0007,1,2025-11-06,0.3312,False
K02376,C0110,2,2025-11-06,0.403,True
K02376,C0010,3,2025-11-06,0.7233,False
K01979,C0073,1,2025-11-06,1.0,True
K01979,C0118,2,2025-11-06,0.3444,False
K01979,C0082,3,2025-11-06,0.8074,False
K02060,C0011,1,2025-11-06,0.5793,False
K02060,C0027,2,2025-11-06,0.1043,False
K02060,C0022,3,2025-11-06,0.3629,False
K02103,C0007,1,2025-11-06,0.3312,False
K02103,C0044,2,2025-11-06,0.6618,False
K02103,C0114,3,2025-11-06,1.0,False
K01691,C0044,1,2025-11-07,0.6618,True
K01691,C0027,2,2025-11-07,0.1043,False
K01691,C0057,3,2025-11-07,0.104,False
K01828,C0045,1,2025-11-07,0.8669,False
K01828,C0111,2,2025-11-07,0.7518,True
K01828,C0079,3,2025-11-07,0.328,False
K01969,C0098,1,2025-11-07,0.7302,True
K01969,C0057,2,2025-11-07,0.104,False
K01969,C0027,3,2025-11-07,0.1043,False
K02193,C0019,1,2025-11-07,1.0,True
K02193,C0029,2,2025-11-07,0.1875,False
K02193,C0075,3,2025-11-07,0.4976,False
K02408,C0009,1,2025-11-08,0.5136,False
K02408,C0027,2,2025-11-08,0.1043,False
K02408,C0090,3,2025-11-08,0.6321,False
K01919,C0116,1,2025-11-08,1.0,False
K01919,C0022,2,2025-11-08,0.3629,False
K01919,C0043,3,2025-11-08,0.3035,False
K01780,C0061,1,2025-11-08,0.6605,False
K01780,C0097,2,2025-11-08,0.6906,False
K01780,C0054,3,2025-11-08,0.1312,False
K01663,C0027,1,2025-11-08,0.1043,False
K01663,C0009,2,2025-11-08,0.5136,False
K01663,C0090,3,2025-11-08,0.6321,False
K01598,C0097,1,2025-11-08,0.6906,True
K01598,C0054,2,2025-11-08,0.1312,False
K01598,C0071,3,2025-11-08,1.0,False
K02314,C0098,1,2025-11-09,0.7302,False
K02314,C0027,2,2025-11-09,0.1043,False
K02314,C0004,3,2025-11-09,0.0,False
K01754,C0098,1,2025-11-09,0.7302,False
K01754,C0029,2,2025-11-09,0.1875,False
K01754,C0051,3,2025-11-09,0.6858,False
K01600,C0002,1,2025-11-09,0.7139,False
K01600,C0013,2,2025-11-09,0.6899,True
K01600,C0081,3,2025-11-09,0.6906,False
K01507,C0118,1,2025-11-10,0.3444,False
K01507,C0073,2,2025-11-10,1.0,False
K01507,C0006,3,2025-11-10,0.6721,True
K02386,C0060,1,2025-11-10,0.3561,False
K02386,C0022,2,2025-11-10,0.3629,False
K02386,C0050,3,2025-11-10,1.0,True
K02131,C0120,1,2025-11-11,0.7011,False
K02131,C0033,2,2025-11-11,0.4177,False
K02131,C0085,3,2025-11-11,1.0,True
K02079,C0098,1,2025-11-11,0.7302,False
K02079,C0067,2,2025-11-11,1.0,True
K02079,C0027,3,2025-11-11,0.1043,False
K01983,C0045,1,2025-11-11,0.8669,False
K01983,C0079,2,2025-11-11,0.328,False
K01983,C0111,3,2025-11-11,0.7518,False
K01779,C0101,1,2025-11-12,0.5975,False
K01779,C0073,2,2025-11-12,1.0,False
K01779,C0118,3,2025-11-12,0.3444,False
K01973,C0060,1,2025-11-12,0.3561,False
K01973,C0040,2,2025-11-12,0.7159,False
K01973,C0025,3,2025-11-12,1.0,True
K02081,C0074,1,2025-11-13,1.0,False
K02081,C0039,2,2025-11-13,1.0,True
K02081,C0120,3,2025-11-13,0.7011,False
K02091,C0036,1,2025-11-13,1.0,True
K02091,C0061,2,2025-11-13,0.6605,False
K02091,C0054,3,2025-11-13,0.1312,False
K02301,C0027,1,2025-11-13,0.1043,False
K02301,C0009,2,2025-11-13,0.5136,True
K02301,C0090,3,2025-11-13,0.6321,False
K01542,C0022,1,2025-11-14,0.3629,False
K01542,C0118,2,2025-11-14,0.3444,True
K01542,C0027,3,2025-11-14,0.1043,False
K02329,C0114,1,2025-11-14,1.0,True
K02329,C0087,2,2025-11-14,0.0267,False
K02329,C0109,3,2025-11-14,0.3287,False
K01566,C0087,1,2025-11-14,0.0267,False
K01566,C0119,2,2025-11-14,0.664,True
K01566,C0017,3,2025-11-14,0.9423,False
K02084,C0044,1,2025-11-14,0.6618,True
K02084,C0007,2,2025-11-14,0.3312,False
K02084,C0114,3,2025-11-14,1.0,False
K01640,C0069,1,2025-11-15,0.6509,False
K01640,C0118,2,2025-11-15,0.3444,False
K01640,C0074,3,2025-11-15,1.0,True
K01581,C0116,1,2025-11-15,1.0,True
K01581,C0043,2,2025-11-15,0.3035,False
K01581,C0018,3,2025-11-15,0.5977,False
K01867,C0074,1,2025-11-15,1.0,False
K01867,C0039,2,2025-11-15,1.0,False
K01867,C0094,3,2025-11-15,1.0,False
K02415,C0115,1,2025-11-16,0.5385,True
K02415,C0005,2,2025-11-16,0.901,False
K02415,C0075,3,2025-11-16,0.4976,False
K01947,C0001,1,2025-11-16,0.6369,False
K01947,C0101,2,2025-11-16,0.5975,False
K01947,C0006,3,2025-11-16,0.6721,False
K02295,C0019,1,2025-11-16,1.0,True
K02295,C0022,2,2025-11-16,0.3629,False
K02295,C0089,3,2025-11-16,0.8805,False
K02299,C0048,1,2025-11-17,0.4161,False
K02299,C0095,2,2025-11-17,0.7468,True
K02299,C0032,3,2025-11-17,0.093,False
K01567,C0065,1,2025-11-18,1.0,True
K01567,C0054,2,2025-11-18,0.1312,False
K01567,C0016,3,2025-11-18,0.6837,False
K01568,C0022,1,2025-11-19,0.3629,False
K01568,C0060,2,2025-11-19,0.3561,False
K01568,C0054,3,2025-11-19,0.1312,False
K02304,C0045,1,2025-11-19,0.8669,False
K02304,C0112,2,2025-11-19,1.0,False
K02304,C0077,3,2025-11-19,1.0,True
K02321,C0054,1,2025-11-19,0.1312,False
K02321,C0041,2,2025-11-19,0.3124,False
K02321,C0049,3,2025-11-19,0.8849,True
K01816,C0054,1,2025-11-19,0.1312,False
K01816,C0047,2,2025-11-19,1.0,False
K01816,C0040,3,2025-11-19,0.7159,False
K02258,C0043,1,2025-11-20,0.3035,False
K02258,C0081,2,2025-11-20,0.6906,False
K02258,C0016,3,2025-11-20,0.6837,False
K02044,C0005,1,2025-11-20,0.901,False
K02044,C0054,2,2025-11-20,0.1312,False
K02044,C0109,3,2025-11-20,0.3287,False
K01959,C0048,1,2025-11-20,0.4161,False
K01959,C0110,2,2025-11-20,0.403,True
K01959,C0032,3,2025-11-20,0.093,False
K01682,C0011,1,2025-11-20,0.5793,False
K01682,C0111,2,2025-11-20,0.7518,True
K01682,C0027,3,2025-11-20,0.1043,False
K02134,C0054,1,2025-11-20,0.1312,False
K02134,C0041,2,2025-11-20,0.3124,False
K02134,C0022,3,2025-11-20,0.3629,False
K01677,C0022,1,2025-11-21,0.3629,True
K01677,C0060,2,2025-11-21,0.3561,False
K01677,C0089,3,2025-11-21,0.8805,False
K02054,C0054,1,2025-11-21,0.1312,False
K02054,C0041,2,2025-11-21,0.3124,False
K02054,C0049,3,2025-11-21,0.8849,False
K02107,C0021,1,2025-11-21,0.7714,False
K02107,C0027,2,2025-11-21,0.1043,False
K02107,C0040,3,2025-11-21,0.7159,True
K02145,C0043,1,2025-11-21,0.3035,False
K02145,C0048,2,2025-11-21,0.4161,False
K02145,C0016,3,2025-11-21,0.6837,False
K01616,C0119,1,2025-11-21,0.664,False
K01616,C0098,2,2025-11-21,0.7302,False
K01616,C0114,3,2025-11-21,1.0,True
K01798,C0054,1,2025-11-22,0.1312,False
K01798,C0049,2,2025-11-22,0.8849,True
K01798,C0041,3,2025-11-22,0.3124,False
K01679,C0072,1,2025-11-22,1.0,True
K01679,C0054,2,2025-11-22,0.1312,False
K01679,C0043,3,2025-11-22,0.3035,False
K01573,C0001,1,2025-11-22,0.6369,False
K01573,C0101,2,2025-11-22,0.5975,False
K01573,C0088,3,2025-11-22,1.0,True
K01580,C0114,1,2025-11-23,1.0,False
K01580,C0084,2,2025-11-23,0.9892,False
K01580,C0054,3,2025-11-23,0.1312,True
K01730,C0116,1,2025-11-23,1.0,False
K01730,C0113,2,2025-11-23,1.0,True
K01730,C0027,3,2025-11-23,0.1043,False
K01972,C0057,1,2025-11-23,0.104,False
K01972,C0027,2,2025-11-23,0.1043,False
K01972,C0029,3,2025-11-23,0.1875,False
K01949,C0119,1,2025-11-23,0.664,False
K01949,C0098,2,2025-11-23,0.7302,False
K01949,C0025,3,2025-11-23,1.0,True
K01840,C0119,1,2025-11-24,0.664,False
K01840,C0044,2,2025-11-24,0.6618,False
K01840,C0027,3,2025-11-24,0.1043,False
K01967,C0112,1,2025-11-24,1.0,True
K01967,C0033,2,2025-11-24,0.4177,False
K01967,C0056,3,2025-11-24,0.2414,False
K02365,C0033,1,2025-11-24,0.4177,False
K02365,C0120,2,2025-11-24,0.7011,False
K02365,C0101,3,2025-11-24,0.5975,True
K01549,C0004,1,2025-11-24,0.0,False
K01549,C0008,2,2025-11-24,0.6952,False
K01549,C0060,3,2025-11-24,0.3561,False
K01763,C0032,1,2025-11-25,0.093,False
K01763,C0018,2,2025-11-25,0.5977,False
K01763,C0021,3,2025-11-25,0.7714,True
K01714,C0060,1,2025-11-25,0.3561,False
K01714,C0011,2,2025-11-25,0.5793,False
K01714,C0027,3,2025-11-25,0.1043,False
K02126,C0001,1,2025-11-25,0.6369,False
K02126,C0032,2,2025-11-25,0.093,False
K02126,C0028,3,2025-11-25,0.5745,False
K01587,C0119,1,2025-11-25,0.664,True
K01587,C0044,2,2025-11-25,0.6618,False
K01587,C0027,3,2025-11-25,0.1043,False
K01786,C0007,1,2025-11-26,0.3312,False
K01786,C0103,2,2025-11-26,1.0,True
K01786,C0033,3,2025-11-26,0.4177,False
K01776,C0073,1,2025-11-26,1.0,True
K01776,C0082,2,2025-11-26,0.8074,False
K01776,C0118,3,2025-11-26,0.3444,False
K02343,C0073,1,2025-11-26,1.0,True
K02343,C0101,2,2025-11-26,0.5975,False
K02343,C0082,3,2025-11-26,0.8074,False
K01680,C0054,1,2025-11-27,0.1312,False
K01680,C0047,2,2025-11-27,1.0,True
K01680,C0005,3,2025-11-27,0.901,False
K01751,C0001,1,2025-11-27,0.6369,False
K01751,C0032,2,2025-11-27,0.093,False
K01751,C0028,3,2025-11-27,0.5745,True
K01717,C0061,1,2025-11-27,0.6605,True
K01717,C0045,2,2025-11-27,0.8669,False
K01717,C0079,3,2025-11-27,0.328,False
K01954,C0033,1,2025-11-27,0.4177,False
K01954,C0002,2,2025-11-27,0.7139,False
K01954,C0120,3,2025-11-27,0.7011,False
K02034,C0060,1,2025-11-27,0.3561,False
K02034,C0004,2,2025-11-27,0.0,False
K02034,C0068,3,2025-11-27,0.8036,False
K02175,C0001,1,2025-12-01,0.6369,False
K02175,C0048,2,2025-12-01,0.4161,False
K02175,C0032,3,2025-12-01,0.093,False
K02434,C0004,1,2025-12-02,0.0,False
K02434,C0008,2,2025-12-02,0.6952,True
K02434,C0060,3,2025-12-02,0.3561,False
K01936,C0004,1,2025-12-03,0.0,False
K01936,C0060,2,2025-12-03,0.3561,False
K01936,C0068,3,2025-12-03,0.8036,False
K01950,C0057,1,2025-12-03,0.104,False
K01950,C0014,2,2025-12-03,1.0,True
K01950,C0029,3,2025-12-03,0.1875,False
K02423,C0007,1,2025-12-04,0.3312,False
K02423,C0103,2,2025-12-04,1.0,True
K02423,C0033,3,2025-12-04,0.4177,False
K02171,C0060,1,2025-12-04,0.3561,False
K02171,C0087,2,2025-12-04,0.0267,False
K02171,C0109,3,2025-12-04,0.3287,False
K02379,C0060,1,2025-12-05,0.3561,False
K02379,C0004,2,2025-12-05,0.0,False
K02379,C0098,3,2025-12-05,0.7302,False
K02349,C0041,1,2025-12-05,0.3124,False
K02349,C0029,2,2025-12-05,0.1875,False
K02349,C0057,3,2025-12-05,0.104,False
K01897,C0034,1,2025-12-05,0.6887,False
K01897,C0072,2,2025-12-05,1.0,False
K01897,C0062,3,2025-12-05,0.6638,True
K01768,C0077,1,2025-12-05,1.0,True
K01768,C0116,2,2025-12-05,1.0,False
K01768,C0002,3,2025-12-05,0.7139,False
K01666,C0090,1,2025-12-06,0.6321,False
K01666,C0009,2,2025-12-06,0.5136,False
K01666,C0027,3,2025-12-06,0.1043,False
K02190,C0060,1,2025-12-06,0.3561,False
K02190,C0009,2,2025-12-06,0.5136,False
K02190,C0018,3,2025-12-06,0.5977,False
K01653,C0007,1,2025-12-07,0.3312,False
K01653,C0103,2,2025-12-07,1.0,True
K01653,C0048,3,2025-12-07,0.4161,False
K01649,C0005,1,2025-12-07,0.901,False
K01649,C0015,2,2025-12-07,1.0,False
K01649,C0087,3,2025-12-07,0.0267,False
K02031,C0086,1,2025-12-07,0.4185,False
K02031,C0015,2,2025-12-07,1.0,False
K02031,C0075,3,2025-12-07,0.4976,False
K01655,C0007,1,2025-12-08,0.3312,False
K01655,C0044,2,2025-12-08,0.6618,False
K01655,C0114,3,2025-12-08,1.0,True
K02132,C0001,1,2025-12-08,0.6369,False
K02132,C0101,2,2025-12-08,0.5975,False
K02132,C0071,3,2025-12-08,1.0,False
K02196,C0060,1,2025-12-08,0.3561,False
K02196,C0058,2,2025-12-08,1.0,True
K02196,C0040,3,2025-12-08,0.7159,False
K01658,C0045,1,2025-12-08,0.8669,True
K01658,C0112,2,2025-12-08,1.0,False
K01658,C0007,3,2025-12-08,0.3312,False
K02241,C0032,1,2025-12-09,0.093,False
K02241,C0001,2,2025-12-09,0.6369,False
K02241,C0095,3,2025-12-09,0.7468,False
K02284,C0054,1,2025-12-09,0.1312,False
K02284,C0047,2,2025-12-09,1.0,True
K02284,C0024,3,2025-12-09,0.6241,False
K02420,C0116,1,2025-12-09,1.0,True
K02420,C0107,2,2025-12-09,0.9289,False
K02420,C0118,3,2025-12-09,0.3444,False
K01556,C0027,1,2025-12-09,0.1043,False
K01556,C0011,2,2025-12-09,0.5793,False
K01556,C0032,3,2025-12-09,0.093,False
K01793,C0007,1,2025-12-09,0.3312,False
K01793,C0055,2,2025-12-09,0.4164,False
K01793,C0108,3,2025-12-09,0.9628,True
K02018,C0007,1,2025-12-10,0.3312,True
K02018,C0033,2,2025-12-10,0.4177,False
K02018,C0055,3,2025-12-10,0.4164,False
K01719,C0119,1,2025-12-11,0.664,True
K01719,C0044,2,2025-12-11,0.6618,False
K01719,C0055,3,2025-12-11,0.4164,False
K01806,C0090,1,2025-12-11,0.6321,True
K01806,C0057,2,2025-12-11,0.104,False
K01806,C0027,3,2025-12-11,0.1043,False
K02281,C0033,1,2025-12-11,0.4177,False
K02281,C0107,2,2025-12-11,0.9289,False
K02281,C0112,3,2025-12-11,1.0,True
K02337,C0026,1,2025-12-11,0.5904,True
K02337,C0033,2,2025-12-11,0.4177,False
K02337,C0120,3,2025-12-11,0.7011,False
K02114,C0044,1,2025-12-12,0.6618,False
K02114,C0118,2,2025-12-12,0.3444,False
K02114,C0033,3,2025-12-12,0.4177,True
K02036,C0044,1,2025-12-13,0.6618,False
K02036,C0007,2,2025-12-13,0.3312,False
K02036,C0114,3,2025-12-13,1.0,True
K02178,C0054,1,2025-12-13,0.1312,False
K02178,C0047,2,2025-12-13,1.0,True
K02178,C0060,3,2025-12-13,0.3561,False
K01705,C0061,1,2025-12-13,0.6605,False
K01705,C0024,2,2025-12-13,0.6241,False
K01705,C0068,3,2025-12-13,0.8036,True
K01597,C0027,1,2025-12-13,0.1043,False
K01597,C0057,2,2025-12-13,0.104,False
K01597,C0029,3,2025-12-13,0.1875,False
K02427,C0027,1,2025-12-15,0.1043,False
K02427,C0060,2,2025-12-15,0.3561,True
K02427,C0032,3,2025-12-15,0.093,False
K02200,C0054,1,2025-12-15,0.1312,False
K02200,C0041,2,2025-12-15,0.3124,False
K02200,C0072,3,2025-12-15,1.0,True
K01610,C0032,1,2025-12-15,0.093,False
K01610,C0048,2,2025-12-15,0.4161,False
K01610,C0001,3,2025-12-15,0.6369,False
K02140,C0010,1,2025-12-15,0.7233,False
K02140,C0108,2,2025-12-15,0.9628,True
K02140,C0110,3,2025-12-15,0.403,False
K01578,C0057,1,2025-12-15,0.104,False
K01578,C0027,2,2025-12-15,0.1043,False
K01578,C0055,3,2025-12-15,0.4164,False
K02393,C0098,1,2025-12-16,0.7302,True
K02393,C0027,2,2025-12-16,0.1043,False
K02393,C0004,3,2025-12-16,0.0,False
K02075,C0001,1,2025-12-17,0.6369,False
K02075,C0007,2,2025-12-17,0.3312,False
K02075,C0032,3,2025-12-17,0.093,False
K01820,C0043,1,2025-12-17,0.3035,False
K01820,C0083,2,2025-12-17,0.5735,False
K01820,C0048,3,2025-12-17,0.4161,True
K02373,C0032,1,2025-12-17,0.093,False
K02373,C0001,2,2025-12-17,0.6369,False
K02373,C0095,3,2025-12-17,0.7468,False
K02125,C0001,1,2025-12-17,0.6369,False
K02125,C0024,2,2025-12-17,0.6241,False
K02125,C0061,3,2025-12-17,0.6605,False
K01853,C0053,1,2025-12-18,0.5692,False
K01853,C0032,2,2025-12-18,0.093,False
K01853,C0027,3,2025-12-18,0.1043,False
K01626,C0057,1,2025-12-18,0.104,False
K01626,C0009,2,2025-12-18,0.5136,False
K01626,C0090,3,2025-12-18,0.6321,False
K01646,C0004,1,2025-12-18,0.0,False
K01646,C0106,2,2025-12-18,0.7671,False
K01646,C0074,3,2025-12-18,1.0,False
K02382,C0027,1,2025-12-18,0.1043,False
K02382,C0011,2,2025-12-18,0.5793,False
K02382,C0018,3,2025-12-18,0.5977,True
K01692,C0033,1,2025-12-19,0.4177,False
K01692,C0094,2,2025-12-19,1.0,False
K01692,C0107,3,2025-12-19,0.9289,True
K01674,C0044,1,2025-12-19,0.6618,False
K01674,C0007,2,2025-12-19,0.3312,False
K01674,C0114,3,2025-12-19,1.0,False
K02182,C0055,1,2025-12-20,0.4164,False
K02182,C0007,2,2025-12-20,0.3312,False
K02182,C0108,3,2025-12-20,0.9628,True
K02303,C0084,1,2025-12-20,0.9892,True
K02303,C0114,2,2025-12-20,1.0,False
K02303,C0081,3,2025-12-20,0.6906,False
K01901,C0061,1,2025-12-20,0.6605,False
K01901,C0004,2,2025-12-20,0.0,False
K01901,C0069,3,2025-12-20,0.6509,True
K01736,C0054,1,2025-12-21,0.1312,False
K01736,C0041,2,2025-12-21,0.3124,False
K01736,C0022,3,2025-12-21,0.3629,False
K01815,C0057,1,2025-12-21,0.104,False
K01815,C0055,2,2025-12-21,0.4164,False
K01815,C0027,3,2025-12-21,0.1043,False
K02174,C0005,1,2025-12-22,0.901,True
K02174,C0109,2,2025-12-22,0.3287,False
K02174,C0087,3,2025-12-22,0.0267,False
K01530,C0032,1,2025-12-22,0.093,False
K01530,C0001,2,2025-12-22,0.6369,True
K01530,C0048,3,2025-12-22,0.4161,False
K01986,C0060,1,2025-12-22,0.3561,False
K01986,C0050,2,2025-12-22,1.0,True
K01986,C0094,3,2025-12-22,1.0,False
K02280,C0068,1,2025-12-23,0.8036,False
K02280,C0061,2,2025-12-23,0.6605,False
K02280,C0004,3,2025-12-23,0.0,False
K01519,C0110,1,2025-12-24,0.403,False
K01519,C0010,2,2025-12-24,0.7233,False
K01519,C0108,3,2025-12-24,0.9628,True
K02342,C0015,1,2025-12-24,1.0,True
K02342,C0109,2,2025-12-24,0.3287,False
K02342,C0075,3,2025-12-24,0.4976,False
K01529,C0075,1,2025-12-24,0.4976,True
K01529,C0004,2,2025-12-24,0.0,False
K01529,C0086,3,2025-12-24,0.4185,False
K01693,C0022,1,2025-12-25,0.3629,False
K01693,C0113,2,2025-12-25,1.0,False
K01693,C0094,3,2025-12-25,1.0,False
K01851,C0061,1,2025-12-26,0.6605,False
K01851,C0004,2,2025-12-26,0.0,False
K01851,C0106,3,2025-12-26,0.7671,False
K02184,C0007,1,2025-12-26,0.3312,False
K02184,C0103,2,2025-12-26,1.0,True
K02184,C0082,3,2025-12-26,0.8074,False
K02269,C0054,1,2025-12-26,0.1312,False
K02269,C0041,2,2025-12-26,0.3124,False
K02269,C0072,3,2025-12-26,1.0,True
