trajectory_id,client_id,coach_id,start_date,n_sessions,completed,dropout_reason,satisfaction_1_10,goal_achievement_1_10,evaluation_completed,rematch_requested,evaluation_comment
T00001,K00145,C0072,2023-01-01,3,False,no-longer-wanted,4.0,9.0,True,True,"Ondanks uitstekende doelrealisatie (9/10) is de tevredenheid laag gebleven (4/10), waardoor de coachee het traject voortijdig heeft beëindigd. Dit suggereert dat de aanpak of communicatie niet optimaal aansloot bij de verwachtingen."
T00002,K00615,C0068,2023-01-01,9,True,,7.0,7.0,True,False,Het traject is succesvol afgerond met solide resultaten op beide vlakken: de coachee is tevreden (7/10) en heeft de gestelde doelen goed bereikt (7/10).
T00003,K00471,C0030,2023-01-01,9,True,,,,False,False,
T00004,K00095,C0104,2023-01-02,8,True,,4.0,6.0,True,True,"Het traject is afgerond, maar de lage tevredenheid (4/10) en matige doelrealisatie (6/10) wijzen op discrepantie tussen verwachtingen en resultaten die aandacht verdient."
T00005,K00416,C0113,2023-01-02,12,True,,4.0,6.0,True,True,"Het traject is afgerond, maar zowel tevredenheid (4/10) als doelrealisatie (6/10) bleven onder de verwachtingen; een nabespreking zou helpen om lering te trekken."
T00006,K00119,C0071,2023-01-02,9,True,,7.0,9.0,True,False,"Een zeer succesvol traject: de coachee is tevreden (7/10) en heeft de doelen uitstekend bereikt (9/10), wat een sterke basis biedt voor vervolgstappen."
T00007,K00016,C0025,2023-01-02,5,True,,,,False,False,
T00008,K00220,C0107,2023-01-02,14,True,,6.0,9.0,True,False,"Het traject is goed afgerond met sterke doelrealisatie (9/10); de tevredenheid (6/10) was redelijk, wat aangeeft dat de resultaten hebben opgewogen tegen enkele kleine voorbehouden."
T00009,K00144,C0116,2023-01-03,12,True,,6.0,9.0,True,False,"Uitstekende doelrealisatie bereikt, hoewel de tevredenheid matig bleef; het traject is succesvol afgerond ondanks wat weerstand onderweg."
T00010,K00267,C0033,2023-01-04,7,True,,7.0,9.0,True,False,Sterke doelrealisatie met goede tevredenheid; een geslaagd traject met duidelijke vooruitgang en betrokkenheid van de coachee.
T00011,K00634,C0088,2023-01-04,3,True,,5.0,6.0,True,True,"Het traject is afgerond, maar zowel tevredenheid als doelrealisatie bleven onder verwachting; verdere inspanning nodig voor duurzame resultaten."
T00012,K00602,C0049,2023-01-04,1,False,no-longer-wanted,3.0,4.0,True,True,Traject voortijdig beëindigd op verzoek van de coachee; minimale vooruitgang bereikt en lage tevredenheid duiden op mismatch in aanpak.
T00013,K00092,C0058,2023-01-04,9,True,,5.0,7.0,True,True,Redelijke doelrealisatie bereikt ondanks matige tevredenheid; het traject is afgerond maar kon beter aansluiten bij de verwachtingen.
T00014,K00467,C0096,2023-01-05,9,True,,6.0,9.0,True,False,Sterke doelrealisatie geboekt met acceptabele tevredenheid; een werkzaam traject dat de gestelde doelen goed heeft gerealiseerd.
T00015,K00540,C0031,2023-01-05,6,True,,,,False,False,
T00016,K00373,C0108,2023-01-06,5,True,,,,False,True,
T00017,K00366,C0084,2023-01-07,10,True,,7.0,8.0,True,False,Goed afgerond traject met solide doelrealisatie en goede tevredenheid; de coachee heeft tastbare vooruitgang geboekt.
T00018,K00473,C0110,2023-01-07,11,True,,5.0,9.0,True,False,Ondanks lagere tevredenheid is een zeer sterke doelrealisatie bereikt; het traject leverde concrete resultaten op ondanks voorbehouden.
T00019,K00249,C0063,2023-01-07,14,True,,6.0,7.0,True,False,Bevredigend afgerond traject met redelijke doelrealisatie; voldoende vooruitgang maar nog ruimte voor verdere ontwikkeling.
T00020,K00486,C0084,2023-01-08,3,False,disappeared,5.0,7.0,True,False,Traject voortijdig beëindigd door uitval van de coachee; ondanks matige tevredenheid was nog vooruitgang in doelrealisatie zichtbaar.
T00021,K00520,C0034,2023-01-10,4,True,,5.0,7.0,True,False,Redelijk afgerond traject met acceptabele doelrealisatie ondanks matige tevredenheid; de coachee bereikt de gestelde doelen gedeeltelijk.
T00022,K00228,C0059,2023-01-12,10,True,,7.0,9.0,True,False,Uitstekend traject afgerond met sterke doelrealisatie en goede tevredenheid; een succesvolle samenwerking met duidelijke resultaten.
T00023,K00219,C0005,2023-01-12,1,False,no-longer-wanted,5.0,9.0,True,False,Traject voortijdig beëindigd op initiatief van de coachee; ondanks sterke doelrealisatie paste het traject niet meer bij de wensen.
T00024,K00234,C0077,2023-01-13,9,True,,5.0,4.0,True,True,Traject afgerond maar met teleurstellende resultaten op beide fronten; doelrealisatie en tevredenheid bleven sterk achter.
T00025,K00537,C0095,2023-01-13,2,False,disappeared,,,False,False,
T00026,K00504,C0114,2023-01-13,4,False,other,6.0,6.0,True,False,Traject onderbroken om overige redenen met matige vorderingen; zowel tevredenheid als doelrealisatie bereikten niet het gewenste niveau.
T00027,K00620,C0101,2023-01-13,9,True,,,,False,False,
T00028,K00164,C0114,2023-01-15,6,True,,,,False,False,
T00029,K00613,C0072,2023-01-16,9,True,,7.0,9.0,True,False,Uitstekend afgerond traject met sterke doelrealisatie en goede tevredenheid; een zeer geslaagde samenwerking met tastbare resultaten.
T00030,K00374,C0020,2023-01-16,1,False,disappeared,,,False,True,
T00031,K00022,C0108,2023-01-16,4,False,external-coach,6.0,8.0,True,False,Traject voortijdig beëindigd naar externe coach; acceptabele doelrealisatie bereikt ondanks matige tevredenheid.
T00032,K00335,C0119,2023-01-17,5,True,,4.0,7.0,True,True,"Traject afgerond met redelijke doelrealisatie, maar lage tevredenheid duidt op communicatie- of verwachtingsproblemen."
T00033,K00601,C0103,2023-01-18,7,True,,8.0,8.0,True,False,Zeer succesvol afgerond traject met sterke doelrealisatie en hoge tevredenheid; een waardevol traject voor de coachee.
T00034,K00427,C0103,2023-01-18,3,False,disappeared,6.0,7.0,True,False,Traject voortijdig beëindigd door uitval van de coachee; ondanks redelijke doelrealisatie kon het traject niet worden afgemaakt.
T00035,K00259,C0116,2023-01-20,16,True,,5.0,9.0,True,False,"Uitstekende doelrealisatie bereikt ondanks gemiddelde tevredenheid; de inhoudelijke resultaten spreken voor zich. Een traject met sterke outcomes, al had meer aandacht voor de procesbeleveing voordeel gehad."
T00036,K00453,C0084,2023-01-21,7,True,,3.0,6.0,True,True,Matige voortgang met beperkte tevredenheid; de doelrealisatie bleef onder verwachting. Dit traject verdient reflectie op afstemming en betrokkenheid.
T00037,K00496,C0012,2023-01-21,7,True,,8.0,6.0,True,False,"Goed enthousiasme en tevredenheid, hoewel de doelrealisatie matig uitviel. Een traject met positieve energie, maar de concrete resultaten liepen iets achter."
T00038,K00415,C0039,2023-01-22,9,True,,5.0,9.0,True,False,Opmerkelijk sterke doelrealisatie ondanks gematigde tevredenheid; de inhoudelijke voortgang was solide. Meer aandacht voor comfort en ervaring zou het traject compleet hebben gemaakt.
T00039,K00143,C0006,2023-01-22,6,True,,4.0,6.0,True,False,Beperkte tevredenheid en matige doelrealisatie; dit traject heeft niet optimaal opgeleverd. Verdere afstemming op verwachtingen en aanpak zou nodig zijn geweest.
T00040,K00563,C0068,2023-01-22,3,False,external-coach,5.0,8.0,True,False,"Voortijdig beëindigd door coachwissel, ondanks goede voortgang op doelrealisatie. Jammer dat dit traject niet kon worden afgerond onder dezelfde begeleiding."
T00041,K00121,C0002,2023-01-22,12,True,,7.0,6.0,True,False,"Redelijk prettig traject met goed enthousiasme, hoewel de doelrealisatie matig bleef. Een vriendelijk verloop met ruimte voor meer concrete resultaten."
T00042,K00403,C0081,2023-01-23,9,True,,6.0,8.0,True,False,Solide traject met goed evenwicht tussen tevredenheid en doelrealisatie. Een betrouwbare voortgang met positieve uitkomsten.
T00043,K00306,C0039,2023-01-24,8,True,,7.0,8.0,True,False,Sterke tevredenheid en goede doelrealisatie; een succesvol traject met duidelijke voortgang en positieve betrokkenheid.
T00044,K00582,C0117,2023-01-25,1,False,external-coach,3.0,8.0,True,True,"Goedbereikt inhoudelijk resultaat, maar lage tevredenheid en voortijdige beëindiging door coachwissel. Dit traject verdient kritische reflectie op samenwerking en begeleiding."
T00045,K00358,C0072,2023-01-26,12,True,,4.0,8.0,True,True,Goed doelrealisatie ondanks lage tevredenheid; de concrete voortgang was aanwezig. Meer aandacht voor de persoonlijke beleving zou dit traject hebben versterkt.
T00046,K00312,C0092,2023-01-26,9,True,,3.0,7.0,True,False,Matige tevredenheid met beperkte doelrealisatie; dit traject had meer potentieel. Betere afstemming en focus zouden nodig zijn geweest voor betere resultaten.
T00047,K00007,C0094,2023-01-26,5,False,external-coach,,,False,False,
T00048,K00235,C0076,2023-01-27,5,True,,5.0,6.0,True,False,"Gemiddeld traject met gelijkmatige, maar matige resultaten op beide vlakken. Ruimte voor meer concretisering en betrokkenheid."
T00049,K00449,C0052,2023-02-04,2,False,no-longer-wanted,5.0,7.0,True,True,Voortijdig stopgezet omdat de coachee geen behoefte meer had; redelijke voortgang maar onvoldoende engagement om door te zetten.
T00050,K00630,C0022,2023-02-06,10,True,,6.0,9.0,True,False,Zeer goed traject met sterke doelrealisatie en solide tevredenheid; een succesvolle samenwerking met duidelijke resultaten.
T00051,K00455,C0019,2023-02-08,4,True,,4.0,8.0,True,True,"Goed doelrealisatie ondanks lage tevredenheid; inhoudelijk solide voortgang, maar de persoonlijke beleveing bleef achter."
T00052,K00256,C0035,2023-02-10,4,False,disappeared,4.0,6.0,True,True,Voortijdig beëindigd door uitval van de coachee; matige voortgang en lage tevredenheid suggereren dat betere voorbereiding nodig was geweest.
T00053,K00528,C0024,2023-02-10,6,True,,5.0,6.0,True,False,Gemiddeld traject met gelijkmatige resultaten; redelijke voortgang maar zonder bijzondere sterkte op beide dimensies.
T00054,K00424,C0055,2023-02-11,5,True,,5.0,7.0,True,True,Aanvaardbaar traject met gelijke tevredenheid en redelijke doelrealisatie; een stabiele voortgang zonder uitschieters.
T00055,K00302,C0088,2023-02-12,6,True,,4.0,6.0,True,True,Matige tevredenheid en beperkte doelrealisatie; dit traject heeft niet optimaal opgeleverd en vraagt om reflectie op aanpak en afstemming.
T00056,K00606,C0007,2023-02-12,6,True,,6.0,9.0,True,False,Sterke doelrealisatie ondanks matige tevredenheid; coachee heeft veel bereikt maar voelde zich niet volledig ondersteund in het proces.
T00057,K00474,C0116,2023-02-14,11,True,,6.0,8.0,True,False,"Goed traject met solide doelrealisatie; tevredenheid kon iets hoger zijn, maar de afgesproken doelen zijn grotendeels behaald."
T00058,K00178,C0076,2023-02-14,6,False,no-longer-wanted,,,False,True,
T00059,K00202,C0107,2023-02-15,7,True,,4.0,7.0,True,True,Opmerkelijk verschil tussen lage tevredenheid en redelijke doelrealisatie; coachee bereikt veel maar ervaart het traject als moeizaam.
T00060,K00231,C0025,2023-02-17,11,True,,6.0,8.0,True,False,Solide voortgang met adequate doelrealisatie en matige tevredenheid; aandachtspunt voor volgende trajecten is de beleving van het proces.
T00061,K00030,C0076,2023-02-18,12,True,,6.0,9.0,True,False,"Uitstekende doelrealisatie met matige tevredenheid; coachee is effectief vooruitgegaan, al had hij/zij meer zekerheid in het traject kunnen voelen."
T00062,K00154,C0114,2023-02-19,2,True,,,,False,True,
T00063,K00390,C0085,2023-02-20,7,True,,6.0,6.0,True,False,"Evenwichtig traject met overeenkomende scores; coachee en coach waren redelijk aligned, hoewel beide dimensies ruimte voor verbetering hebben."
T00064,K00165,C0097,2023-02-21,7,True,,7.0,8.0,True,False,Positief traject met goede doelrealisatie en aangename samenwerking; coachee voelde zich goed ondersteund bij het bereiken van zijn/haar doelen.
T00065,K00011,C0090,2023-02-21,10,True,,8.0,8.0,True,False,Sterk traject met hoge scores op beide dimensies; coachee is tevreden over het proces en heeft zijn/haar doelen effectief gerealiseerd.
T00066,K00123,C0076,2023-02-21,5,True,,3.0,8.0,True,False,"Paradoxaal beeld: ondanks zeer lage tevredenheid zijn de doelen goed gerealiseerd, wat suggereert dat de beleving niet aansloot bij de resultaten."
T00067,K00362,C0015,2023-02-22,14,True,,7.0,7.0,True,False,Bevredigend traject met gelijke scores; coachee ervaart een prettige samenwerking en maakt goed voortgang naar gestelde doelen.
T00068,K00100,C0094,2023-02-24,6,True,,8.0,9.0,True,False,Excellent traject met hoge tevredenheid en sterke doelrealisatie; coachee is zeer tevreden en heeft zijn/haar ambiteuze doelen grotendeels bereikt.
T00069,K00015,C0101,2023-02-25,12,True,,6.0,8.0,True,False,"Goed uitgevoerd traject met matige tevredenheid en solide doelrealisatie; coachee bereikt veel, hoewel de ervaring van de begeleiding kon beter."
T00070,K00382,C0080,2023-02-25,10,True,,,,False,False,
T00071,K00250,C0025,2023-02-25,6,True,,4.0,6.0,True,False,Gemengd beeld met tegenvallende tevredenheid en matige doelrealisatie; traject heeft minder opgeleverd dan gehoopt en voelde niet optimaal aan.
T00072,K00236,C0106,2023-02-25,2,True,,3.0,3.0,True,False,Teleurstellend traject op beide fronten: zeer lage tevredenheid en minimale doelrealisatie geven aan dat dit traject niet succesvol is geweest.
T00073,K00240,C0073,2023-02-26,10,True,,3.0,8.0,True,True,Groot verschil tussen lage tevredenheid en goede doelrealisatie; ondanks resultaten ervaarde coachee het traject als onprettig en onpassend.
T00074,K00607,C0117,2023-02-27,9,True,,6.0,9.0,True,False,"Sterk traject met uitstekende doelrealisatie; matige tevredenheid relativeert dit succes enigszins, maar de concrete resultaten spreken voor zich."
T00075,K00332,C0036,2023-03-02,13,True,,7.0,6.0,True,False,Voorkeur voor resultaten over beleving: coachee is vrij tevreden maar doelrealisatie is iets achterblijvend op wat bereikt had kunnen worden.
T00076,K00522,C0034,2023-03-02,2,False,no-longer-wanted,7.0,8.0,True,True,Traject voortijdig beëindigd omdat coachee geen behoefte meer aan coaching had; ondanks goed verloop en goede voortgang is het traject afgebroken.
T00077,K00056,C0087,2023-03-02,2,False,disappeared,6.0,8.0,True,False,"Traject onverwacht gestopt omdat coachee niet meer bereikbaar was; geen duidelijkheid over de redenen, wat een gemiste kans voor afronding betekent."
T00078,K00206,C0025,2023-03-04,5,True,,4.0,9.0,True,False,Opmerkelijk traject met zeer lage tevredenheid maar uitstekende doelrealisatie; coachee bereikt veel maar ervaart het als zeer onprettig proces.
T00079,K00646,C0002,2023-03-05,4,True,,5.0,9.0,True,False,"De doelstellingen zijn uitstekend gerealiseerd (9/10), hoewel de tevredenheid matig bleef (5/10); mogelijk waren de werkwijze of communicatie niet volledig afgestemd op uw verwachtingen."
T00080,K00041,C0082,2023-03-05,7,True,,4.0,8.0,True,False,Ondanks goede doelrealisatie (8/10) was uw tevredenheid met het traject beperkt (4/10); dit suggereert dat het proces niet volledig aansloot bij uw behoeften.
T00081,K00632,C0039,2023-03-08,5,False,external-coach,7.0,8.0,True,False,"Het traject is voortijdig beëindigd door wissel van coach, maar tot die tijd waren de doelrealisatie (8/10) en tevredenheid (7/10) redelijk positief."
T00082,K00173,C0084,2023-03-08,5,True,,6.0,8.0,True,False,Solide voortgang met goed gerealiseerde doelen (8/10) en acceptabele tevredenheid (6/10); het traject heeft waardevol resultaat opgeleverd.
T00083,K00047,C0114,2023-03-08,9,True,,5.0,9.0,True,True,"Uitstekende doelrealisatie (9/10) bereikt, hoewel uw tevredenheid met het traject gemiddeld was (5/10); de resultaten spreken echter voor zich."
T00084,K00506,C0017,2023-03-09,2,False,external-coach,,,False,False,
T00085,K00456,C0095,2023-03-09,9,True,,6.0,9.0,True,False,Sterk afgerond traject met zeer goed gerealiseerde doelen (9/10) en bevredigende tevredenheid (6/10); een geslaagd resultaat.
T00086,K00183,C0108,2023-03-10,8,True,,7.0,7.0,True,False,Evenwichtig traject met gelijke scores voor doelrealisatie en tevredenheid (beide 7/10); beide partijen hebben hun doel bereikt.
T00087,K00176,C0013,2023-03-10,11,True,,6.0,8.0,True,False,Goed afgerond traject met sterke doelrealisatie (8/10) en redelijke tevredenheid (6/10); het traject heeft solide resultaten opgeleverd.
T00088,K00463,C0081,2023-03-10,4,True,,8.0,8.0,True,False,Uitstekend traject waarin zowel doelrealisatie als tevredenheid hoog lagen (beide 8/10); een zeer geslaagde samenwerking.
T00089,K00598,C0097,2023-03-10,8,True,,5.0,9.0,True,False,"Indrukwekkende doelrealisatie (9/10) bereikt, hoewel uw tevredenheid matig was (5/10); de concrete resultaten zijn echter zeer goed."
T00090,K00511,C0065,2023-03-11,1,False,external-coach,,,False,True,
T00091,K00187,C0031,2023-03-11,8,True,,,,False,True,
T00092,K00042,C0006,2023-03-11,11,True,,7.0,9.0,True,False,Sterk traject met zeer goed gerealiseerde doelen (9/10) en goede tevredenheid (7/10); een waardevol en bevredigend verloop.
T00093,K00569,C0019,2023-03-11,14,True,,9.0,9.0,True,False,Excellent afgerond traject met perfecte scores voor zowel doelrealisatie als tevredenheid (beide 9/10); een voorbeeldige samenwerking.
T00094,K00348,C0114,2023-03-12,7,True,,5.0,8.0,True,False,"Goed gerealiseerde doelen (8/10), al bleef uw tevredenheid matig (5/10); de objectieve resultaten zijn wel degelijk behaald."
T00095,K00134,C0103,2023-03-13,8,True,,6.0,5.0,True,False,Dit traject is achtergebleven in doelrealisatie (5/10) en had slechts matige tevredenheid (6/10); verdere afstemming had waarschijnlijk beter uitgepakt.
T00096,K00070,C0027,2023-03-13,6,True,,,,False,True,
T00097,K00529,C0063,2023-03-13,5,True,,5.0,8.0,True,False,"Doelrealisatie was goed (8/10), maar uw tevredenheid met het proces bleef matig (5/10); de resultaten zijn echter wel behaald."
T00098,K00135,C0034,2023-03-16,11,True,,6.0,9.0,True,False,Sterk traject met zeer goed gerealiseerde doelen (9/10) en bevredigende tevredenheid (6/10); solide resultaten bereikt.
T00099,K00385,C0094,2023-03-17,2,False,no-longer-wanted,,,False,True,
T00100,K00253,C0094,2023-03-17,4,False,external-coach,,,False,True,
T00101,K00399,C0011,2023-03-19,5,True,,5.0,7.0,True,False,Redelijk traject met matige doelrealisatie (7/10) en lage tevredenheid (5/10); verdere afstemming zou het resultaat hebben kunnen verbeteren.
T00102,K00595,C0094,2023-03-19,10,True,,6.0,8.0,True,False,Goed afgerond traject met sterke doelrealisatie (8/10) en acceptabele tevredenheid (6/10); een solide samenwerking.
T00103,K00459,C0067,2023-03-20,7,True,,1.0,3.0,True,True,Dit traject is niet succesvol geweest met zeer lage scores voor doelrealisatie (3/10) en tevredenheid (1/10); fundamentele verbeteringen waren nodig.
T00104,K00298,C0114,2023-03-20,11,True,,6.0,8.0,True,False,Goed afgerond traject met sterke doelrealisatie (8/10) en acceptabele tevredenheid (6/10); een solide samenwerking.
T00105,K00538,C0039,2023-03-20,9,True,,6.0,9.0,True,False,"De doelstellingen zijn uitstekend gerealiseerd, hoewel de tevredenheid wat achterblijft; mogelijk had meer afstemming in het proces geholpen."
T00106,K00433,C0084,2023-03-20,4,True,,5.0,8.0,True,False,Solide doelrealisatie ondanks matige tevredenheid; het traject had baat gehad bij meer betrokkenheid of aanpassingen in aanpak.
T00107,K00344,C0088,2023-03-21,4,True,,,,False,True,
T00108,K00447,C0020,2023-03-22,7,True,,5.0,4.0,True,False,Dit traject voldeed niet aan de verwachtingen met lage doelrealisatie en matige tevredenheid; de afstemming tussen coachee en coach bleef ondermaats.
T00109,K00104,C0042,2023-03-22,13,True,,,,False,True,
T00110,K00204,C0104,2023-03-23,5,False,no-longer-wanted,5.0,7.0,True,True,"Hoewel er redelijke voortgang was geboekt, is het traject voortijdig beëindigd omdat de coachee geen behoefte meer had aan ondersteuning."
T00111,K00203,C0019,2023-03-24,9,True,,6.0,10.0,True,False,Excellent traject met volledige doelrealisatie en goede tevredenheid; de coachee heeft maximaal van de begeleiding geprofiteerd.
T00112,K00549,C0072,2023-03-24,6,True,,6.0,9.0,True,False,Zeer goed resultaat met uitstekende doelrealisatie en behoorlijke tevredenheid; een effectief en waardevol traject.
T00113,K00241,C0116,2023-03-25,4,False,other,7.0,9.0,True,False,"Goede doelrealisatie en tevredenheid, maar het traject is voortijdig beëindigd om andere redenen; de voortgang was wel positief."
T00114,K00163,C0051,2023-03-25,14,True,,,,False,False,
T00115,K00594,C0103,2023-03-26,3,False,external-coach,5.0,8.0,True,False,"Redelijke doelrealisatie, maar het traject is beëindigd vanwege overstap naar externe begeleiding; de basis was goed gelegd."
T00116,K00106,C0056,2023-03-26,7,True,,,,False,False,
T00117,K00136,C0114,2023-03-27,8,True,,,,False,True,
T00118,K00156,C0106,2023-03-27,8,True,,5.0,7.0,True,True,Solide doelrealisatie ondanks matige tevredenheid; het traject zou baat hebben gehad bij meer interactie of aanpassingen.
T00119,K00410,C0119,2023-04-01,3,False,disappeared,6.0,9.0,True,True,"Goed voortgang en doelrealisatie, maar het traject is gestopt omdat de coachee niet meer bereikbaar was; jammer van de onderbreking."
T00120,K00567,C0120,2023-04-01,8,True,,,,False,True,
T00121,K00599,C0037,2023-04-03,16,True,,5.0,8.0,True,True,"Redelijke doelrealisatie, maar de tevredenheid bleef matig; meer aandacht voor de beleving van de coachee had geholpen."
T00122,K00489,C0119,2023-04-04,7,True,,7.0,8.0,True,False,Goed afgerond traject met sterke doelrealisatie en goede tevredenheid; een effectieve en waarderijke samenwerking.
T00123,K00130,C0100,2023-04-04,3,False,no-longer-wanted,,,False,False,
T00124,K00475,C0071,2023-04-05,6,True,,,,False,False,
T00125,K00209,C0058,2023-04-05,2,False,disappeared,5.0,8.0,True,False,Ondanks redelijke doelrealisatie is het traject voortijdig gestopt omdat de coachee niet meer contact opnam; jammer van deze uitval.
T00126,K00080,C0116,2023-04-06,9,True,,,,False,False,
T00127,K00118,C0052,2023-04-08,11,True,,6.0,7.0,True,False,"Goed afgerond traject met goede doelrealisatie; de tevredenheid was adequaat, hoewel wat meer betrokkenheid geen kwaad had gekund."
T00128,K00572,C0114,2023-04-09,5,True,,6.0,9.0,True,False,Zeer goed traject met uitstekende doelrealisatie en goede tevredenheid; een waardevolle en effectieve samenwerking.
T00129,K00125,C0082,2023-04-09,11,True,,6.0,7.0,True,False,Goed afgerond traject met goede doelrealisatie en tevredenheid; de coachee heeft solide voortgang geboekt.
T00130,K00338,C0117,2023-04-11,7,True,,5.0,8.0,True,False,"Redelijke doelrealisatie met matige tevredenheid; het traject is afgerond, maar had baat gehad bij meer afstemming."
T00131,K00139,C0075,2023-04-12,11,True,,7.0,6.0,True,False,"Tevreden coachee met goede doelrealisatie, hoewel de doelen niet volledig zijn bereikt; een acceptabel traject met positieve ervaringen."
T00132,K00573,C0065,2023-04-13,8,True,,6.0,10.0,True,False,Excellent afgerond traject met volledige doelrealisatie en goede tevredenheid; een uitzonderlijk succesvolle begeleiding.
T00133,K00043,C0058,2023-04-13,3,False,disappeared,,,False,False,
T00134,K00294,C0058,2023-04-14,6,True,,5.0,7.0,True,True,"Redelijke doelrealisatie met matige tevredenheid; het traject is afgerond, maar meer betrokkenheid had de ervaring kunnen verbeteren."
T00135,K00469,C0093,2023-04-15,11,True,,7.0,6.0,True,True,"Goed traject met solide doelrealisatie, hoewel de tevredenheid wat onder verwachting bleef. De coachee heeft zich redelijk ingespannen en relevante voortgang geboekt."
T00136,K00057,C0007,2023-04-15,4,False,no-longer-wanted,6.0,10.0,True,False,"Uitstekende doelrealisatie bereikt, maar het traject werd voortijdig beëindigd omdat de coachee niet langer gemotiveerd was om verder te gaan."
T00137,K00381,C0076,2023-04-17,13,True,,5.0,8.0,True,True,"De doelen zijn goed gerealiseerd, maar de tevredenheid was matig; mogelijk was de aanpak niet volledig afgestemd op de verwachtingen."
T00138,K00451,C0084,2023-04-17,2,False,disappeared,7.0,9.0,True,False,"Sterke doelrealisatie en redelijke tevredenheid, helaas is het traject voortijdig gestopt doordat de coachee niet meer bereikbaar was."
T00139,K00036,C0101,2023-04-21,10,True,,7.0,9.0,True,False,Zeer geslaagd traject met hoge tevredenheid en uitstekende doelrealisatie; de coachee heeft zich volledig ingezet en resultaten geboekt.
T00140,K00071,C0066,2023-04-22,8,True,,5.0,5.0,True,False,Het traject liet een gemengd beeld zien met beperkte tevredenheid en matige doelrealisatie; meer focus op afstemming zou voordelig zijn geweest.
T00141,K00386,C0085,2023-04-23,15,True,,6.0,9.0,True,False,"Sterke doelrealisatie bereikt ondanks matige tevredenheid; de coachee heeft goed aan de doelen gewerkt, al was het proces minder aangenaam ervaren."
T00142,K00346,C0077,2023-04-23,4,True,,4.0,8.0,True,True,Opvallend dat ondanks lage tevredenheid de doelen goed zijn gerealiseerd; mogelijk was het traject intensief maar effectief.
T00143,K00527,C0030,2023-04-24,5,True,,6.0,7.0,True,False,Redelijk traject met matige tevredenheid en voldoende doelrealisatie; beide kunnen nog beter met meer aandacht voor het proces.
T00144,K00272,C0094,2023-04-25,4,True,,2.0,7.0,True,True,Lage tevredenheid is zorgwekkend ondanks de redelijke doelrealisatie; er was duidelijk een mismatch tussen proces en verwachtingen.
T00145,K00621,C0017,2023-04-25,4,False,disappeared,6.0,6.0,True,False,Matige resultaten aan beide kanten; het traject werd voortijdig beëindigd omdat de coachee niet meer bereikbaar was.
T00146,K00132,C0114,2023-04-26,9,True,,5.0,8.0,True,False,Goed resultaat met sterke doelrealisatie ondanks matige tevredenheid; de coachee heeft de kernuitkomsten behaald.
T00147,K00222,C0054,2023-04-26,6,True,,6.0,8.0,True,False,Positief traject met goede doelrealisatie en redelijke tevredenheid; solide voortgang en betrokkenheid van de coachee.
T00148,K00117,C0008,2023-05-01,3,False,disappeared,5.0,8.0,True,False,"Goedeaanzet met sterke doelrealisatie, maar het traject liep voort op door het verdwijnen van de coachee."
T00149,K00283,C0084,2023-05-01,8,True,,4.0,6.0,True,True,Het traject liet beperkte resultaten zien aan beide kanten; meer structuur en motivatie hadden het verschil kunnen maken.
T00150,K00411,C0031,2023-05-03,7,True,,7.0,9.0,True,True,Uitstekend traject met hoge tevredenheid en sterke doelrealisatie; de coachee heeft zich volledig ingezet met duidelijke resultaten.
T00151,K00359,C0063,2023-05-04,13,True,,6.0,5.0,True,False,"Redelijke tevredenheid, maar doelrealisatie viel tegen; de coachee was minder voortvarend dan gewenst."
T00152,K00273,C0052,2023-05-04,7,True,,5.0,7.0,True,True,"Acceptabel traject met voldoende doelrealisatie, hoewel de tevredenheid matig bleef; meer betrokkenheid kon beter zijn geweest."
T00153,K00069,C0019,2023-05-08,9,True,,4.0,8.0,True,False,Ondanks lage tevredenheid zijn de doelen goed gerealiseerd; het traject was effectief maar niet altijd aangenaam ervaren.
T00154,K00466,C0101,2023-05-08,4,True,,,,False,False,
T00155,K00365,C0018,2023-05-08,8,True,,7.0,8.0,True,True,Succesvol afgerond traject met hoge tevredenheid en sterke doelrealisatie; duidelijke voortgang en goed samenwerkingsproces.
T00156,K00021,C0089,2023-05-08,8,True,,7.0,6.0,True,False,"Traject succesvol afgerond met redelijke doelrealisatie; tevredenheid kon iets hoger zijn, maar de basis is solide gelegd."
T00157,K00265,C0112,2023-05-08,4,False,disappeared,3.0,6.0,True,True,Traject voortijdig beëindigd doordat deelnemer uit beeld verdween; ondanks redelijke doelrealisatie blijft het contact ontbreken voor vervolgstappen.
T00158,K00207,C0024,2023-05-09,7,True,,8.0,5.0,True,False,"Afgerond met goede tevredenheid, hoewel de doelrealisatie achterblijft bij de verwachtingen; mogelijk meer focus op implementatie nodig geweest."
T00159,K00402,C0084,2023-05-10,8,True,,5.0,8.0,True,False,Goed afgerond met sterke doelrealisatie ondanks gemiddelde tevredenheid; de inhoudelijke voortgang weegt op tegen enkele procesmatige twijfels.
T00160,K00019,C0072,2023-05-12,13,True,,5.0,7.0,True,True,"Traject afgerond met solide doelrealisatie, hoewel de persoonlijke tevredenheid wat achterblijft; aanpassing van aanpak had positief effect kunnen hebben."
T00161,K00193,C0045,2023-05-13,8,True,,,,False,True,
T00162,K00494,C0094,2023-05-14,6,True,,,,False,True,
T00163,K00568,C0108,2023-05-15,19,True,,6.0,7.0,True,False,Succesvol afgerond met goede balans tussen doelrealisatie en tevredenheid; een positieve afsluiting van het traject.
T00164,K00336,C0096,2023-05-17,3,False,other,6.0,10.0,True,False,Traject niet afgerond ondanks uitstekende doelrealisatie; externe omstandigheden hebben vervolgstappen bemoeilijkt.
T00165,K00495,C0007,2023-05-17,10,True,,,,False,False,
T00166,K00167,C0092,2023-05-21,10,True,,4.0,6.0,True,True,"Afgerond, maar met beperkte tevredenheid en matige doelrealisatie; meer betrokkenheid en maatwerk hadden het resultaat kunnen verbeteren."
T00167,K00418,C0103,2023-05-22,5,True,,6.0,8.0,True,False,Goed afgerond met sterke doelrealisatie en redelijke tevredenheid; deelnemer heeft duidelijke vooruitgang geboekt.
T00168,K00155,C0106,2023-05-22,9,True,,,,False,True,
T00169,K00640,C0072,2023-05-22,9,True,,,,False,False,
T00170,K00580,C0005,2023-05-22,6,True,,6.0,8.0,True,False,Succesvol afgerond met goede doelrealisatie en tevredenheid; een waardevol traject met concrete resultaten.
T00171,K00396,C0039,2023-05-22,3,False,disappeared,,,False,False,
T00172,K00484,C0114,2023-05-23,8,True,,6.0,9.0,True,False,Uitstekend afgerond met zeer sterke doelrealisatie en solide tevredenheid; deelnemer heeft aanzienlijke voortgang bereikt.
T00173,K00175,C0060,2023-05-23,11,True,,6.0,9.0,True,False,Uitstekend afgerond met zeer sterke doelrealisatie en solide tevredenheid; deelnemer heeft aanzienlijke voortgang bereikt.
T00174,K00287,C0073,2023-05-24,5,True,,9.0,9.0,True,False,Excellent afgerond met uitstekende scores op beide dimensies; een voorbeeldig traject met zeer tevreden deelnemer en maximale doelrealisatie.
T00175,K00431,C0021,2023-05-24,4,False,external-coach,3.0,4.0,True,True,Traject voortijdig beëindigd wegens wisselingen in coachingteam; lage tevredenheid en minimale doelrealisatie duiden op onvoldoende afstemming.
T00176,K00637,C0017,2023-05-26,2,False,disappeared,6.0,6.0,True,False,Traject voortijdig beëindigd doordat deelnemer verdween; ondanks redelijke doelrealisatie kon het traject niet naar behoren worden afgerond.
T00177,K00313,C0025,2023-05-27,10,True,,6.0,9.0,True,True,Succesvol afgerond met zeer sterke doelrealisatie en goede tevredenheid; deelnemer heeft duidelijke resultaten geboekt.
T00178,K00355,C0055,2023-05-27,8,True,,5.0,8.0,True,False,"Goed afgerond met sterke doelrealisatie, hoewel tevredenheid gemiddeld blijft; de inhoudelijke voortgang is duidelijk waarneembaar."
T00179,K00505,C0072,2023-06-01,6,True,,,,False,True,
T00180,K00023,C0106,2023-06-01,12,True,,8.0,9.0,True,False,Excellent afgerond met zeer sterke doelrealisatie en hoge tevredenheid; een succesvol traject met tevreden deelnemer.
T00181,K00587,C0025,2023-06-02,3,False,no-longer-wanted,4.0,7.0,True,True,Traject voortijdig beëindigd op verzoek van deelnemer; ondanks redelijke doelrealisatie is verdere begeleiding niet langer gewenst.
T00182,K00464,C0067,2023-06-02,7,True,,4.0,5.0,True,True,"Afgerond, maar met beperkte tevredenheid en matige doelrealisatie; het traject heeft niet optimaal aangeslagen voor deze deelnemer."
T00183,K00651,C0030,2023-06-03,5,True,,4.0,5.0,True,False,"Het traject is afgerond, maar de tevredenheid bleef beperkt en de doelrealisatie kon sterker zijn; aandachtspunten voor verbetering waren duidelijk aanwezig."
T00184,K00577,C0059,2023-06-03,2,False,disappeared,6.0,8.0,True,False,Ondanks redelijke doelrealisatie is het traject voortijdig beëindigd doordat de deelnemer niet meer bereikbaar was; jammer van het potentieel dat onbenut bleef.
T00185,K00278,C0076,2023-06-03,2,False,disappeared,,,False,False,
T00186,K00430,C0088,2023-06-06,3,True,,5.0,3.0,True,False,"Het traject is afgerond, maar zowel tevredenheid als doelrealisatie bleven onder verwachting; de inzet en resultaten kwamen niet overeen."
T00187,K00510,C0081,2023-06-08,7,True,,,,False,False,
T00188,K00198,C0020,2023-06-08,15,True,,,,False,True,
T00189,K00593,C0015,2023-06-08,2,False,external-coach,4.0,6.0,True,True,Het traject is voortijdig gestopt vanwege overstap naar externe coach; binnen de gegeven periode werd gedeeltelijk voortgang geboekt.
T00190,K00314,C0068,2023-06-10,8,True,,6.0,9.0,True,False,Sterke doelrealisatie (9/10) met solide tevredenheid; een geslaagd traject met duidelijke resultaten.
T00191,K00074,C0060,2023-06-11,5,True,,6.0,6.0,True,False,Het traject is succesvol afgerond met evenwichtige tevredenheid en doelrealisatie; consistent prestatie op beide dimensies.
T00192,K00088,C0068,2023-06-14,11,True,,5.0,9.0,True,False,Opvallend sterke doelrealisatie (9/10) ondanks matige tevredenheid; de concrete resultaten spreken voor zich.
T00193,K00413,C0108,2023-06-14,11,True,,8.0,7.0,True,False,Een goed afgerond traject met goede tevredenheid en solide doelrealisatie; prettig verloop met positieve uitkomsten.
T00194,K00472,C0025,2023-06-14,9,True,,5.0,7.0,True,True,"Het traject is afgerond met redelijke doelrealisatie; tevredenheid was matig, maar progressie werd geboekt."
T00195,K00647,C0063,2023-06-15,4,True,,4.0,6.0,True,True,"Het traject is afgerond, maar zowel tevredenheid als doelrealisatie bleven onder gemiddeld; meer structuur en betrokkenheid hadden geholpen."
T00196,K00635,C0034,2023-06-15,15,True,,7.0,10.0,True,False,Uitstekende doelrealisatie (10/10) met goede tevredenheid; een van de sterkste trajecten met volledige doelbereik.
T00197,K00232,C0054,2023-06-17,7,True,,5.0,7.0,True,True,"Het traject is afgerond met redelijke doelrealisatie; tevredenheid was matig, maar de voortgang was merkbaar."
T00198,K00541,C0082,2023-06-18,4,True,,5.0,6.0,True,False,Het traject is afgerond met bescheiden resultaten; tevredenheid en doelrealisatie waren beide middelmatig.
T00199,K00479,C0035,2023-06-19,6,True,,2.0,3.0,True,True,"Het traject is afgerond, maar bood helaas weinig waarde; zowel tevredenheid als doelrealisatie waren zeer laag en een herbezinning is gewenst."
T00200,K00225,C0097,2023-06-20,5,True,,,,False,True,
T00201,K00342,C0031,2023-06-22,3,False,external-coach,3.0,7.0,True,True,"Het traject is voortijdig beëindigd vanwege overstap naar externe coach; doelrealisatie was redelijk, maar tevredenheid bleef achter."
T00202,K00437,C0095,2023-06-22,5,True,,6.0,9.0,True,False,Sterk afgerond traject met goede tevredenheid en uitstekende doelrealisatie (9/10); duidelijk merkbare vooruitgang.
T00203,K00618,C0004,2023-06-23,4,True,,7.0,8.0,True,False,Een goed afgerond traject met goede tevredenheid en solide doelrealisatie; consistente voortgang en tevredenheid.
T00204,K00113,C0114,2023-06-23,10,True,,,,False,False,
T00205,K00096,C0102,2023-06-24,11,True,,6.0,6.0,True,False,Het traject is succesvol afgerond met evenwichtige tevredenheid en doelrealisatie op middelmatig niveau.
T00206,K00034,C0094,2023-06-25,4,False,disappeared,,,False,False,
T00207,K00150,C0073,2023-06-26,2,False,no-longer-wanted,6.0,8.0,True,False,Het traject is voortijdig beëindigd op verzoek van de deelnemer; ondanks redelijke doelrealisatie werd niet doorgegaan.
T00208,K00477,C0092,2023-07-03,12,True,,7.0,7.0,True,False,Een solide afgerond traject met goede tevredenheid en doelrealisatie; prettig en effectief verloop.
T00209,K00257,C0107,2023-07-04,5,True,,7.0,9.0,True,False,"Goed traject met sterke doelrealisatie; de coachee heeft zich goed ingezet en veel bereikt, hoewel de tevredenheid nog wat ruimte voor verbetering bood."
T00210,K00091,C0090,2023-07-05,5,True,,6.0,8.0,True,False,"Solide doelrealisatie met goede voortgang; de tevredenheid was matig, mogelijk door hoge verwachtingen of specifieke aandachtspunten in de aanpak."
T00211,K00406,C0100,2023-07-06,11,True,,5.0,7.0,True,False,"De coachee heeft redelijke voortgang geboekt, maar tevredenheid en doelrealisatie bleven beide onder verwachting; meer afstemming had waarschijnlijk geholpen."
T00212,K00248,C0006,2023-07-07,12,True,,7.0,10.0,True,False,Excellent resultaat: alle doelen volledig behaald met goede begeleiding; een zeer succesvolle afsluiting van het traject.
T00213,K00548,C0006,2023-07-08,7,True,,,,False,False,
T00214,K00218,C0067,2023-07-08,2,False,no-longer-wanted,,,False,False,
T00215,K00296,C0116,2023-07-10,8,True,,5.0,5.0,True,False,"Dit traject heeft niet optimaal uitgepakt; zowel tevredenheid als doelrealisatie waren laag, wat duidt op onvoldoende aansluiting of commitment."
T00216,K00633,C0002,2023-07-10,4,True,,5.0,7.0,True,False,Matige tevredenheid ondanks redelijke doelrealisatie; de coachee lijkt niet volledig tevreden geweest met het proces of de aanpak.
T00217,K00082,C0013,2023-07-12,12,True,,8.0,9.0,True,False,Sterk traject met hoge tevredenheid en uitstekende doelrealisatie; de coachee was goed gemotiveerd en heeft veel bereikt.
T00218,K00376,C0105,2023-07-14,12,True,,7.0,9.0,True,False,Goed afgerond traject met sterke doelrealisatie en positieve feedback; de coachee is tevreden en heeft concrete resultaten geboekt.
T00219,K00063,C0071,2023-07-15,3,False,disappeared,2.0,4.0,True,True,"Jammer dat dit traject voortijdig is beëindigd; de coachee is niet aan het vervolgproces deelgenomen, waardoor de potentiële voortgang niet kon worden gerealiseerd."
T00220,K00631,C0060,2023-07-15,12,True,,7.0,7.0,True,False,Degelijk afgerond traject met gelijkmatige scores; de coachee en trainer waren beide redelijk tevreden met de bereikte doelen.
T00221,K00044,C0039,2023-07-15,8,True,,7.0,10.0,True,False,Uitstekend traject: alle doelen perfect behaald en tevredenheid goed; een voorbeeldige afsluiting met concrete resultaten.
T00222,K00300,C0031,2023-07-17,6,True,,5.0,6.0,True,False,Matige tevredenheid bij redelijke doelrealisatie; het traject had baat gehad bij meer aandacht voor de ervaringskant van de coachee.
T00223,K00281,C0073,2023-07-17,5,True,,6.0,9.0,True,False,"Sterke doelrealisatie ondanks gematigde tevredenheid; de coachee heeft veel bereikt, hoewel het proces niet helemaal naar wens verliep."
T00224,K00075,C0094,2023-07-19,6,True,,4.0,6.0,True,False,"Laag scorend traject op tevredenheid; hoewel enkele doelen zijn behaald, was de algehele ervaring onvoldoende voor de coachee."
T00225,K00379,C0040,2023-07-20,9,True,,3.0,7.0,True,False,Opvallende discrepantie: ondanks lage tevredenheid is een redelijk deel van de doelen bereikt; de coachee was niet tevreden over de weg erheen.
T00226,K00426,C0119,2023-07-22,3,False,no-longer-wanted,5.0,8.0,True,False,"Het traject is voortijdig beëindigd op verzoek van de coachee; hoewel doelen in zicht waren, heeft verdere samenwerking niet plaatsgevonden."
T00227,K00380,C0120,2023-07-23,4,True,,6.0,6.0,True,False,"Neutraal traject met gelijkmatige, redelijke scores; beide partijen waren matig tevreden en doelen zijn matig gerealiseerd."
T00228,K00542,C0103,2023-07-24,8,True,,6.0,7.0,True,False,Redelijk afgerond traject met gelijkmatige voortgang; de coachee en trainer hebben samen een acceptabel resultaat bereikt.
T00229,K00293,C0084,2023-07-25,2,False,disappeared,6.0,6.0,True,False,Jammer dat deze coachee voortijdig is uitgevallen; ondanks redelijke doelrealisatie is het traject niet afgerond en is verdere begeleiding niet plaatsgevonden.
T00230,K00002,C0024,2023-07-27,13,True,,6.0,7.0,True,False,Goed afgerond traject met redelijke tevredenheid en doelrealisatie; een solide afsluiting met behaalde resultaten.
T00231,K00138,C0111,2023-08-03,2,False,no-longer-wanted,,,False,True,
T00232,K00221,C0113,2023-08-05,5,True,,3.0,5.0,True,True,"Het traject is afgerond, maar zowel tevredenheid als doelrealisatie bleven achter bij de verwachtingen. Verdere afstemming op persoonlijke behoeften zou in toekomstige trajecten waardevol zijn."
T00233,K00062,C0045,2023-08-07,7,True,,8.0,8.0,True,False,Uitstekend traject met sterke doelrealisatie en hoge tevredenheid. De coachee heeft goed gebruik gemaakt van de begeleiding en concrete resultaten bereikt.
T00234,K00072,C0088,2023-08-08,7,True,,,,False,True,
T00235,K00061,C0114,2023-08-08,7,True,,6.0,8.0,True,False,"Goed resultaat met sterke doelrealisatie ondanks matige tevredenheid. De doelstellingen zijn duidelijk behaald, wat duidt op effectieve begeleiding."
T00236,K00644,C0024,2023-08-08,2,False,no-longer-wanted,5.0,8.0,True,False,"Het traject is voortijdig beëindigd op verzoek van de coachee, hoewel de doelrealisatie aanvankelijk op koers lag. De afstemming van verwachtingen had beter kunnen gebeuren."
T00237,K00608,C0063,2023-08-09,5,True,,6.0,7.0,True,False,Solide traject met goede doelrealisatie en redelijke tevredenheid. De coachee heeft nuttige stappen gezet in de gewenste richting.
T00238,K00375,C0110,2023-08-10,14,True,,7.0,4.0,True,False,Gemengde resultaten: ondanks redelijke tevredenheid bleef de doelrealisatie aanzienlijk achter. Meer focus op concrete doelstellingen zou helpen.
T00239,K00322,C0117,2023-08-11,2,False,other,,,False,False,
T00240,K00182,C0082,2023-08-12,12,True,,,,False,False,
T00241,K00064,C0084,2023-08-14,17,True,,6.0,7.0,True,False,Bevredigend traject met goed evenwicht tussen tevredenheid en doelrealisatie. De coachee heeft vooruitgang geboekt op de gestelde doelen.
T00242,K00361,C0114,2023-08-15,11,True,,4.0,8.0,True,False,"De doelrealisatie was sterk, maar de tevredenheid van de coachee bleef laag. Dit suggereert een mismatch tussen verwachtingen en werkelijke begeleiding."
T00243,K00161,C0101,2023-08-16,10,True,,6.0,8.0,True,False,Goed traject met sterke doelrealisatie en acceptabele tevredenheid. De coachee heeft de gestelde doelen effectief bereikt.
T00244,K00571,C0053,2023-08-17,10,True,,6.0,3.0,True,False,De doelrealisatie viel tegen ondanks redelijke tevredenheid. Het traject zou baat hebben gehad bij meer specifieke en meetbare doelstellingen.
T00245,K00559,C0096,2023-08-19,6,True,,,,False,False,
T00246,K00205,C0051,2023-08-22,4,False,disappeared,,,False,False,
T00247,K00017,C0025,2023-08-25,7,True,,6.0,8.0,True,True,Positief traject met sterke doelrealisatie en voldoende tevredenheid. De coachee heeft goed voortgang geboekt op de gestelde doelen.
T00248,K00310,C0107,2023-08-26,5,True,,5.0,7.0,True,False,"Redelijk traject met matige tevredenheid maar acceptabele doelrealisatie. Het traject bood nuttige ondersteuning, hoewel meer afstemming gewenst was."
T00249,K00318,C0095,2023-09-01,14,True,,6.0,7.0,True,False,Bevredigend traject met goed evenwicht tussen tevredenheid en doelrealisatie. De coachee heeft stappen vooruit gezet op de belangrijkste doelen.
T00250,K00586,C0058,2023-09-01,8,True,,4.0,6.0,True,True,Matige resultaten met lage tevredenheid en beperkte doelrealisatie. Het traject zou baat hebben gehad bij betere voorbereiding en duidelijker doelstellingen.
T00251,K00083,C0070,2023-09-01,6,True,,4.0,7.0,True,False,Gemengde resultaten: ondanks lage tevredenheid werd redelijke doelrealisatie bereikt. De coachee zou meer betrokken moeten voelen bij het traject.
T00252,K00584,C0002,2023-09-01,7,True,,6.0,5.0,True,False,Het traject toont lichte discrepantie tussen tevredenheid en doelrealisatie. Meer focus op afstemming en communicatie zou waardevol zijn geweest.
T00253,K00214,C0054,2023-09-01,6,True,,4.0,7.0,True,True,Ondanks lage tevredenheid werd redelijke doelrealisatie bereikt. De coachee zou baat hebben gehad bij beter afgestemde aanpak en meer betrokkenheid.
T00254,K00556,C0071,2023-09-01,8,True,,4.0,7.0,True,True,Lage tevredenheid maar acceptabele doelrealisatie. Een betere match tussen verwachtingen en begeleiding zou de ervaring aanzienlijk hebben verbeterd.
T00255,K00109,C0084,2023-09-02,6,True,,4.0,6.0,True,True,Matige resultaten op beide gebieden met lage tevredenheid. Meer voorbereiding en afstemming op persoonlijke behoeften zou nodig zijn geweest.
T00256,K00285,C0006,2023-09-03,6,True,,6.0,9.0,True,False,Excellent traject met zeer sterke doelrealisatie en goede tevredenheid. De coachee heeft uitstekende voortgang geboekt op de gestelde doelen.
T00257,K00195,C0067,2023-09-03,5,True,,4.0,5.0,True,False,"Het traject is afgerond, maar de tevredenheid bleef achter bij de verwachtingen. De doelrealisatie was matig; meer afstemming op de wensen van de coachee zou beter hebben uitgepakt."
T00258,K00242,C0071,2023-09-04,11,True,,3.0,6.0,True,True,Ondanks redelijke doelrealisatie was de tevredenheid laag; mogelijk waren de verwachtingen niet goed afgestemd aan het begin van het traject.
T00259,K00423,C0094,2023-09-04,11,True,,5.0,8.0,True,False,"Solide voortgang met goede doelrealisatie, hoewel de tevredenheid iets aan de lage kant bleef. De concrete resultaten spreken voor zich."
T00260,K00009,C0116,2023-09-05,8,True,,6.0,8.0,True,False,Een geslaagd traject met goede doelrealisatie en voldoende tevredenheid; de coachee heeft duidelijke stappen vooruit gemaakt.
T00261,K00013,C0058,2023-09-05,11,True,,7.0,8.0,True,False,Prettig verloop met goede afstemming en sterke doelrealisatie; de coachee was tevreden over het proces en de resultaten.
T00262,K00653,C0099,2023-09-06,7,True,,,,False,True,
T00263,K00372,C0091,2023-09-06,8,True,,6.0,9.0,True,False,"Uitstekende doelrealisatie bereikt ondanks matige tevredenheid; mogelijk lag dit aan verwachtingsmanagement, maar de resultaten zijn indrukwekkend."
T00264,K00188,C0058,2023-09-07,14,True,,6.0,8.0,True,True,Een effectief traject met goede doelrealisatie en tevredenheid; de coachee heeft nuttige voortgang geboekt.
T00265,K00076,C0094,2023-09-08,4,True,,5.0,8.0,True,False,Goede doelrealisatie bereikt met neutrale tevredenheid; het traject leverde concrete resultaten op.
T00266,K00014,C0019,2023-09-08,4,True,,5.0,9.0,True,False,Zeer goede doelrealisatie ondanks gemiddelde tevredenheid; de objectieve resultaten tonen duidelijke vooruitgang.
T00267,K00054,C0114,2023-09-09,4,False,external-coach,,,False,False,
T00268,K00280,C0038,2023-09-09,8,True,,5.0,8.0,True,True,Bevredigend traject met goede doelrealisatie en neutrale tevredenheid; de afgesproken doelen zijn bereikt.
T00269,K00583,C0105,2023-09-09,9,True,,,,False,False,
T00270,K00073,C0075,2023-09-10,7,True,,5.0,5.0,True,True,"Het traject is afgerond met neutrale scores; zowel tevredenheid als doelrealisatie waren matig, wat wijst op beperkte impact."
T00271,K00090,C0055,2023-09-11,10,True,,6.0,8.0,True,False,Positief traject met goede doelrealisatie en voldoende tevredenheid; de coachee heeft merkbare resultaten bereikt.
T00272,K00102,C0077,2023-09-12,9,True,,5.0,8.0,True,False,Effectief traject met goede doelrealisatie ondanks gemiddelde tevredenheid; concrete stappen zijn gezet.
T00273,K00271,C0030,2023-09-12,5,True,,7.0,8.0,True,False,Prettig en effectief traject met goede tevredenheid en doelrealisatie; de coachee was tevreden over het verloop en de resultaten.
T00274,K00347,C0076,2023-09-12,9,True,,7.0,9.0,True,False,Uitstekend traject met sterke doelrealisatie en goede tevredenheid; de coachee is duidelijk vooruitgegaan en tevreden.
T00275,K00432,C0081,2023-09-14,4,True,,5.0,9.0,True,False,Zeer goede doelrealisatie bereikt ondanks gemiddelde tevredenheid; de resultaten zijn indrukwekkend en concreet.
T00276,K00604,C0067,2023-09-14,8,True,,6.0,9.0,True,False,Uitstekende doelrealisatie met goede tevredenheid; een succesvol traject met duidelijke vooruitgang.
T00277,K00066,C0072,2023-09-15,2,False,disappeared,,,False,False,
T00278,K00107,C0034,2023-09-16,12,True,,5.0,8.0,True,True,Goed traject met goede doelrealisatie en neutrale tevredenheid; de afgesproken doelen zijn succesvol bereikt.
T00279,K00387,C0042,2023-09-16,5,True,,,,False,True,
T00280,K00364,C0073,2023-09-16,8,True,,,,False,False,
T00281,K00491,C0006,2023-09-16,18,True,,7.0,8.0,True,False,Prettig traject met goede tevredenheid en doelrealisatie; de coachee was tevreden en heeft merkbare voortgang geboekt.
T00282,K00201,C0116,2023-09-16,12,True,,7.0,7.0,True,False,Evenwichtig traject met goede tevredenheid en doelrealisatie; de coachee is tevreden en heeft de gestelde doelen bereikt.
T00283,K00536,C0025,2023-09-16,7,True,,,,False,True,
T00284,K00040,C0035,2023-09-16,9,True,,,,False,False,
T00285,K00398,C0088,2023-09-17,9,True,,8.0,7.0,True,False,Goed traject afgerond met solide doelrealisatie; de coachee was over het algemeen tevreden en heeft concrete stappen gezet.
T00286,K00408,C0070,2023-09-18,7,True,,,,False,False,
T00287,K00539,C0012,2023-09-18,3,False,disappeared,,,False,False,
T00288,K00279,C0066,2023-09-18,10,True,,6.0,8.0,True,False,"Doelen goed bereikt, maar de tevredenheid bleef achter bij wat verwacht mocht worden; mogelijk meer aandacht voor procesbeleving nodig."
T00289,K00588,C0101,2023-09-19,5,False,no-longer-wanted,6.0,7.0,True,False,Traject voortijdig beëindigd omdat de coachee geen vervolgbehoefte meer had; doelen waren redelijk op weg.
T00290,K00341,C0036,2023-09-19,13,True,,7.0,8.0,True,False,Succesvolle afronding met goede doelrealisatie en tevredenheid; een effectief traject.
T00291,K00079,C0025,2023-09-19,10,True,,6.0,7.0,True,False,"Traject afgerond met acceptabele resultaten; doelen grotendeels bereikt, hoewel tevredenheid gemiddeld was."
T00292,K00420,C0017,2023-09-20,3,False,other,5.0,7.0,True,False,Traject voortijdig afgebroken; ondanks aardige doelrealisatie was de tevredenheid laag en zijn er andere factoren tussenbeide gekomen.
T00293,K00140,C0114,2023-09-21,7,True,,7.0,10.0,True,False,Uitstekende afronding met volledige doelrealisatie en goede tevredenheid; een zeer succesvol traject.
T00294,K00227,C0097,2023-09-21,12,True,,7.0,8.0,True,False,Traject goed afgerond met sterke doelrealisatie en goede tevredenheid.
T00295,K00439,C0114,2023-09-21,9,True,,4.0,8.0,True,True,"Doelen goed bereikt, maar de tevredenheid was laag; mogelijk mismatch tussen verwachtingen en aanpak."
T00296,K00133,C0095,2023-09-21,8,True,,,,False,True,
T00297,K00428,C0117,2023-09-23,9,True,,5.0,8.0,True,False,"Doelen sterk gerealiseerd, maar de tevredenheid bleef beperkt; aandachtspunt voor toekomstige trajecten."
T00298,K00252,C0080,2023-09-24,4,True,,7.0,8.0,True,False,Geslaagde afronding met goede doelrealisatie en tevredenheid; een constructief verloop.
T00299,K00194,C0090,2023-09-24,11,True,,4.0,8.0,True,True,"Doelen goed bereikt, maar de tevredenheid was laag; de coachee ervaarde mogelijk minder meerwaarde dan bereikt."
T00300,K00323,C0002,2023-09-24,9,True,,4.0,8.0,True,False,"Doelen goed gerealiseerd, maar lage tevredenheid; een mismatch tussen objectieve en subjectieve beleving."
T00301,K00065,C0111,2023-09-25,4,True,,6.0,7.0,True,False,"Traject afgerond met matige resultaten; doelen redelijk bereikt, maar tevredenheid kon hoger."
T00302,K00628,C0088,2023-09-27,8,True,,6.0,7.0,True,False,Acceptabele afronding met redelijke doelrealisatie en gemiddelde tevredenheid.
T00303,K00562,C0063,2023-09-27,9,True,,,,False,False,
T00304,K00591,C0101,2023-09-27,5,True,,4.0,8.0,True,True,"Doelen goed bereikt, maar de tevredenheid was laag; mogelijk mismatch tussen proces en uitkomsten."
T00305,K00058,C0067,2023-10-01,7,True,,,,False,True,
T00306,K00337,C0085,2023-10-02,7,True,,3.0,7.0,True,True,Traject afgerond met beperkte tevredenheid en matige doelrealisatie; niet optimaal verlopen.
T00307,K00610,C0072,2023-10-03,3,False,no-longer-wanted,,,False,False,
T00308,K00020,C0013,2023-10-03,11,True,,7.0,8.0,True,False,Geslaagde afronding met goede doelrealisatie en tevredenheid; een effectief traject.
T00309,K00514,C0084,2023-10-04,7,True,,5.0,10.0,True,False,"Uitstekende doelrealisatie bereikt, hoewel de tevredenheid gemiddeld bleef; objectief zeer geslaagd."
T00310,K00519,C0088,2023-10-04,5,True,,3.0,6.0,True,True,Traject afgerond met beperkte resultaten; zowel tevredenheid als doelrealisatie bleven achter.
T00311,K00481,C0005,2023-10-04,10,True,,5.0,9.0,True,False,"De doelstellingen zijn uitstekend behaald, maar de ervaring tijdens het traject was matig; meer aandacht voor het proces zou welkom zijn geweest."
T00312,K00412,C0037,2023-10-05,6,True,,4.0,8.0,True,True,"Hoewel de doelen goed zijn gerealiseerd, was de algemene tevredenheid laag; het traject had meer afstemming op persoonlijke behoeften nodig."
T00313,K00172,C0094,2023-10-06,6,True,,6.0,7.0,True,False,Een solide traject met redelijke doelrealisatie en matige tevredenheid; beide aspecten kunnen in toekomstige trajecten verder worden verbeterd.
T00314,K00089,C0107,2023-10-06,3,False,disappeared,6.0,7.0,True,False,"Het traject is voortijdig beëindigd; hoewel de voortgang aanwezig was, kon het niet worden afgerond door plotseling vertrek van de deelnemer."
T00315,K00169,C0033,2023-10-07,8,True,,5.0,7.0,True,False,Redelijke doelrealisatie en matige tevredenheid; het traject is afgerond maar had meer intensiviteit en betrokkenheid kunnen gebruiken.
T00316,K00383,C0049,2023-10-07,12,True,,5.0,7.0,True,True,Matige tevredenheid met redelijke doelrealisatie; het traject is succesvol afgerond maar voelt voor de deelnemer niet helemaal afsluiting.
T00317,K00452,C0039,2023-10-07,3,True,,,,False,False,
T00318,K00237,C0068,2023-10-08,12,True,,6.0,7.0,True,False,Een adequaat traject met redelijke voortgang op beide fronten; de deelnemer heeft de gestelde doelen behoorlijk bereikt.
T00319,K00018,C0039,2023-10-09,10,True,,,,False,True,
T00320,K00340,C0095,2023-10-11,10,True,,,,False,False,
T00321,K00260,C0039,2023-10-12,9,True,,6.0,8.0,True,False,Goed traject met sterke doelrealisatie en aangename ervaring; de deelnemer is tevreden met de bereikte resultaten.
T00322,K00458,C0114,2023-10-12,10,True,,4.0,9.0,True,True,Uitstekende doelrealisatie ondanks lage tevredenheid; de deelnemer heeft veel bereikt maar voelde zich niet optimaal ondersteund.
T00323,K00197,C0068,2023-10-14,5,True,,5.0,8.0,True,False,Goed presterende deelnemer met sterke doelrealisatie en redelijke tevredenheid; het traject is succesvol afgerond.
T00324,K00331,C0083,2023-10-17,4,True,,6.0,6.0,True,False,Evenwichtig traject met gelijke mate van doelrealisatie en tevredenheid; beide aspecten waren aanwezig en redelijk consistent.
T00325,K00162,C0040,2023-10-17,5,True,,5.0,7.0,True,False,Redelijke voortgang op doelrealisatie met matige tevredenheid; het traject is afgerond maar kon meer impact hebben gehad.
T00326,K00468,C0072,2023-10-18,8,True,,,,False,False,
T00327,K00476,C0036,2023-10-18,10,True,,6.0,9.0,True,False,Zeer goede doelrealisatie met aangename begeleiding; de deelnemer is tevreden en heeft de gestelde doelen uitstekend bereikt.
T00328,K00027,C0093,2023-10-18,4,False,no-longer-wanted,5.0,8.0,True,False,Het traject is voortijdig beëindigd omdat de deelnemer geen vervolgbegeleiding meer wenste; vooruitgang was aanwezig maar werd niet afgemaakt.
T00329,K00114,C0031,2023-10-18,6,True,,5.0,7.0,True,False,Redelijke doelrealisatie met matige tevredenheid; het traject is afgerond met gemengde ervaringen van de deelnemer.
T00330,K00401,C0103,2023-10-18,8,True,,8.0,9.0,True,False,Uitstekend traject met hoge tevredenheid en sterke doelrealisatie; de deelnemer is zeer tevreden met de resultaten en begeleiding.
T00331,K00524,C0008,2023-10-19,9,True,,8.0,9.0,True,False,Excellent traject met hoge tevredenheid en uitstekende doelrealisatie; de deelnemer voelt zich ondersteund en heeft zijn doelen bereikt.
T00332,K00357,C0019,2023-10-20,12,True,,6.0,8.0,True,False,Goed traject met sterke doelrealisatie en redelijke tevredenheid; een solide afsluiting met positieve resultaten.
T00333,K00006,C0031,2023-10-21,8,True,,3.0,8.0,True,True,Ondanks sterke doelrealisatie was de ervaring voor de deelnemer teleurstellend; de begeleiding sloot onvoldoende aan bij verwachtingen.
T00334,K00247,C0006,2023-10-21,6,True,,5.0,8.0,True,False,Goede doelrealisatie met matige tevredenheid; het traject is afgerond met acceptabele voortgang maar beperkte enthousiasme.
T00335,K00498,C0119,2023-10-21,8,True,,6.0,10.0,True,False,"De doelstellingen zijn volledig behaald, wat een sterke prestatie is. De tevredenheid had kunnen groeien door meer afstemming op persoonlijke verwachtingen."
T00336,K00345,C0071,2023-10-22,5,True,,,,False,True,
T00337,K00050,C0045,2023-10-22,9,True,,5.0,7.0,True,True,Solide doelrealisatie ondanks matige tevredenheid; meer focus op de coachingaanpak zou het traject kunnen versterken.
T00338,K00574,C0094,2023-10-22,9,True,,,,False,False,
T00339,K00211,C0094,2023-10-25,4,True,,4.0,7.0,True,False,"De doelen zijn redelijk behaald, maar de lage tevredenheid wijst op mogelijke discrepanties tussen proces en verwachtingen."
T00340,K00112,C0029,2023-10-26,4,False,no-longer-wanted,6.0,9.0,True,False,"Het traject is voortijdig beëindigd op eigen verzoek, hoewel aanzienlijke voortgang was geboekt op de gestelde doelen."
T00341,K00350,C0022,2023-10-26,13,True,,6.0,8.0,True,False,Goed resultaat met stabiele tevredenheid en sterke doelrealisatie; het traject sluit positief af.
T00342,K00168,C0015,2023-10-26,10,True,,4.0,6.0,True,True,Ondanks beperkte tevredenheid zijn de basisdoelen gedeeltelijk bereikt; verdere begeleiding zou voordelig zijn geweest.
T00343,K00566,C0114,2023-10-26,4,True,,4.0,8.0,True,True,Opmerkelijk dat de doelen goed zijn gerealiseerd terwijl de tevredenheid laag is; dit wijst op mogelijk onvoldoende communicatie over voortgang.
T00344,K00521,C0084,2023-11-01,9,True,,6.0,5.0,True,False,De doelrealisatie valt tegen bij een redelijke tevredenheid; alignment tussen doelen en acties verdient aandacht.
T00345,K00552,C0116,2023-11-03,12,True,,4.0,7.0,True,True,Beperkte tevredenheid en matige doelrealisatie suggereren dat het traject niet optimaal aansloot op de behoeften van de coachee.
T00346,K00213,C0094,2023-11-03,9,True,,5.0,8.0,True,True,Goed evenwicht tussen doelrealisatie en tevredenheid; het traject heeft waarde opgeleverd ondanks voorzichtige verwachtingen.
T00347,K00448,C0056,2023-11-04,12,True,,6.0,9.0,True,False,Sterke doelrealisatie met goede tevredenheid; een succesvol traject dat goed is afgerond.
T00348,K00501,C0097,2023-11-04,6,True,,6.0,8.0,True,False,Consistent positief resultaat met goede doelrealisatie en redelijke tevredenheid; een waardevol coachtraject.
T00349,K00369,C0114,2023-11-04,8,True,,5.0,9.0,True,False,Uitstekende doelrealisatie ondanks voorzichtige tevredenheid; de coachee heeft duidelijk voordeel gehad van het traject.
T00350,K00052,C0001,2023-11-07,4,False,no-longer-wanted,,,False,True,
T00351,K00084,C0046,2023-11-08,9,True,,7.0,9.0,True,False,Zeer positief afgerond traject met sterke doelrealisatie en goeide tevredenheid van de coachee.
T00352,K00226,C0039,2023-11-08,12,True,,6.0,8.0,True,False,Goed gebalanceerd traject met solide doelrealisatie en redelijke tevredenheid; succesvol afgerond.
T00353,K00515,C0045,2023-11-09,4,True,,3.0,4.0,True,True,Helaas zeer lage scores op zowel tevredenheid als doelrealisatie; dit traject heeft niet opgeleverd wat nodig was.
T00354,K00649,C0006,2023-11-09,7,True,,5.0,7.0,True,False,Matige tevredenheid bij gedeeltelijke doelrealisatie; meer gerichte afstemming zou het traject hebben kunnen verbeteren.
T00355,K00184,C0113,2023-11-10,11,True,,6.0,8.0,True,True,Goed resultaat met sterke doelrealisatie en redelijke tevredenheid; het traject sluit positief af.
T00356,K00585,C0065,2023-11-11,2,False,other,,,False,False,
T00357,K00010,C0073,2023-11-12,3,False,disappeared,,,False,False,
T00358,K00523,C0100,2023-11-13,3,False,external-coach,3.0,5.0,True,True,Het traject is voortijdig afgebroken ten faveure van externe begeleiding; aanzienlijke voortgang was echter zichtbaar.
T00359,K00288,C0001,2023-11-15,2,True,,6.0,7.0,True,False,Redelijk traject met gedeeltelijke doelrealisatie en stabiele tevredenheid; een gemengd maar acceptabel resultaat.
T00360,K00343,C0012,2023-11-16,12,True,,5.0,7.0,True,True,"De doelstellingen zijn grotendeels behaald, maar de tevredenheid bleef achter bij de verwachtingen. Een gesprek over de aansluiting tussen aanpak en wensen zou waardevol zijn."
T00361,K00590,C0034,2023-11-16,4,True,,7.0,9.0,True,True,Uitstekend traject met sterke doelrealisatie en goede tevredenheid; de coachee heeft zich aantoonbaar ontwikkeld.
T00362,K00436,C0107,2023-11-16,4,False,no-longer-wanted,6.0,7.0,True,False,Ondanks redelijke voortgang heeft de coachee het traject voortijdig beëindigd; de motivatie leek niet volledig aanwezig.
T00363,K00478,C0073,2023-11-17,6,True,,,,False,True,
T00364,K00026,C0052,2023-11-19,8,True,,6.0,9.0,True,False,"Zeer goede doelrealisatie bereikt, hoewel de tevredenheid nog iets hoger had kunnen zijn; een solide resultaat."
T00365,K00289,C0106,2023-11-20,9,True,,6.0,9.0,True,True,Sterke doelrealisatie met adequate tevredenheid; de coachee heeft de gestelde doelen effectief gerealiseerd.
T00366,K00116,C0072,2023-11-20,10,True,,7.0,9.0,True,False,Excellent traject met hoge doelrealisatie en goed ervaren begeleiding; een zeer geslaagd resultaat.
T00367,K00414,C0096,2023-11-20,3,True,,,,False,True,
T00368,K00131,C0066,2023-11-20,8,True,,4.0,8.0,True,False,"Ondanks goede doelrealisatie is de tevredenheid beperkt gebleven, wat suggereert dat de weg er naar toe moeizaam was."
T00369,K00025,C0058,2023-11-21,6,True,,,,False,True,
T00370,K00319,C0084,2023-11-23,4,False,disappeared,,,False,False,
T00371,K00258,C0007,2023-11-24,10,True,,5.0,7.0,True,False,"Matig tevredenheid met redelijke doelrealisatie; het traject heeft resultaat opgeleverd, maar kon beter aansluiten."
T00372,K00465,C0101,2023-11-24,7,True,,7.0,8.0,True,False,Goed traject met solide doelrealisatie en tevredenheid; een waardevol proces voor de coachee.
T00373,K00245,C0011,2023-11-25,8,True,,5.0,6.0,True,False,Het traject heeft beperkt tot matig resultaat opgeleverd op beide dimensies; meer focus op aansluiting zou helpen.
T00374,K00035,C0025,2023-11-26,8,True,,,,False,True,
T00375,K00101,C0030,2023-11-26,6,True,,5.0,9.0,True,True,Opvallend: zeer hoge doelrealisatie terwijl tevredenheid lager lag; mogelijk heeft de coachee meer moeite gehad met het proces dan met de uitkomst.
T00376,K00389,C0072,2023-12-03,11,True,,7.0,8.0,True,False,Goed afgerond traject met sterke doelrealisatie en goede tevredenheid; een succesvol verloop.
T00377,K00509,C0108,2023-12-03,7,True,,6.0,7.0,True,False,Redelijk traject met matige tot goede voortgang op beide gebieden; een acceptabel resultaat.
T00378,K00001,C0071,2023-12-06,5,True,,6.0,7.0,True,False,Stabiel traject met consistente matige tot redelijke resultaten op tevredenheid en doelrealisatie.
T00379,K00392,C0060,2023-12-08,4,False,disappeared,7.0,7.0,True,False,De coachee is onverwacht verdwenen ondanks redelijke voortgang; continuïteit was blijkbaar niet haalbaar.
T00380,K00031,C0037,2023-12-08,7,True,,4.0,6.0,True,False,Lage tevredenheid met matige doelrealisatie duidt op onvoldoende aansluiting of engagement; een teleurstellend verloop.
T00381,K00367,C0067,2023-12-09,8,True,,6.0,8.0,True,False,Goed resultaat met goede doelrealisatie en redelijke tevredenheid; het traject heeft concrete voortgang opgeleverd.
T00382,K00638,C0116,2023-12-10,6,True,,6.0,7.0,True,False,Redelijk traject met stabiele voortgang op beide dimensies; een solide afronding.
T00383,K00616,C0007,2023-12-10,15,True,,6.0,10.0,True,False,Zeer sterk resultaat met volledige doelrealisatie en goede tevredenheid; een excellent verloop.
T00384,K00200,C0060,2023-12-12,13,True,,7.0,8.0,True,False,Goed traject met sterke doelrealisatie en goede tevredenheid; een waardevol en effectief proces.
T00385,K00334,C0067,2023-12-13,7,True,,7.0,8.0,True,False,Goed traject met solide doelrealisatie; de coachee heeft zich constructief ingezet en concrete vooruitgang geboekt.
T00386,K00435,C0076,2023-12-14,6,True,,5.0,6.0,True,False,Matige tevredenheid en doelrealisatie; het traject had meer diepgang en afstemming op de wensen van de coachee kunnen hebben.
T00387,K00543,C0020,2023-12-14,12,True,,5.0,5.0,True,False,Gemengde resultaten met beperkte vooruitgang; beide partijen hadden meer aandacht kunnen besteden aan de kernproblematiek.
T00388,K00305,C0080,2023-12-15,8,True,,,,False,False,
T00389,K00004,C0084,2023-12-15,8,True,,6.0,7.0,True,False,"Redelijk verloop met acceptabele doelrealisatie, hoewel de tevredenheid kon worden verbeterd door meer personalisering."
T00390,K00547,C0116,2023-12-19,8,True,,4.0,8.0,True,True,Ondanks lage tevredenheid zijn de gestelde doelen goed bereikt; mogelijk ontbrak het aan communicatie over het proces.
T00391,K00531,C0107,2023-12-22,14,True,,5.0,8.0,True,False,Sterkere doelrealisatie dan verwacht gegeven de gemiddelde tevredenheid; de coachee heeft toch waarde uit het traject gehaald.
T00392,K00230,C0076,2023-12-22,9,True,,5.0,9.0,True,True,Uitstekende doelrealisatie ondanks lagere tevredenheid over het proces; de resultaten spreken voor zichzelf.
T00393,K00217,C0082,2023-12-24,8,True,,,,False,True,
T00394,K00099,C0039,2023-12-24,9,True,,5.0,10.0,True,True,"Perfecte doelrealisatie bereikt, hoewel de ervaring van het traject voor verbetering vatbaar is geweest."
T00395,K00497,C0089,2023-12-25,3,True,,5.0,4.0,True,True,Teleurstellend verloop met beperkte vooruitgang; beiden hebben onvoldoende inzet en commitment kunnen mobiliseren.
T00396,K00589,C0088,2023-12-26,7,True,,4.0,7.0,True,False,"Lage tevredenheid tempert het positieve beeld; de doelen zijn wel redelijk behaald, maar de weg ernaartoe was lastig."
T00397,K00215,C0101,2023-12-26,6,True,,,,False,False,
T00398,K01319,C0049,2024-01-01,7,True,,5.0,6.0,True,False,Matige resultaten aan beide kanten; meer structuur en duidelijke tussentijdse evaluaties hadden kunnen helpen.
T00399,K00698,C0049,2024-01-01,14,True,,6.0,10.0,True,False,Sterke doelrealisatie ondanks gemiddelde tevredenheid; de concrete outcomes wegen positief door ondanks proces-voorbehouden.
T00400,K01190,C0094,2024-01-01,4,False,external-coach,,,False,False,
T00401,K01472,C0072,2024-01-01,12,True,,7.0,9.0,True,True,Succesvol traject met hoge doelrealisatie en goed contact; de coachee heeft zich goed kunnen ontwikkelen.
T00402,K01036,C0027,2024-01-01,7,True,,5.0,8.0,True,False,"Goede doelrealisatie bereikt, hoewel de tevredenheid suggereert dat meer aandacht voor het proces nuttig was geweest."
T00403,K00794,C0043,2024-01-03,4,False,no-longer-wanted,,,False,False,
T00404,K00845,C0120,2024-01-04,2,False,disappeared,4.0,8.0,True,False,Traject voortijdig beëindigd; ondanks aanvankelijke voortgang heeft de coachee zich uiteindelijk terugetrokken.
T00405,K01395,C0021,2024-01-04,17,True,,8.0,8.0,True,False,Uitstekend traject met sterke tevredenheid en goede doelrealisatie; een prettige en productieve samenwerking.
T00406,K01028,C0084,2024-01-04,6,True,,4.0,8.0,True,True,Lage tevredenheid bij redelijke doelrealisatie; de coachee voelde zich onvoldoende begrepen ondanks concrete resultaten.
T00407,K01493,C0090,2024-01-04,6,True,,5.0,7.0,True,False,Acceptabel verloop met redelijke voortgang; meer engagement van beide zijden had het traject kunnen versterken.
T00408,K00732,C0025,2024-01-05,9,True,,5.0,7.0,True,False,Redelijk traject met matige tevredenheid en acceptabele doelrealisatie; ruimte voor meer afstemming.
T00409,K00967,C0072,2024-01-05,2,False,disappeared,,,False,False,
T00410,K01049,C0099,2024-01-05,12,True,,,,False,False,
T00411,K01063,C0108,2024-01-06,5,True,,,,False,True,
T00412,K01406,C0024,2024-01-06,7,True,,6.0,7.0,True,False,Goed traject met positieve voortgang en acceptabele tevredenheid; de coachee heeft constructief meegewerkt.
T00413,K00810,C0085,2024-01-06,5,False,disappeared,,,False,False,
T00414,K01444,C0070,2024-01-06,16,True,,6.0,6.0,True,False,"Het traject is afgerond met gemiddelde resultaten; de doelstellingen zijn deels bereikt, maar de tevredenheid had hoger kunnen liggen."
T00415,K01433,C0096,2024-01-06,8,True,,,,False,True,
T00416,K00882,C0094,2024-01-07,9,True,,,,False,False,
T00417,K00675,C0009,2024-01-07,9,True,,6.0,7.0,True,False,Solide afronding met redelijke doelrealisatie; de coaching heeft waarschijnlijk beter op maat kunnen worden afgestemd.
T00418,K00878,C0111,2024-01-07,4,False,external-coach,,,False,False,
T00419,K01233,C0072,2024-01-07,13,True,,5.0,9.0,True,False,"Opmerkelijk resultaat: ondanks lage tevredenheid zijn de doelstellingen uitstekend bereikt, wat doelgerichtheid aantoont."
T00420,K00723,C0114,2024-01-08,6,True,,,,False,True,
T00421,K01299,C0058,2024-01-08,13,True,,,,False,False,
T00422,K00937,C0088,2024-01-09,8,True,,5.0,8.0,True,True,"De doelen zijn goed gerealiseerd, maar de tevredenheid bleef achter; mogelijk speelden verwachtingsmanagement of communicatie een rol."
T00423,K01381,C0019,2024-01-10,2,True,,6.0,8.0,True,False,Goed afgerond traject met sterke doelrealisatie en acceptabele tevredenheid; een solide coaching-ervaring.
T00424,K00680,C0088,2024-01-10,6,True,,,,False,True,
T00425,K00685,C0048,2024-01-10,3,False,disappeared,6.0,7.0,True,False,"Het traject is niet voltooid omdat de coachee verdween; jammer, want de beginfase toonde potentieel."
T00426,K01206,C0042,2024-01-11,9,True,,6.0,8.0,True,False,Goed afgerond met sterke doelrealisatie; het traject heeft waarschijnlijk concrete resultaten opgeleverd.
T00427,K00905,C0063,2024-01-11,11,True,,6.0,7.0,True,False,Bevredigend afgerond traject met redelijke voortgang; de coaching sloot adequaat aan bij de wensen.
T00428,K00971,C0002,2024-01-11,7,True,,,,False,False,
T00429,K01345,C0112,2024-01-11,11,True,,,,False,False,
T00430,K00691,C0103,2024-01-12,8,True,,6.0,7.0,True,False,Standaard afronding met gemiddelde tevredenheid en doelrealisatie; het traject verliep naar verwachting.
T00431,K00945,C0108,2024-01-12,2,False,external-coach,2.0,6.0,True,True,Onvoldoende tevredenheid en voortijdige beëindiging door coachwisseling; de aansluiting was niet optimaal.
T00432,K01300,C0017,2024-01-12,12,True,,8.0,9.0,True,False,Uitstekend afgerond traject met hoge tevredenheid en zeer goede doelrealisatie; een succesvolle samenwerking.
T00433,K00888,C0063,2024-01-13,14,True,,6.0,8.0,True,True,"Goed afgerond met sterke doelrealisatie ondanks matige tevredenheid; effectief, maar mogelijk niet optimaal ervaren."
T00434,K01384,C0117,2024-01-15,11,True,,5.0,7.0,True,False,"Redelijk afgerond traject; doelstelling is deels bereikt, maar meer betrokkenheid had voordelig kunnen zijn."
T00435,K00926,C0031,2024-01-15,3,False,no-longer-wanted,,,False,False,
T00436,K01357,C0071,2024-01-17,3,False,external-coach,6.0,8.0,True,False,"Niet voltooid door coachwisseling; de aanzet was positief, maar de continuïteit ontbrak."
T00437,K01259,C0092,2024-01-17,9,True,,6.0,8.0,True,False,Goed afgerond met sterke doelrealisatie; een effectief traject ondanks gemiddelde tevredenheid.
T00438,K01459,C0035,2024-01-17,8,True,,6.0,9.0,True,True,Zeer goed afgerond met uitstekende doelrealisatie en goede tevredenheid; een succesvol coaching-traject.
T00439,K01307,C0094,2024-01-18,7,True,,6.0,8.0,True,True,Goed afgerond met sterke doelrealisatie; het traject leverde concrete resultaten op.
T00440,K01422,C0116,2024-01-18,15,True,,,,False,False,
T00441,K00889,C0085,2024-01-18,11,True,,6.0,5.0,True,False,"Afgerond, maar met tegenvallende doelrealisatie; de coaching heeft minder impact gehad dan beoogd."
T00442,K01435,C0018,2024-01-18,3,False,disappeared,5.0,5.0,True,True,Onvoldoende voortgang en voortijdige uitval door verdwijnen van de coachee; jammer dat het traject niet kon worden afgemaakt.
T00443,K01150,C0108,2024-01-20,9,True,,3.0,6.0,True,True,Lage tevredenheid en matige voortgang; het traject was niet goed afgestemd op de behoeften van de coachee.
T00444,K00725,C0053,2024-01-20,8,True,,,,False,False,
T00445,K00755,C0034,2024-01-20,9,True,,6.0,7.0,True,False,"Het traject is afgerond met redelijke doelrealisatie, maar de tevredenheid had hoger kunnen liggen. Mogelijk zou meer afstemming op persoonlijke behoeften beter hebben uitgewerkt."
T00446,K01398,C0095,2024-01-21,8,True,,,,False,True,
T00447,K01310,C0073,2024-01-21,1,False,disappeared,4.0,7.0,True,False,"Jammer dat het contact is verbroken, ondanks dat de doelrealisatie goed op weg was. Een laagere tevredenheid kan hebben bijgedragen aan het wegvallen."
T00448,K01432,C0030,2024-01-21,6,True,,4.0,8.0,True,True,"Goed resultaat qua doelrealisatie, maar de tevredenheid bleef achter bij de verwachtingen. Dit suggereert discrepantie tussen bereikte doelen en persoonlijke ervaringen."
T00449,K01158,C0017,2024-01-21,4,True,,5.0,7.0,True,False,Het traject is afgerond met matige tevredenheid en doelrealisatie; beide scores geven aan dat er meer potentieel was geweest voor beter resultaat.
T00450,K01071,C0045,2024-01-21,1,False,disappeared,7.0,9.0,True,False,"Sterke doelrealisatie en redelijke tevredenheid, maar jammer dat het traject voortijdig is beëindigd. Het lijkt erop dat verdere begeleiding nodig zou zijn geweest."
T00451,K00965,C0114,2024-01-21,2,False,disappeared,3.0,7.0,True,True,Ondanks aardige doelrealisatie is de tevredenheid laag en is contact verbroken; dit duidt op een mismatch tussen inhoud en beleving van het traject.
T00452,K00814,C0104,2024-01-21,2,False,disappeared,5.0,5.0,True,False,Zowel tevredenheid als doelrealisatie zijn matig en het traject is vroegtijdig gestopt. Dit wijst op onvoldoende aansluiting of motivatie.
T00453,K00907,C0114,2024-01-22,12,True,,6.0,8.0,True,False,"Goed afgerond traject met sterke doelrealisatie en redelijke tevredenheid. De coachee heeft flink vorderingen gemaakt, hoewel volledige tevredenheid niet helemaal werd bereikt."
T00454,K01087,C0055,2024-01-22,11,True,,,,False,False,
T00455,K00981,C0072,2024-01-23,5,True,,7.0,8.0,True,False,Positief afgerond traject met goede doelrealisatie en solide tevredenheid. De coachee is tevreden over de bereikte resultaten en groei.
T00456,K01035,C0072,2024-01-24,8,True,,6.0,10.0,True,False,"Uitstekende doelrealisatie, volledig bereikt! Ondanks dat de tevredenheid iets minder hoog uitviel, zijn de concrete resultaten zeer indrukwekkend."
T00457,K00819,C0039,2024-01-24,14,True,,6.0,8.0,True,False,Goed afgerond traject met sterke doelrealisatie en redelijke tevredenheid. De coachee heeft de gestelde doelen effectief bereikt.
T00458,K00974,C0022,2024-01-24,10,True,,5.0,9.0,True,False,"Opmerkelijk: ondanks matige tevredenheid zijn de doelen bijna volledig bereikt. Dit suggereert dat de inhoudelijke resultaten overtuigend waren, al voelde het proces minder aangenaam aan."
T00459,K01017,C0092,2024-01-24,3,False,other,,,False,True,
T00460,K01164,C0108,2024-01-24,4,False,no-longer-wanted,,,False,False,
T00461,K00931,C0094,2024-01-25,8,True,,6.0,10.0,True,False,Uitstekend afgerond traject met volledige doelrealisatie en goed tevredenheid. De coachee heeft alles bereikt wat werd nagestreefd.
T00462,K01184,C0072,2024-01-25,6,False,no-longer-wanted,,,False,True,
T00463,K01414,C0059,2024-01-25,10,True,,4.0,4.0,True,True,Laagste scores voor zowel tevredenheid als doelrealisatie; het traject is wel afgerond maar heeft niet opgeleverd wat ervan werd verwacht.
T00464,K00828,C0067,2024-01-26,3,False,no-longer-wanted,6.0,8.0,True,False,"Het traject is voortijdig beëindigd omdat de coachee het niet langer wilde voortzetten, ondanks redelijke voortgang. Mogelijk was de aanpak niet volledig passend."
T00465,K01447,C0093,2024-01-27,8,True,,8.0,9.0,True,False,Zeer positief afgerond traject met hoge tevredenheid en sterke doelrealisatie. De coachee is zeer tevreden over de bereikte groei en resultaten.
T00466,K01257,C0006,2024-01-27,7,True,,7.0,8.0,True,False,Goed afgerond traject met solide doelrealisatie en tevredenheid. De coachee voelt zich duidelijk vooruit geboekt en tevreden over het traject.
T00467,K00894,C0110,2024-02-01,5,True,,6.0,8.0,True,False,Succesvol afgerond traject met goede doelrealisatie en redelijke tevredenheid. De coachee heeft vaste voortgang geboekt.
T00468,K00876,C0006,2024-02-01,6,True,,,,False,True,
T00469,K01370,C0094,2024-02-02,9,True,,4.0,6.0,True,True,Het traject is afgerond maar de resultaten blijven bescheiden: lage tevredenheid en matige doelrealisatie suggereren onvoldoende aansluiting.
T00470,K01147,C0114,2024-02-02,13,True,,,,False,True,
T00471,K01120,C0008,2024-02-02,3,False,disappeared,6.0,8.0,True,False,Jammer dat het contact is verbroken terwijl er nog potentieel leek; redelijke doelrealisatie maar lage tevredenheid kunnen hebben geleid tot voortijdige beëindiging.
T00472,K01130,C0097,2024-02-03,5,True,,,,False,False,
T00473,K01265,C0040,2024-02-03,14,True,,5.0,6.0,True,False,"Het traject is afgerond, maar de tevredenheid bleef beperkt ondanks matige doelrealisatie. Een reflectie op afstemming en verwachtingen zou waardevol zijn voor toekomstige trajecten."
T00474,K01108,C0032,2024-02-03,5,False,disappeared,,,False,False,
T00475,K01330,C0102,2024-02-05,10,True,,7.0,6.0,True,False,"Positief traject met goede tevredenheid en solide doelrealisatie. De voortgang was stabiel, hoewel nog wat ruimte voor verdieping."
T00476,K01129,C0071,2024-02-05,11,True,,7.0,7.0,True,False,Goed afgerond traject met consistente resultaten; zowel tevredenheid als doelrealisatie waren op een aanvaardbaar niveau.
T00477,K01209,C0119,2024-02-06,14,True,,,,False,False,
T00478,K00847,C0111,2024-02-06,5,True,,8.0,9.0,True,False,Uitstekend resultaat met hoge tevredenheid en sterke doelrealisatie; dit traject laat zien wat effectieve samenwerking oplevert.
T00479,K00815,C0058,2024-02-07,9,True,,6.0,7.0,True,False,Solide traject met redelijke tevredenheid en goed gerealiseerde doelen. De voortgang was consistent en constructief.
T00480,K01374,C0064,2024-02-07,10,True,,4.0,7.0,True,True,"Doelen zijn goed gerealiseerd, maar de tevredenheid bleef achter; mogelijk speelde de afstemming of verwachtingsmanagement niet optimaal."
T00481,K00721,C0045,2024-02-07,8,True,,4.0,8.0,True,True,"Opmerkelijk resultaat: doelen sterk gerealiseerd, maar tevredenheid laag. Dit vraagt om dialoog over wat minder goed voelde ondanks de objectieve voortgang."
T00482,K00940,C0012,2024-02-08,7,True,,5.0,7.0,True,False,"Traject met gemengde resultaten: doelen redelijk gerealiseerd, maar tevredenheid matig. Aandacht voor procesbeleving zou helpen."
T00483,K00773,C0066,2024-02-09,9,True,,,,False,False,
T00484,K00715,C0052,2024-02-10,8,True,,6.0,7.0,True,False,Adequaat traject met redelijke tevredenheid en goed gerealiseerde doelen; een solide afsluiting.
T00485,K00748,C0025,2024-02-10,2,False,disappeared,,,False,False,
T00486,K01331,C0039,2024-02-11,5,True,,,,False,False,
T00487,K01173,C0006,2024-02-11,2,False,external-coach,,,False,False,
T00488,K00807,C0006,2024-02-12,6,True,,5.0,9.0,True,True,"Doelen zeer sterk gerealiseerd, maar tevredenheid matig; dit suggereert dat de weg erheen minder soepel voelde dan het eindresultaat rechtvaardigt."
T00489,K00955,C0083,2024-02-12,5,True,,5.0,5.0,True,False,"Traject met gemengde resultaten op beide vlakken; tevredenheid en doelrealisatie waren beide matig, wat vraagt om evaluatie van de aanpak."
T00490,K01030,C0068,2024-02-12,4,False,no-longer-wanted,,,False,False,
T00491,K00887,C0084,2024-02-13,3,True,,3.0,6.0,True,True,Lage tevredenheid en matige doelrealisatie wijzen op onvoldoende afstemming of passendheid van het traject voor deze coachee.
T00492,K01076,C0015,2024-02-13,8,True,,4.0,6.0,True,True,Traject met lage tevredenheid ondanks enige doelrealisatie; de samenwerking of inhoud sloot niet goed aan.
T00493,K00954,C0013,2024-02-15,4,True,,4.0,3.0,True,False,"Dit traject voldeed onvoldoende: zowel tevredenheid als doelrealisatie waren laag, wat aangeeft dat de fit niet optimaal was."
T00494,K01263,C0097,2024-02-15,8,True,,5.0,7.0,True,True,Matige tevredenheid ondanks redelijke doelrealisatie; de procesbeleving verdient meer aandacht in vervolgtrajecten.
T00495,K01189,C0075,2024-02-16,6,True,,6.0,6.0,True,False,Neutraal resultaat met gelijke scores voor tevredenheid en doelrealisatie; het traject was adequaat maar niet inspirerend.
T00496,K00789,C0107,2024-02-16,8,True,,7.0,8.0,True,False,Goed traject met goede tevredenheid en sterke doelrealisatie; een positieve afsluiting met tastbare resultaten.
T00497,K00757,C0081,2024-02-17,3,False,disappeared,,,False,False,
T00498,K00925,C0103,2024-02-17,10,True,,,,False,False,
T00499,K00699,C0104,2024-02-18,14,True,,6.0,8.0,True,True,Sterk traject met goede tevredenheid en uitstekende doelrealisatie; de coachee profiteerde duidelijk van de begeleiding.
T00500,K00868,C0034,2024-02-19,4,True,,7.0,9.0,True,False,Uitstekend resultaat met hoge tevredenheid en zeer sterke doelrealisatie; een voorbeeldig afgerond traject.
T00501,K01046,C0065,2024-02-19,9,True,,6.0,7.0,True,False,Goed traject met goede tevredenheid en sterke doelrealisatie; constructieve samenwerking die concrete resultaten opleverde.
T00502,K01223,C0099,2024-02-20,7,True,,5.0,8.0,True,True,"De doelstellingen zijn goed behaald, maar de algehele tevredenheid bleef achter; mogelijk speelden verwachtingen of communicatie een rol."
T00503,K00960,C0040,2024-02-22,4,True,,5.0,6.0,True,True,"Matige tevredenheid en doelrealisatie; het traject heeft resultaat opgeleverd, maar er was meer potentieel voor verbetering."
T00504,K01098,C0114,2024-02-22,4,False,no-longer-wanted,6.0,9.0,True,False,"Ondanks sterke voortgang naar de doelen toe, heeft de coachee zelf besloten het traject voortijdig af te breken."
T00505,K00837,C0106,2024-02-23,6,True,,6.0,6.0,True,False,"Het traject is afgerond met gemiddelde resultaten; beide aspecten waren redelijk, maar konden sterker zijn geweest."
T00506,K01467,C0058,2024-02-24,8,True,,7.0,10.0,True,False,Uitstekende doelrealisatie en goede tevredenheid; een succesvol traject met duidelijke voortgang.
T00507,K01360,C0114,2024-02-24,4,False,external-coach,,,False,True,
T00508,K01241,C0045,2024-02-25,3,False,disappeared,,,False,True,
T00509,K00718,C0101,2024-02-25,12,True,,,,False,False,
T00510,K01352,C0012,2024-02-25,3,False,disappeared,4.0,7.0,True,False,"Helaas is de coachee voortijdig uit zicht verdwenen, ondanks dat er duidelijke voortgang zichtbaar was."
T00511,K01377,C0019,2024-02-25,6,True,,,,False,True,
T00512,K01221,C0108,2024-02-25,6,True,,,,False,True,
T00513,K00963,C0028,2024-02-26,11,True,,5.0,7.0,True,False,"Redelijke voortgang op de doelen, maar de tevredenheid was matig; mogelijk ontbrak afstemming op bepaalde punten."
T00514,K00992,C0068,2024-02-26,16,True,,,,False,True,
T00515,K00690,C0084,2024-02-27,4,False,no-longer-wanted,6.0,9.0,True,False,"Goed resultaat op de gestelde doelen, maar de coachee heeft zich terugetrokken voordat het traject volledig afgerond was."
T00516,K01012,C0070,2024-02-27,9,True,,8.0,7.0,True,False,Goed afgerond traject met sterke tevredenheid en solide doelrealisatie; een waardevol proces.
T00517,K00909,C0089,2024-02-27,9,True,,6.0,8.0,True,False,Positief afgerond met goede doelrealisatie en redelijke tevredenheid; een constructief traject.
T00518,K00932,C0073,2024-03-01,12,True,,,,False,True,
T00519,K01256,C0114,2024-03-01,7,True,,5.0,8.0,True,True,Goede voortgang op de doelen ondanks matige tevredenheid; mogelijk ontbrak optimale afstemming in het proces.
T00520,K00670,C0052,2024-03-02,4,True,,4.0,5.0,True,True,Dit traject heeft niet het gewenste resultaat opgeleverd; zowel tevredenheid als doelrealisatie bleven achter.
T00521,K01202,C0001,2024-03-02,7,True,,,,False,False,
T00522,K00780,C0051,2024-03-03,1,False,disappeared,,,False,False,
T00523,K00989,C0001,2024-03-03,13,True,,6.0,8.0,True,False,Goed afgerond traject met sterke doelrealisatie en voldoende tevredenheid; een constructief verloop.
T00524,K01388,C0094,2024-03-03,4,False,no-longer-wanted,,,False,False,
T00525,K00901,C0039,2024-03-03,11,True,,5.0,9.0,True,True,"Indrukwekkende doelrealisatie ondanks matige tevredenheid; de coachee heeft veel bereikt, al was het proces niet optimaal."
T00526,K01053,C0036,2024-03-05,3,True,,7.0,8.0,True,False,Fijne samenwerking met goed resultaat op beide fronten; een geslaagd traject met duidelijke winsten.
T00527,K01001,C0112,2024-03-05,9,True,,,,False,False,
T00528,K01007,C0077,2024-03-06,9,True,,,,False,True,
T00529,K01474,C0113,2024-03-06,4,True,,5.0,7.0,True,False,"Redelijke voortgang en afronding, maar zowel tevredenheid als doelrealisatie konden beter zijn geweest."
T00530,K01380,C0101,2024-03-07,8,True,,6.0,9.0,True,False,Sterk afgerond traject met uitstekende doelrealisatie en goede tevredenheid; de coachee heeft veel bereikt.
T00531,K01033,C0095,2024-03-07,10,True,,7.0,8.0,True,False,Goed traject met sterke doelrealisatie en goede tevredenheid; een constructieve samenwerking met duidelijk resultaat.
T00532,K01101,C0080,2024-03-08,5,True,,7.0,9.0,True,False,Uitstekend afgerond traject met zeer goede doelrealisatie en sterke tevredenheid; een zeer geslaagd proces.
T00533,K01232,C0090,2024-03-08,1,False,external-coach,,,False,True,
T00534,K00674,C0010,2024-03-09,3,True,,5.0,5.0,True,False,"Het traject is afgerond, maar zowel doelrealisatie als tevredenheid bleven onder verwachtingen; meer ondersteuning was mogelijk nodig geweest."
T00535,K00714,C0093,2024-03-09,4,True,,5.0,7.0,True,True,"De doelstellingen zijn grotendeels behaald, maar de tevredenheid over het traject was matig; mogelijk kunnen de aanpak of communicatie volgende keer beter aansluiten."
T00536,K01000,C0101,2024-03-10,7,True,,6.0,7.0,True,False,"Goed voortgang geboekt met de gestelde doelen, hoewel de ervaring van het traject zelf nog ruimte voor verbetering laat."
T00537,K00869,C0030,2024-03-10,2,False,disappeared,,,False,True,
T00538,K01045,C0034,2024-03-11,10,True,,6.0,8.0,True,False,Sterke doelrealisatie bereikt met een redelijk tevredenheidsscores; een solide traject met goede resultaten.
T00539,K01368,C0094,2024-03-11,3,False,no-longer-wanted,5.0,7.0,True,False,"Het traject is voortijdig beëindigd op verzoek van de coachee, ondanks dat redelijke voortgang werd geboekt met de doelstellingen."
T00540,K01237,C0088,2024-03-11,7,True,,,,False,False,
T00541,K01037,C0103,2024-03-11,7,True,,6.0,9.0,True,False,"Uitstekende doelrealisatie bereikt; de tevredenheid kan nog iets hoger, maar het traject heeft duidelijk waarde opgeleverd."
T00542,K00920,C0031,2024-03-13,3,True,,5.0,8.0,True,False,"Goed resultaat geboekt op doelrealisatie, hoewel de persoonlijke tevredenheid matig bleef; de output was beter dan de ervaring."
T00543,K00805,C0072,2024-03-13,5,True,,4.0,8.0,True,True,"Ondanks lage tevredenheid zijn de doelen substantieel behaald; mogelijk mismatch tussen verwachtingen en werkwijze, maar wel effectief."
T00544,K01054,C0082,2024-03-14,6,True,,3.0,7.0,True,True,Lage tevredenheid en matige doelrealisatie duiden op een lastig verloop; aandachtspunten voor betrokkenheid en begeleiding in volgende trajecten.
T00545,K01375,C0066,2024-03-14,6,True,,,,False,True,
T00546,K00991,C0116,2024-03-14,4,True,,5.0,9.0,True,True,"Excellente doelrealisatie bereikt, hoewel de tevredenheid wat achterbleef; sterk resultaatgericht traject ondanks reserveringen."
T00547,K01492,C0066,2024-03-15,6,True,,6.0,7.0,True,False,Solide voortgang met goed bereikte doelen en redelijke tevredenheid; een evenwichtig afgerond traject.
T00548,K01176,C0005,2024-03-18,9,True,,8.0,8.0,True,False,Zeer goed traject met sterke doelrealisatie en hoge tevredenheid; een succesvol en waardevol traject voor de coachee.
T00549,K00863,C0084,2024-03-19,10,True,,,,False,False,
T00550,K01083,C0084,2024-03-19,7,True,,6.0,6.0,True,False,"Matige tevredenheid en gelijke doelrealisatie suggereren dat het traject redelijk op schema liep, maar niet bijzonder inspirerend was."
T00551,K01358,C0039,2024-03-20,9,True,,,,False,True,
T00552,K01424,C0116,2024-03-21,9,True,,6.0,9.0,True,False,Excellent doelbereik met redelijke tevredenheid; sterke inhoudelijke voortgang ondanks dat de ervaring nog wat meer glans kon gebruiken.
T00553,K00827,C0116,2024-03-21,7,True,,6.0,8.0,True,False,Goed voortgang met sterke doelrealisatie en redelijke tevredenheid; een waardevol en effectief traject.
T00554,K01139,C0025,2024-03-23,5,True,,6.0,9.0,True,False,Uitstekende doelrealisatie bereikt met redelijke tevredenheid; zeer effectief traject met sterke concrete resultaten.
T00555,K00975,C0092,2024-03-24,7,True,,5.0,7.0,True,False,"Redelijke voortgang geboekt op doelen met matige tevredenheid; het traject was effectief, maar kon in beleving nog beter."
T00556,K01250,C0106,2024-03-24,3,False,no-longer-wanted,,,False,False,
T00557,K00938,C0039,2024-03-24,5,False,disappeared,,,False,False,
T00558,K01218,C0112,2024-03-24,5,True,,7.0,7.0,True,True,Goed evenwichtig traject met zowel goede doelrealisatie als tevredenheid; een fijne en productieve samenwerking.
T00559,K00986,C0002,2024-03-25,3,True,,6.0,8.0,True,False,Sterke doelrealisatie met redelijke tevredenheid; een effectief traject dat goed heeft bijgedragen aan de gestelde doelen.
T00560,K01234,C0120,2024-03-27,7,True,,7.0,8.0,True,False,Goed afgerond traject met sterke doelrealisatie en goede tevredenheid; een waardevol en inspirerend proces.
T00561,K01262,C0119,2024-04-01,9,True,,6.0,8.0,True,False,Sterke doelrealisatie bereikt met redelijke tevredenheid; een effectief traject met concrete resultaten.
T00562,K01361,C0073,2024-04-02,8,True,,5.0,6.0,True,False,"Het traject is afgerond, maar de tevredenheid bleef beperkt; de doelrealisatie was redelijk, hoewel meer betrokkenheid had kunnen helpen."
T00563,K00792,C0067,2024-04-03,3,False,disappeared,6.0,9.0,True,False,"Sterke voortgang op doelrealisatie, maar het contact is verloren gegaan voordat het traject kon worden afgerond."
T00564,K00658,C0048,2024-04-04,4,True,,3.0,7.0,True,True,Ondanks lage tevredenheid zijn de doelen redelijk gerealiseerd; de samenwerking was echter moeizaam.
T00565,K00959,C0036,2024-04-05,10,True,,,,False,False,
T00566,K00790,C0096,2024-04-06,5,True,,,,False,False,
T00567,K01311,C0072,2024-04-07,4,False,disappeared,9.0,9.0,True,False,"Uitstekende resultaten bereikt met sterke betrokkenheid, jammer dat het contact voortijdig verbroken is."
T00568,K01195,C0088,2024-04-07,11,True,,5.0,8.0,True,False,"Goed resultaat op doelrealisatie, hoewel de tevredenheid matig bleef; het traject is succesvol afgerond."
T00569,K01315,C0053,2024-04-07,8,True,,4.0,6.0,True,True,Traject afgerond met beperkte tevredenheid en matige doelrealisatie; verdere aandacht voor motivatie zou nuttig zijn geweest.
T00570,K01389,C0068,2024-04-09,5,True,,8.0,9.0,True,False,Zeer positief traject met hoge scores op beide dimensies en sterke betrokkenheid van de coachee.
T00571,K00701,C0035,2024-04-11,11,True,,,,False,False,
T00572,K00982,C0081,2024-04-11,11,True,,6.0,8.0,True,False,Goed afgerond traject met solide doelrealisatie en redelijke tevredenheid; een positieve samenwerking.
T00573,K00774,C0114,2024-04-12,12,True,,7.0,8.0,True,False,Traject succesvol afgerond met goed bereikt doelen en aangename samenwerking.
T00574,K01296,C0031,2024-04-13,8,True,,7.0,7.0,True,False,Evenwichtig traject met gelijke tevredenheid en doelrealisatie; de coachee is tevreden afgerond.
T00575,K01344,C0090,2024-04-14,8,True,,4.0,5.0,True,False,Traject afgerond met lage scores op beide aspecten; meer structuur en motivatie waren nodig geweest.
T00576,K00957,C0094,2024-04-14,4,True,,3.0,8.0,True,False,Discrepantie tussen lage tevredenheid en goede doelrealisatie; ondanks kritische houding zijn concrete resultaten behaald.
T00577,K00784,C0025,2024-04-14,8,True,,,,False,False,
T00578,K01383,C0030,2024-04-15,12,True,,,,False,True,
T00579,K00752,C0091,2024-04-16,3,False,no-longer-wanted,,,False,False,
T00580,K00696,C0095,2024-04-16,1,False,no-longer-wanted,4.0,6.0,True,True,De coachee heeft het traject voortijdig beëindigd; ondanks redelijke voortgang op doelen was de motivatie onvoldoende.
T00581,K01074,C0102,2024-04-16,3,False,no-longer-wanted,5.0,8.0,True,True,"Traject gestopt op verzoek van de coachee; doelrealisatie verliep goed, maar tevredenheid was niet hoog genoeg."
T00582,K00806,C0049,2024-04-19,9,True,,6.0,8.0,True,False,Solide afgerond traject met goede doelrealisatie en redelijke tevredenheid.
T00583,K00856,C0072,2024-04-19,9,True,,6.0,8.0,True,False,Traject succesvol afgerond met consistent goede resultaten op doelrealisatie.
T00584,K01152,C0075,2024-04-19,5,True,,5.0,6.0,True,True,Traject afgerond met matige scores; doelen waren slechts deels gerealiseerd en tevredenheid kon hoger.
T00585,K00776,C0052,2024-04-21,4,False,disappeared,7.0,7.0,True,True,"Goed verloop met solide doelrealisatie, maar contact verbroken voordat afrondingsfase kon plaatsvinden."
T00586,K00793,C0002,2024-04-22,8,True,,6.0,8.0,True,True,Positief traject met goed bereikt doelen en aanvaardbare tevredenheid; succesvolle afrondingen.
T00587,K01044,C0009,2024-04-24,5,False,no-longer-wanted,,,False,False,
T00588,K01295,C0116,2024-04-24,4,True,,6.0,8.0,True,False,Traject goed afgerond met solide doelrealisatie en redelijke tevredenheid van de coachee.
T00589,K01272,C0006,2024-04-24,1,False,disappeared,5.0,8.0,True,False,"Jammer dat het contact is verbroken; doelen waren duidelijk in zicht met een realisatiescore van 8, maar de tevredenheid bleef beperkt op 5."
T00590,K00829,C0017,2024-04-24,5,True,,4.0,7.0,True,True,"Het traject is afgerond met redelijke doelrealisatie (7), maar de lage tevredenheid (4) duidt op mogelijke onvoldoende afstemming."
T00591,K01027,C0013,2024-04-25,8,True,,7.0,7.0,True,False,Goed afgerond traject met evenwichtige resultaten op beide vlakken; coachee heeft solide voortgang geboekt.
T00592,K01114,C0119,2024-04-25,8,True,,,,False,False,
T00593,K01359,C0031,2024-04-26,12,True,,6.0,9.0,True,False,Sterk resultaat met excellente doelrealisatie (9) ondanks matige tevredenheid (6); de inhoudelijke voortgang overstijgt de waardering.
T00594,K00985,C0048,2024-04-26,1,False,disappeared,7.0,9.0,True,False,"Jammer dat het traject voortijdig is beëindigd, gezien de sterke doelrealisatie (9) en goeie tevredenheid (7)."
T00595,K00984,C0040,2024-04-26,8,True,,,,False,True,
T00596,K00684,C0099,2024-04-27,7,True,,8.0,8.0,True,False,Uitstekend traject met hoge scores op beide dimensies (8/8); coachee vertoont sterke betrokkenheid en duidelijke groei.
T00597,K00713,C0063,2024-05-01,10,True,,6.0,9.0,True,False,Prima afronding met sterke doelrealisatie (9) en voldoende tevredenheid (6); coachee heeft goed gebruik gemaakt van de begeleiding.
T00598,K01118,C0116,2024-05-01,10,True,,6.0,9.0,True,False,Sterk traject met uitstekende doelrealisatie (9); ondanks gemiddelde tevredenheid (6) zijn de inhoudelijke resultaten indrukwekkend.
T00599,K01032,C0114,2024-05-01,10,True,,5.0,8.0,True,True,Afgerond met sterke doelrealisatie (8) hoewel de tevredenheid matig was (5); inhoudelijke winst weegt op tegen subjectieve waardering.
T00600,K01405,C0058,2024-05-01,6,True,,,,False,False,
T00601,K00662,C0006,2024-05-02,4,True,,2.0,1.0,True,False,Dit traject is niet succesvol geweest met minimale doelrealisatie (1) en zeer lage tevredenheid (2); herijking van aanpak is nodig.
T00602,K01159,C0008,2024-05-03,8,True,,6.0,7.0,True,False,"Matig tot redelijk afgerond traject met gelijkmatige, maar niet indrukwekkende scores (6/7) op beide gebieden."
T00603,K00935,C0083,2024-05-03,3,False,disappeared,,,False,True,
T00604,K01392,C0072,2024-05-04,3,True,,5.0,9.0,True,False,Interessant profiel met sterke doelrealisatie (9) maar lage tevredenheid (5); mogelijk hebben verwachtingen niet aansloten bij werkelijkheid.
T00605,K01018,C0113,2024-05-04,9,True,,5.0,8.0,True,False,Afgerond met goede doelrealisatie (8) ondanks lage tevredenheid (5); de objectieve voortgang is duidelijker dan het gevoel van slagingskans.
T00606,K01023,C0045,2024-05-05,9,True,,5.0,8.0,True,False,Solide afgerond traject met sterke doelrealisatie (8) maar matige tevredenheid (5); inhoudelijk heeft de coachee goed geprofiteerd.
T00607,K01371,C0019,2024-05-06,5,True,,6.0,5.0,True,False,Gemengd beeld met matige doelrealisatie (5) en iets betere tevredenheid (6); het traject had meer structuur kunnen gebruiken.
T00608,K00733,C0094,2024-05-06,5,True,,,,False,False,
T00609,K00908,C0110,2024-05-07,10,True,,,,False,True,
T00610,K01353,C0009,2024-05-08,6,True,,,,False,True,
T00611,K00659,C0119,2024-05-08,7,True,,6.0,7.0,True,False,"Redelijk afgerond traject met gelijkmatige resultaten (6/7); voldoende voortgang bereikt, maar zonder uitschieters."
T00612,K01270,C0024,2024-05-09,11,True,,7.0,6.0,True,False,Goed afgerond met goede tevredenheid (7) hoewel doelrealisatie iets lager uitviel (6); coachee voelde zich goed ondersteund.
T00613,K01426,C0043,2024-05-09,2,False,disappeared,7.0,7.0,True,False,Jammer dat het contact verloren is gegaan ondanks evenwichtige voortgang (7/7); met voortzetting waren waarschijnlijk betere resultaten bereikt.
T00614,K00864,C0073,2024-05-10,4,False,disappeared,6.0,8.0,True,True,Voortijdige uitval is jammer gezien de positieve voortgang op beide fronten (6/8); continuïteit was essentieel geweest.
T00615,K00743,C0114,2024-05-10,2,False,disappeared,,,False,False,
T00616,K00875,C0013,2024-05-11,13,True,,8.0,9.0,True,False,Excellent traject met sterke resultaten op beide vlakken (8/9); coachee is zeer tevreden en heeft zeer solide doelen gerealiseerd.
T00617,K01038,C0085,2024-05-11,4,True,,4.0,7.0,True,True,"De doelstellingen zijn goed gerealiseerd, maar de tevredenheid blijft achter bij de verwachtingen. Mogelijk kunnen volgende trajecten beter aansluiten op persoonlijke behoeften."
T00618,K00978,C0039,2024-05-11,4,False,disappeared,,,False,True,
T00619,K01266,C0119,2024-05-11,6,True,,8.0,9.0,True,False,Uitstekend traject met sterke doelrealisatie en hoge tevredenheid; de coachee heeft duidelijk veel uit het proces gehaald.
T00620,K01005,C0025,2024-05-11,7,True,,,,False,False,
T00621,K01168,C0071,2024-05-12,4,False,external-coach,,,False,False,
T00622,K00707,C0031,2024-05-12,8,True,,,,False,True,
T00623,K01048,C0094,2024-05-12,8,True,,5.0,10.0,True,False,"De doelstellingen zijn volledig behaald, hoewel de tevredenheid gemiddeld is; dit suggereert dat het proces wellicht anders had kunnen verlopen."
T00624,K01208,C0113,2024-05-12,7,True,,4.0,7.0,True,False,Matige tevredenheid met redelijke doelrealisatie; het traject had effectiever kunnen zijn met meer afstemming op verwachtingen.
T00625,K00681,C0111,2024-05-12,8,True,,2.0,5.0,True,False,Onvoldoende resultaten op beide vlakken; dit traject heeft niet opgeleverd wat nodig was voor echte vooruitgang.
T00626,K01105,C0017,2024-05-13,9,True,,5.0,8.0,True,False,"Goede doelrealisatie ondanks gemiddelde tevredenheid; de coachee heeft vooruitgang geboekt, al was de ervaring niet optimaal."
T00627,K01504,C0103,2024-05-14,8,True,,,,False,True,
T00628,K01155,C0002,2024-05-14,8,True,,,,False,False,
T00629,K00709,C0006,2024-05-14,12,True,,6.0,9.0,True,False,Sterke doelrealisatie met voldoende tevredenheid; het traject heeft goed gewerkt ondanks enkele verbeterpunten.
T00630,K01462,C0025,2024-05-15,14,True,,,,False,False,
T00631,K00843,C0107,2024-05-15,8,True,,7.0,7.0,True,False,Degelijk traject met gelijke balans tussen doelrealisatie en tevredenheid; solide resultaten bereikt.
T00632,K01309,C0072,2024-05-16,5,False,disappeared,,,False,False,
T00633,K00766,C0016,2024-05-17,5,True,,5.0,6.0,True,True,"Gemiddelde resultaten op beide vlakken; het traject heeft enige waarde gehad, maar kon meer impact hebben gehad."
T00634,K00880,C0050,2024-05-18,6,True,,4.0,10.0,True,True,"Alle doelstellingen volledig behaald, hoewel de tevredenheid laag bleef; dit wijst op discrepantie tussen resultaat en beleving."
T00635,K01463,C0080,2024-05-18,8,True,,3.0,4.0,True,False,Tegenvallend traject met lage scores op beide dimensies; meer investering in engagement en doelstelling-scherping nodig.
T00636,K01151,C0042,2024-05-18,7,True,,8.0,7.0,True,False,Hoge tevredenheid met goed gerealiseerde doelen; een geslaagd traject dat de coachee veel waardering heeft opgeleverd.
T00637,K01106,C0006,2024-05-20,9,True,,5.0,7.0,True,False,"Gemiddelde tevredenheid met redelijke doelrealisatie; het traject heeft voortgang opgeleverd, zij het niet spectaculair."
T00638,K01126,C0116,2024-05-22,5,True,,,,False,True,
T00639,K00661,C0045,2024-05-22,3,False,disappeared,,,False,True,
T00640,K01451,C0039,2024-05-23,4,False,no-longer-wanted,,,False,True,
T00641,K00823,C0060,2024-05-24,13,True,,,,False,False,
T00642,K00740,C0097,2024-05-24,3,False,disappeared,5.0,8.0,True,False,"Het traject is voortijdig beëindigd nadat de coachee verdween; jammer, want er was potentieel voor verdere groei aanwezig."
T00643,K01502,C0096,2024-05-26,7,True,,,,False,False,
T00644,K00860,C0058,2024-05-26,5,True,,,,False,False,
T00645,K01228,C0050,2024-06-01,4,False,disappeared,,,False,True,
T00646,K01415,C0067,2024-06-02,5,True,,5.0,8.0,True,False,Goede doelrealisatie met gemiddelde tevredenheid; een werkzaam traject dat de coachee in staat stelde vooruit te gaan.
T00647,K00783,C0117,2024-06-03,10,True,,7.0,8.0,True,False,Geslaagd traject met goede tevredenheid en sterke doelrealisatie; de coachee heeft duidelijk profijt gehad.
T00648,K01169,C0088,2024-06-03,5,True,,4.0,5.0,True,True,Matige resultaten op beide vlakken; het traject had meer structuur en focus kunnen gebruiken voor betere uitkomsten.
T00649,K01172,C0107,2024-06-03,8,True,,8.0,9.0,True,False,Uitstekend afgerond traject met hoge tevredenheid en doelrealisatie; een zeer succesvol samenwerkingsproces.
T00650,K01471,C0050,2024-06-03,4,False,no-longer-wanted,,,False,False,
T00651,K01216,C0084,2024-06-06,14,True,,6.0,8.0,True,False,Positief traject met goed gerealiseerde doelen en redelijke tevredenheid; solide voortgang geboekt.
T00652,K00803,C0012,2024-06-08,7,True,,3.0,7.0,True,True,"Doelen goed gerealiseerd ondanks lage tevredenheid; de coachee bereikt resultaten, maar ervaart het proces als moeizaam."
T00653,K00797,C0065,2024-06-08,8,True,,6.0,8.0,True,False,"De doelen zijn goed gerealiseerd, maar de tevredenheid had hoger kunnen liggen. Het traject is succesvol afgerond ondanks gemengde ervaringen."
T00654,K00964,C0089,2024-06-09,12,True,,6.0,8.0,True,True,"De doelen zijn goed gerealiseerd, maar de tevredenheid had hoger kunnen liggen. Het traject is succesvol afgerond ondanks gemengde ervaringen."
T00655,K00804,C0077,2024-06-09,2,False,disappeared,,,False,False,
T00656,K00734,C0084,2024-06-09,7,True,,6.0,8.0,True,False,"De doelen zijn goed gerealiseerd, maar de tevredenheid had hoger kunnen liggen. Het traject is succesvol afgerond ondanks gemengde ervaringen."
T00657,K01477,C0108,2024-06-09,10,True,,5.0,9.0,True,True,"Uitstekende doelrealisatie, hoewel de tevredenheid kon verbeteren. Dit toont aan dat resultaten behaald zijn ondanks voorzichtige verwachtingen."
T00658,K00870,C0066,2024-06-11,5,True,,,,False,False,
T00659,K01192,C0088,2024-06-11,4,True,,6.0,6.0,True,False,Matige tevredenheid en doelrealisatie; het traject is afgerond maar bood niet het gewenste resultaat. Verdere aandacht voor aansluitendheid zou helpen.
T00660,K01111,C0096,2024-06-12,7,True,,5.0,4.0,True,False,"Zowel tevredenheid als doelrealisatie bleven achter. Het traject is afgerond, maar heeft niet opgeleverd wat ervan werd verwacht."
T00661,K01387,C0094,2024-06-13,10,True,,,,False,False,
T00662,K00664,C0006,2024-06-14,6,True,,,,False,True,
T00663,K01255,C0103,2024-06-14,11,True,,4.0,7.0,True,False,Redelijke doelrealisatie ondanks lage tevredenheid; het traject is afgerond maar de beleving was minder positief dan gewenst.
T00664,K01199,C0111,2024-06-17,11,True,,,,False,False,
T00665,K01301,C0060,2024-06-17,12,True,,5.0,7.0,True,False,"Adequate doelrealisatie met matige tevredenheid; het traject is afgerond met nuttige voortgang, al had de samenwerking beter kunnen aansluiten."
T00666,K00710,C0053,2024-06-18,5,True,,3.0,9.0,True,False,Opmerkelijk hoge doelrealisatie ondanks zeer lage tevredenheid; mogelijk waren verwachtingen niet goed afgestemd op het proces.
T00667,K00973,C0080,2024-06-19,11,True,,5.0,7.0,True,False,"Adequate doelrealisatie met matige tevredenheid; het traject is afgerond met nuttige voortgang, al had de samenwerking beter kunnen aansluiten."
T00668,K01116,C0090,2024-06-21,7,True,,,,False,False,
T00669,K01021,C0095,2024-06-21,9,True,,,,False,False,
T00670,K01058,C0082,2024-06-21,10,True,,,,False,False,
T00671,K01086,C0068,2024-06-21,6,True,,5.0,6.0,True,False,Bescheiden resultaten op beide fronten; het traject is afgerond maar bood beperkte meerwaarde. Meer sturing zou voordelig zijn geweest.
T00672,K01445,C0070,2024-06-23,11,True,,7.0,6.0,True,False,"Goed tevreden met matige doelrealisatie; het traject is afgerond, maar de concrete resultaten bleven iets achter bij de positieve beleving."
T00673,K01484,C0051,2024-06-23,6,True,,,,False,False,
T00674,K01413,C0103,2024-06-24,6,True,,5.0,9.0,True,False,Uitstekende doelrealisatie ondanks matige tevredenheid; het traject is succesvol afgerond met sterke concrete resultaten.
T00675,K01321,C0033,2024-06-25,7,True,,4.0,8.0,True,True,"Goede doelrealisatie ondanks lage tevredenheid; het traject is afgerond met solide voortgang, al kon de begeleiding beter aansluiten."
T00676,K00663,C0048,2024-06-25,2,False,external-coach,5.0,7.0,True,False,"Het traject is voortijdig beëindigd door overstap naar externe coach. Doelrealisatie was in gang, maar samenwerking is niet afgerond."
T00677,K01434,C0068,2024-06-26,5,False,disappeared,5.0,7.0,True,False,Het traject is onverwacht beëindigd omdat de coachee niet meer bereikbaar was. Helaas konden beoogde doelen niet worden afgerond.
T00678,K00665,C0071,2024-07-01,8,True,,5.0,6.0,True,False,Bescheiden resultaten op beide fronten; het traject is afgerond maar bood beperkte meerwaarde. Meer sturing zou voordelig zijn geweest.
T00679,K01478,C0043,2024-07-03,5,True,,6.0,9.0,True,False,Zeer goede doelrealisatie met solide tevredenheid; het traject is succesvol afgerond met sterke resultaten en positieve ervaring.
T00680,K01072,C0119,2024-07-03,9,True,,4.0,8.0,True,False,"Goede doelrealisatie ondanks lage tevredenheid; het traject is afgerond met solide voortgang, al kon de begeleiding beter aansluiten."
T00681,K00867,C0111,2024-07-04,9,True,,6.0,10.0,True,False,Uitstekend traject met volledige doelrealisatie en goedevaringen. Dit is een succesvolle afsluiting met sterke resultaten.
T00682,K01401,C0006,2024-07-05,6,False,disappeared,4.0,6.0,True,False,"Jammer dat het traject voortijdig is beëindigd; hoewel er enige voortgang werd geboekt, bleef de tevredenheid achter bij de verwachtingen."
T00683,K01409,C0059,2024-07-06,4,False,disappeared,4.0,7.0,True,True,Ondanks redelijke doelrealisatie is het contact verloren gegaan en bleef de tevredenheid met het traject gering.
T00684,K01407,C0025,2024-07-06,9,True,,5.0,8.0,True,False,"Het traject is afgerond met goede doelrealisatie; de tevredenheid was matig, wat suggereert dat de aanpak nog meer op maat had kunnen zijn."
T00685,K01073,C0019,2024-07-08,10,True,,8.0,7.0,True,False,Uitstekend traject met hoge tevredenheid en goede doelrealisatie; een waardevolle ervaring voor de coachee.
T00686,K00669,C0042,2024-07-09,4,False,disappeared,6.0,8.0,True,False,"Het traject is voortijdig gestopt, maar er was wel duidelijke voortgang geboekt naar de gestelde doelen."
T00687,K01342,C0050,2024-07-12,11,True,,6.0,7.0,True,False,Goed afgerond traject met solide doelrealisatie en redelijke tevredenheid.
T00688,K00802,C0007,2024-07-12,9,True,,5.0,7.0,True,False,"Het traject is afgerond met acceptabele doelrealisatie, hoewel de tevredenheid gemiddeld was."
T00689,K01341,C0093,2024-07-12,3,False,no-longer-wanted,,,False,True,
T00690,K00914,C0103,2024-07-13,8,True,,6.0,8.0,True,False,Succesvol afgerond traject met sterke doelrealisatie en redelijke tevredenheid.
T00691,K01429,C0052,2024-07-13,4,False,external-coach,6.0,7.0,True,False,"Het traject is onderbroken door overstap naar externe coaching, maar liet wel progressie zien."
T00692,K00672,C0001,2024-07-13,10,True,,6.0,6.0,True,False,"Afgerond traject met gemiddelde resultaten; de doelen zijn bereikt, maar de tevredenheid bleef matig."
T00693,K01025,C0088,2024-07-13,13,True,,7.0,7.0,True,False,Goed afgerond traject met consistente tevredenheid en goede doelrealisatie.
T00694,K01448,C0034,2024-07-14,9,True,,,,False,True,
T00695,K00834,C0088,2024-07-15,7,True,,3.0,8.0,True,False,"Opvallend contrast: sterke doelrealisatie, maar lage tevredenheid suggereert dat het proces voor de coachee lastig was."
T00696,K00786,C0001,2024-07-15,6,True,,5.0,6.0,True,True,Het traject is afgerond met bescheiden resultaten op beide vlakken; mogelijkheden voor verbetering waren aanwezig.
T00697,K00746,C0058,2024-07-15,8,True,,7.0,8.0,True,False,Uitstekend afgerond traject met hoge tevredenheid en sterke doelrealisatie.
T00698,K01489,C0047,2024-07-18,3,False,external-coach,3.0,2.0,True,False,Dit traject is voortijdig beëindigd met minimale voortgang en lage tevredenheid; een moeilijk verlopend proces.
T00699,K01457,C0036,2024-07-19,2,False,external-coach,7.0,6.0,True,True,Het traject is onderbroken voor externe coaching; ondanks redelijke tevredenheid waren de doelen nog niet volledig bereikt.
T00700,K01453,C0107,2024-07-20,6,True,,5.0,8.0,True,True,"Afgerond met sterke doelrealisatie, ondanks matige tevredenheid; de coachee heeft duidelijk stappen vooruitgezet."
T00701,K00772,C0085,2024-07-21,8,True,,5.0,8.0,True,True,"Goed afgerond traject met sterke doelrealisatie, hoewel de tevredenheid gemiddeld bleef."
T00702,K00762,C0082,2024-07-22,9,True,,5.0,7.0,True,False,Afgerond traject met redelijke doelrealisatie en gemiddelde tevredenheid.
T00703,K00951,C0039,2024-07-22,13,True,,7.0,8.0,True,False,Zeer succesvol afgerond traject met hoge tevredenheid en uitstekende doelrealisatie.
T00704,K01425,C0008,2024-07-22,13,True,,6.0,9.0,True,False,"Uitstekende doelrealisatie bereikt ondanks matige tevredenheid; de coachee heeft de gestelde doelen solide gerealiseerd, al was het traject niet geheel naar wens."
T00705,K01264,C0067,2024-07-23,3,False,external-coach,,,False,False,
T00706,K01146,C0038,2024-07-23,2,False,disappeared,3.0,5.0,True,True,Traject voortijdig afgebroken; lage tevredenheid en beperkte doelrealisatie duiden op onvoldoende aansluiting of betrokkenheid.
T00707,K00838,C0040,2024-07-24,6,True,,,,False,True,
T00708,K00788,C0073,2024-07-26,16,True,,5.0,9.0,True,False,"Sterke doelrealisatie bereikt, hoewel de ervaring van het traject zelf tegenviel; de coachee heeft de doelen goed weten te behalen."
T00709,K01348,C0114,2024-08-01,3,False,no-longer-wanted,6.0,7.0,True,True,"Coachee heeft het traject voortijdig beëindigd, ondanks redelijke voortgang; de motivatie lijkt afgenomen."
T00710,K01200,C0072,2024-08-02,14,True,,7.0,8.0,True,False,Goed afgerond traject met positieve doelrealisatie en tevredenheid; coachee toont goede voortgang en betrokkenheid.
T00711,K01217,C0094,2024-08-02,3,False,disappeared,6.0,9.0,True,False,Ondanks uitstekende doelrealisatie is het contact verbroken; jammer dat het traject niet kon worden afgerond.
T00712,K01103,C0002,2024-08-02,3,False,no-longer-wanted,,,False,False,
T00713,K01268,C0103,2024-08-04,8,True,,4.0,8.0,True,True,"Doelen goed gerealiseerd, maar de tevredenheid bleef achter; mogelijk verschil tussen verwachtingen en ervaring."
T00714,K00750,C0094,2024-08-04,5,True,,5.0,8.0,True,False,Solide doelrealisatie bereikt met matige tevredenheid; traject is succesvol afgerond hoewel de beleving gemengd was.
T00715,K01252,C0025,2024-08-05,2,False,disappeared,,,False,False,
T00716,K01175,C0103,2024-08-05,8,True,,6.0,8.0,True,False,Bevredigend afgerond traject met goede doelrealisatie en redelijke tevredenheid.
T00717,K01211,C0007,2024-08-06,4,True,,6.0,8.0,True,False,Traject succesvol afgerond met goede doelrealisatie en tevredenheid; coachee heeft goed voortgang geboekt.
T00718,K00944,C0045,2024-08-07,11,True,,,,False,False,
T00719,K00830,C0116,2024-08-08,8,True,,4.0,6.0,True,True,Matige tevredenheid en doelrealisatie; traject is afgerond maar laat zien dat de aansluiting beter kon.
T00720,K01437,C0002,2024-08-09,3,False,disappeared,6.0,8.0,True,False,Traject voortijdig afgebroken ondanks redelijke voortgang; contact verloren met de coachee.
T00721,K01449,C0108,2024-08-09,6,True,,,,False,True,
T00722,K01003,C0077,2024-08-10,8,True,,7.0,9.0,True,False,Uitstekend afgerond traject met hoge tevredenheid en doelrealisatie; coachee zeer tevreden met de bereikte resultaten.
T00723,K01396,C0080,2024-08-10,2,True,,,,False,False,
T00724,K00817,C0116,2024-08-11,3,True,,6.0,8.0,True,False,Succesvol traject met goede doelrealisatie en redelijke tevredenheid; coachee heeft zich goed kunnen ontwikkelen.
T00725,K00832,C0031,2024-08-13,5,True,,,,False,False,
T00726,K01079,C0099,2024-08-14,4,False,no-longer-wanted,,,False,True,
T00727,K01332,C0009,2024-08-16,6,True,,,,False,False,
T00728,K01494,C0083,2024-08-16,8,True,,,,False,True,
T00729,K00930,C0103,2024-08-17,11,True,,,,False,True,
T00730,K01096,C0094,2024-08-18,7,True,,3.0,8.0,True,False,"Doelen goed bereikt, maar tevredenheid bleef laag; mogelijk disconnect tussen resultaat en verwachting of proces."
T00731,K00851,C0112,2024-08-19,6,True,,5.0,7.0,True,False,Redelijk traject met matige tevredenheid en doelrealisatie; coachee heeft enige voortgang geboekt.
T00732,K00795,C0006,2024-08-20,6,True,,7.0,8.0,True,False,Goed afgerond traject met goede doelrealisatie en tevredenheid; coachee tevreden met de bereikte resultaten.
T00733,K00711,C0101,2024-08-20,4,True,,4.0,5.0,True,True,Traject afgerond met beperkte doelrealisatie en lage tevredenheid; aansluiting en betrokkenheid waren onvoldoende.
T00734,K00808,C0114,2024-08-21,6,True,,,,False,False,
T00735,K01260,C0117,2024-08-21,6,True,,6.0,8.0,True,False,Succesvol afgerond traject met goede doelrealisatie en redelijke tevredenheid.
T00736,K00866,C0084,2024-08-23,8,True,,4.0,7.0,True,False,Doelen redelijk bereikt ondanks lage tevredenheid; traject is afgerond maar beleving was suboptimaal.
T00737,K01440,C0088,2024-08-26,12,True,,6.0,9.0,True,False,"De doelstellingen zijn uitstekend behaald, hoewel de tevredenheid met het proces matig was. Een solide resultaat ondanks enkele verbeterpunten in begeleiding."
T00738,K00739,C0108,2024-09-01,7,True,,5.0,8.0,True,False,"Goed resultaat met sterke doelrealisatie, maar de overall ervaring had meer aandacht kunnen krijgen. Het traject had meer sturing kunnen gebruiken."
T00739,K01418,C0005,2024-09-01,7,True,,7.0,10.0,True,False,Excellent traject met volledige doelrealisatie en goede tevredenheid. De coachee heeft zich goed kunnen ontwikkelen.
T00740,K01078,C0063,2024-09-01,5,True,,6.0,7.0,True,False,Redelijk resultaat met matige tevredenheid en doelrealisatie; het traject had meer focus kunnen hebben op specifieke verbeterpunten.
T00741,K01303,C0092,2024-09-02,6,True,,5.0,9.0,True,False,Sterke doelrealisatie bereikt ondanks matige tevredenheid over het traject. De coachee had meer waardering voor de aanpak kunnen hebben.
T00742,K00970,C0012,2024-09-02,11,True,,6.0,7.0,True,False,Matig resultaat met beperkte tevredenheid en doelrealisatie; aandacht voor beter afstemming zou het traject hebben versterkt.
T00743,K01354,C0074,2024-09-02,11,True,,6.0,8.0,True,False,Goed traject met sterke doelrealisatie en redelijke tevredenheid. De coachee heeft vooruitgang geboekt op belangrijke punten.
T00744,K01276,C0074,2024-09-02,5,True,,,,False,False,
T00745,K01403,C0034,2024-09-02,3,False,no-longer-wanted,4.0,7.0,True,False,Het traject is voortijdig beëindigd op verzoek van de coachee. Ondanks gemaakte vorderingen was de aansluiting onvoldoende.
T00746,K01461,C0106,2024-09-02,10,True,,,,False,False,
T00747,K01438,C0103,2024-09-03,6,False,other,,,False,True,
T00748,K01373,C0015,2024-09-03,12,True,,3.0,8.0,True,False,"Doelrealisatie was goed, maar zeer lage tevredenheid duidt op ernstige misvattingen of onvrede over de begeleiding. Dit vraagt reflectie."
T00749,K01099,C0120,2024-09-03,12,True,,,,False,False,
T00750,K01178,C0019,2024-09-04,2,False,disappeared,4.0,8.0,True,False,"Het traject is voortijdig afgebroken; de coachee is niet meer bereikbaar. Hoewel doelrealisatie aanwezig was, kon het traject niet worden afgerond."
T00751,K01404,C0054,2024-09-04,8,True,,,,False,True,
T00752,K00884,C0072,2024-09-04,10,True,,6.0,10.0,True,False,Uitstekend afgerond traject met volledige doelrealisatie en goede tevredenheid. De coachee heeft optimaal van het traject geprofiteerd.
T00753,K01400,C0114,2024-09-04,8,True,,4.0,9.0,True,True,"Sterke doelrealisatie gerealiseerd ondanks lage tevredenheid; dit suggereert dat resultaten bereikt zijn, maar de weg erheen was lastig."
T00754,K01476,C0094,2024-09-05,5,True,,,,False,False,
T00755,K00833,C0102,2024-09-06,13,True,,6.0,10.0,True,False,Excellent traject met volledige doelrealisatie en goedetevredenheid. De coachee heeft zich uitstekend kunnen ontwikkelen.
T00756,K01061,C0050,2024-09-07,11,True,,6.0,9.0,True,False,Sterk afgerond traject met zeer goede doelrealisatie en solide tevredenheid. De coachee is goed ondersteund naar zijn doelen.
T00757,K01181,C0085,2024-09-08,9,True,,4.0,9.0,True,False,Uitstekende doelrealisatie bereikt ondanks lage tevredenheid over het proces. Het traject was effectief maar kon meer op maat zijn.
T00758,K01253,C0071,2024-09-08,6,True,,,,False,True,
T00759,K01070,C0017,2024-09-08,7,True,,,,False,True,
T00760,K00671,C0058,2024-09-08,11,True,,7.0,9.0,True,False,Goed afgerond traject met sterke doelrealisatie en goede tevredenheid. De coachee heeft het traject als waardevol ervaren.
T00761,K00703,C0066,2024-09-09,6,True,,5.0,6.0,True,True,Matig resultaat met beperkte doelrealisatie en lage tevredenheid; het traject had meer duidelijkheid en structuur nodig gehad.
T00762,K01327,C0048,2024-09-09,12,True,,6.0,8.0,True,False,Goed traject met sterke doelrealisatie en redelijke tevredenheid. De coachee heeft vooruitgang geboekt op belangrijke gebieden.
T00763,K00924,C0050,2024-09-09,6,True,,3.0,8.0,True,True,Zeer lage tevredenheid ondanks redelijke doelrealisatie; dit duidt op problemen in de samenwerking of communicatie die aandacht vereisen.
T00764,K00781,C0116,2024-09-10,10,True,,8.0,10.0,True,False,Uitmuntend traject met volledige doelrealisatie en hoge tevredenheid. Een voorbeeldige samenwerking met excellente resultaten.
T00765,K00702,C0081,2024-09-11,6,True,,4.0,7.0,True,False,"De doelstellingen zijn goed gerealiseerd, maar de tevredenheid bleef beperkt; mogelijk kunnen volgende trajecten beter aansluiten bij jouw verwachtingen."
T00766,K00824,C0097,2024-09-11,7,True,,,,False,True,
T00767,K01207,C0022,2024-09-11,2,False,other,5.0,7.0,True,False,"Hoewel de doelen grotendeels zijn behaald, is het traject voortijdig beëindigd; een vervolgafspraak kan helpen om het momentum vast te houden."
T00768,K01214,C0090,2024-09-12,11,True,,7.0,7.0,True,False,Goed traject afgerond met solide doelrealisatie en tevredenheid; je bent goed voorbereid op de volgende stap.
T00769,K00917,C0074,2024-09-12,4,False,no-longer-wanted,3.0,8.0,True,True,Ondanks sterke doelrealisatie heb je het traject voortijdig beëindigd; jammer dat je prioriteiten zijn verschoven.
T00770,K01450,C0084,2024-09-12,8,True,,4.0,8.0,True,True,"Je doelen zijn uitstekend bereikt, maar je tevredenheid over het proces was matig; dit geeft aanleiding voor reflectie op de aanpak."
T00771,K01428,C0101,2024-09-12,8,True,,6.0,9.0,True,False,Zeer succesvol traject met uitstekende doelrealisatie en goede tevredenheid; je hebt veel bereikt en bent goed vooruitgegaan.
T00772,K00936,C0096,2024-09-13,2,True,,,,False,False,
T00773,K01057,C0009,2024-09-13,6,True,,,,False,True,
T00774,K01239,C0084,2024-09-13,7,True,,5.0,7.0,True,True,"Het traject is afgerond met redelijke doelrealisatie, hoewel je tevredenheid nog groeimogelijkheden laat zien."
T00775,K00655,C0006,2024-09-14,9,True,,8.0,7.0,True,False,Positief traject met goede doelrealisatie en hoge tevredenheid; je hebt optimaal van het proces kunnen profiteren.
T00776,K00731,C0039,2024-09-14,7,True,,4.0,8.0,True,True,"Je doelen zijn sterk gerealiseerd, maar je tevredenheid was bescheiden; de inhoud was effectief, ook al voelde het niet volledig af."
T00777,K00749,C0041,2024-09-14,7,True,,4.0,8.0,True,False,"Solide doelrealisatie bereikt, maar je tevredenheid was aan de lage kant; je bent wel een stap verder gekomen."
T00778,K01312,C0114,2024-09-15,7,True,,6.0,8.0,True,False,Goed traject met sterke doelrealisatie en redelijke tevredenheid; je hebt aanzienlijke vooruitgang geboekt.
T00779,K01314,C0035,2024-09-15,5,True,,5.0,8.0,True,True,Traject succesvol afgerond met goede doelrealisatie ondanks gemiddelde tevredenheid; de resultaten spreken voor zich.
T00780,K01095,C0009,2024-09-16,2,False,other,,,False,True,
T00781,K00677,C0116,2024-09-16,8,True,,,,False,False,
T00782,K00879,C0106,2024-09-16,8,True,,7.0,8.0,True,False,Sterk traject met goede doelrealisatie en tevredenheid; je bent goed vooruitgegaan en goed voorbereid op het vervolgtraject.
T00783,K01131,C0031,2024-09-16,2,False,disappeared,,,False,False,
T00784,K00697,C0054,2024-09-17,3,True,,5.0,7.0,True,False,"Het traject is afgerond met redelijke resultaten; de doelrealisatie was goed, hoewel je tevredenheid iets hoger had kunnen zijn."
T00785,K01379,C0090,2024-09-18,4,True,,5.0,8.0,True,False,Goed traject met sterke doelrealisatie en gemiddelde tevredenheid; je hebt significant vooruitgang geboekt.
T00786,K01197,C0030,2024-09-19,5,True,,4.0,6.0,True,True,De doelen zijn deels gerealiseerd en je tevredenheid was laag; het traject had beter kunnen aansluiten op jouw behoeften.
T00787,K01420,C0077,2024-09-19,7,True,,6.0,10.0,True,False,Uitstekend resultaat met volledige doelrealisatie; je bent zeer ver gekomen en goed voorbereid voor de toekomst.
T00788,K01274,C0045,2024-09-19,2,True,,7.0,8.0,True,False,Sterk traject met goede doelrealisatie en tevredenheid; je hebt betekenisvol voortgang geboekt.
T00789,K00770,C0072,2024-09-19,5,True,,5.0,8.0,True,True,Succesvol traject met goede doelrealisatie ondanks gemiddelde tevredenheid; je bent goed vooruitgegaan.
T00790,K00767,C0015,2024-09-19,11,True,,5.0,7.0,True,True,Het traject is afgerond met redelijke doelrealisatie; je bent voortgekomen hoewel je tevredenheid nog groeimogelijkheden laat zien.
T00791,K01386,C0097,2024-09-20,5,True,,4.0,8.0,True,False,"De doelstellingen zijn goed bereikt, maar de algehele ervaring was minder positief; waarschijnlijk speelden verwachtingen of communicatie een rol."
T00792,K00787,C0024,2024-09-20,6,True,,6.0,7.0,True,False,Solide voortgang met goed bereikt doelstelling; het traject verliep naar verwachting zonder opvallende hoogtepunten.
T00793,K00839,C0032,2024-09-20,3,False,no-longer-wanted,6.0,9.0,True,False,Ondanks uitstekende doelrealisatie heeft de coachee het traject voortijdig beëindigd; de aansluiting was blijkbaar onvoldoende.
T00794,K00902,C0108,2024-09-20,11,True,,8.0,8.0,True,False,Uitstekend afgerond traject met sterke doelrealisatie en hoge tevredenheid; een waardig voorbeeld van effectieve coaching.
T00795,K00676,C0058,2024-09-20,7,True,,6.0,6.0,True,False,Het traject verliep neutraal met gemiddelde doelrealisatie en tevredenheid; voldoende afgerond maar geen bijzondere resultaten.
T00796,K00760,C0068,2024-09-21,10,True,,5.0,5.0,True,False,Matig resultaat met laag bereik op beide vlakken; het traject heeft niet de gewenste doorbraak opgeleverd.
T00797,K00919,C0047,2024-09-21,12,True,,,,False,True,
T00798,K00949,C0103,2024-09-22,9,True,,5.0,7.0,True,True,"Redelijke doelrealisatie bereikt, maar de tevredenheid bleef achter; mogelijk meer afstemming nodig geweest."
T00799,K00763,C0040,2024-09-23,8,True,,,,False,False,
T00800,K00796,C0104,2024-09-23,8,True,,,,False,True,
T00801,K01075,C0117,2024-09-23,6,True,,5.0,5.0,True,True,Traject afgerond met matige resultaten op beide dimensies; de effectiviteit was beperkt.
T00802,K01165,C0113,2024-09-23,6,True,,,,False,True,
T00803,K01177,C0013,2024-09-23,3,False,disappeared,7.0,7.0,True,False,"Goed resultaat bereikt, maar contact verbroken voordat het traject formeel kon worden afgerond."
T00804,K01290,C0065,2024-09-23,6,False,disappeared,8.0,8.0,True,False,"Sterke voortgang en tevredenheid, jammer dat de coachee onverwacht uit beeld verdween."
T00805,K01369,C0025,2024-09-24,15,True,,6.0,9.0,True,False,Excellente doelrealisatie bereikt ondanks matige tevredenheid; de coachee heeft duidelijk veel opgeleverd gekregen.
T00806,K01210,C0096,2024-09-24,4,True,,6.0,7.0,True,False,Goed afgerond met bevredigende doelrealisatie en redelijke tevredenheid; een stabiel verloop.
T00807,K00736,C0039,2024-09-25,6,True,,5.0,7.0,True,False,Goede doelrealisatie bereikt ondanks lagere tevredenheid; de coachee zit waarschijnlijk met gemengde gevoelens.
T00808,K01337,C0020,2024-09-25,5,False,disappeared,,,False,False,
T00809,K01205,C0073,2024-09-26,2,False,external-coach,4.0,6.0,True,True,Traject onderbroken voor overstap naar externe coach; matige tevredenheid en onvoldoende aansluiting.
T00810,K01394,C0004,2024-09-26,8,True,,4.0,3.0,True,True,Zwak resultaat met lage doelrealisatie en tevredenheid; het traject is niet van de grond gekomen.
T00811,K01010,C0012,2024-09-27,9,True,,6.0,8.0,True,False,Goed afgerond met sterke doelrealisatie; ondanks matige tevredenheid toch substantiële vooruitgang geboekt.
T00812,K01134,C0114,2024-09-27,8,True,,,,False,False,
T00813,K00678,C0107,2024-09-27,6,True,,,,False,False,
T00814,K00933,C0093,2024-10-01,5,True,,4.0,6.0,True,True,Matige tevredenheid met beperkte doelrealisatie; het traject is voorbijgegaan zonder duidelijk succes.
T00815,K00775,C0092,2024-10-01,7,True,,7.0,7.0,True,False,Solide afgerond traject met goede doelrealisatie en tevredenheid; een waardig resultaat.
T00816,K01081,C0097,2024-10-02,8,True,,7.0,8.0,True,False,Sterke afsluiting met goed bereikt doelstelling en hoge tevredenheid; een succesvol traject.
T00817,K00897,C0025,2024-10-02,6,True,,5.0,8.0,True,True,Uitstekende doelrealisatie bereikt ondanks lagere tevredenheid; duidelijk waarde toegevoegd ondanks gemengde gevoelens.
T00818,K01128,C0001,2024-10-03,8,True,,8.0,8.0,True,False,Uitstekend traject afgerond met sterke doelbereikingresultaten. De coachee toont grote tevredenheid en heeft zich goed kunnen ontwikkelen.
T00819,K01456,C0119,2024-10-04,5,False,external-coach,,,False,False,
T00820,K01267,C0099,2024-10-04,11,True,,5.0,8.0,True,False,"Doelen goed bereikt, maar de ervaring kon meer aan verwachtingen voldoen. Mogelijk kunnen volgende trajecten beter aansluiten op persoonlijke behoeften."
T00821,K01455,C0025,2024-10-05,4,True,,5.0,8.0,True,False,"Doelen goed bereikt, maar de ervaring kon meer aan verwachtingen voldoen. Mogelijk kunnen volgende trajecten beter aansluiten op persoonlijke behoeften."
T00822,K01123,C0108,2024-10-05,10,True,,6.0,9.0,True,False,"Zeer goede doelrealisatie behaald ondanks gemiddelde tevredenheid. De coachee heeft veel opgeleverd, al had het proces meer kunnen inspireren."
T00823,K01280,C0058,2024-10-06,5,True,,5.0,7.0,True,False,"Redelijke voortgang met bereiken van de kerngestelde doelen, hoewel de algehele tevredenheid aan de lage kant bleef."
T00824,K01408,C0055,2024-10-07,8,True,,4.0,7.0,True,False,"Doelen behoorlijk gerealiseerd, maar de coaching-ervaring voldeed onvoldoende aan verwachtingen. Aandacht voor beter contact kan helpen."
T00825,K01412,C0114,2024-10-07,3,True,,,,False,True,
T00826,K00893,C0084,2024-10-07,6,True,,5.0,8.0,True,True,"Doelen goed bereikt, maar de ervaring kon meer aan verwachtingen voldoen. Mogelijk kunnen volgende trajecten beter aansluiten op persoonlijke behoeften."
T00827,K00673,C0082,2024-10-08,6,True,,,,False,True,
T00828,K01322,C0047,2024-10-08,3,False,disappeared,,,False,False,
T00829,K01225,C0103,2024-10-09,8,True,,3.0,7.0,True,True,Ondanks lage tevredenheid zijn de gestelde doelen behoorlijk behaald. Verbetering van het coachproces zou de ervaring kunnen versterken.
T00830,K00782,C0071,2024-10-09,12,True,,,,False,False,
T00831,K01482,C0085,2024-10-09,3,False,disappeared,,,False,False,
T00832,K00720,C0039,2024-10-10,11,True,,5.0,8.0,True,False,"Doelen goed bereikt, maar de ervaring kon meer aan verwachtingen voldoen. Mogelijk kunnen volgende trajecten beter aansluiten op persoonlijke behoeften."
T00833,K00727,C0081,2024-10-10,7,True,,5.0,9.0,True,True,"Zeer sterke doelrealisatie behaald ondanks gemiddelde tevredenheid. De coachee heeft veel bereikt, al zou meer afstemming de ervaring kunnen verbeteren."
T00834,K01187,C0089,2024-10-10,11,True,,6.0,9.0,True,False,Zeer goede doelrealisatie behaald met goede tevredenheid. De coachee heeft zich goed kunnen ontwikkelen en de doelen zijn solide bereikt.
T00835,K01297,C0023,2024-10-12,5,True,,5.0,5.0,True,True,Matige resultaten op beide fronten; doelen zijn slechts gedeeltelijk bereikt en tevredenheid bleef beperkt. Herziening van aanpak zou nuttig zijn.
T00836,K00821,C0114,2024-10-15,7,True,,7.0,9.0,True,False,Sterke doelrealisatie met goed tevredenheidsgevoel. De coachee heeft zich goed betrokken en waardevolle voortgang geboekt.
T00837,K00928,C0001,2024-10-15,8,True,,5.0,9.0,True,False,"Zeer goede doelrealisatie ondanks gemiddelde tevredenheid. De coaching leverde concrete resultaten op, al kon het proces meer instemming hebben."
T00838,K00904,C0108,2024-10-17,3,True,,,,False,False,
T00839,K01240,C0116,2024-10-17,9,True,,6.0,9.0,True,False,Zeer goede doelrealisatie behaald met aanvaardbare tevredenheid. De coachee heeft sterke voortgang geboekt.
T00840,K01153,C0036,2024-10-17,8,True,,,,False,True,
T00841,K00688,C0096,2024-10-18,6,True,,5.0,8.0,True,False,"Doelen goed bereikt, maar de ervaring kon meer aan verwachtingen voldoen. Mogelijk kunnen volgende trajecten beter aansluiten op persoonlijke behoeften."
T00842,K00836,C0108,2024-10-18,9,True,,6.0,7.0,True,False,Goede doelrealisatie behaald met acceptabele tevredenheid. Het traject leverde waardevolle resultaten op.
T00843,K01416,C0064,2024-10-18,6,True,,3.0,7.0,True,True,Ondanks lage tevredenheid zijn de gestelde doelen behoorlijk behaald. Verbetering van het coachproces zou de ervaring kunnen versterken.
T00844,K01084,C0033,2024-10-19,7,True,,,,False,False,
T00845,K00859,C0094,2024-10-19,5,True,,6.0,9.0,True,False,Zeer goede doelrealisatie behaald met goede tevredenheid. De coachee heeft zich goed kunnen ontwikkelen en de doelen zijn solide bereikt.
T00846,K00943,C0017,2024-10-19,7,True,,4.0,7.0,True,True,"Doelen behoorlijk gerealiseerd, maar de coaching-ervaring voldeed onvoldoende aan verwachtingen. Aandacht voor beter contact kan helpen."
T00847,K01112,C0047,2024-10-20,4,False,no-longer-wanted,3.0,6.0,True,True,"Het traject is voortijdig beëindigd omdat de coachee geen behoefte meer had aan begeleiding. Hoewel enkele doelen deels werden bereikt, was de algehele tevredenheid laag."
T00848,K00809,C0101,2024-10-20,8,True,,6.0,8.0,True,False,Een solide traject met goede doelrealisatie en redelijke tevredenheid; de coachee heeft goed kunnen vooruitgaan.
T00849,K00706,C0047,2024-10-21,2,False,disappeared,,,False,False,
T00850,K01231,C0025,2024-10-21,6,True,,4.0,5.0,True,False,"Het traject is afgerond, maar zowel de doelrealisatie als tevredenheid bleven onder verwachting; meer inzet was nodig geweest voor betere resultaten."
T00851,K01325,C0030,2024-10-21,7,True,,6.0,9.0,True,False,Uitstekende doelrealisatie ondanks matige tevredenheid; de coachee heeft aanzienlijke vooruitgang geboekt.
T00852,K01186,C0051,2024-10-22,4,True,,2.0,4.0,True,False,Dit traject heeft niet opgeleverd wat ervan verwacht werd; zowel tevredenheid als doelrealisatie bleven significant achter.
T00853,K01145,C0068,2024-10-23,7,True,,,,False,True,
T00854,K01313,C0095,2024-10-25,2,False,disappeared,,,False,True,
T00855,K01137,C0002,2024-10-26,10,True,,6.0,9.0,True,False,Een succesvol traject met zeer goede doelrealisatie en aanvaardbare tevredenheid; de coachee heeft sterke resultaten bereikt.
T00856,K00761,C0036,2024-10-26,7,True,,3.0,6.0,True,True,Matige tevredenheid ondanks gedeeltelijke doelrealisatie; het traject had meer impact kunnen hebben.
T00857,K01160,C0020,2024-10-26,8,True,,6.0,8.0,True,False,Een goed afgerond traject met sterke doelrealisatie en redelijke tevredenheid; solide voortgang geboekt.
T00858,K01249,C0084,2024-10-26,4,False,other,,,False,False,
T00859,K01269,C0108,2024-10-27,9,True,,,,False,False,
T00860,K00800,C0058,2024-10-27,12,True,,5.0,7.0,True,False,Een redelijk traject met gematigde tevredenheid en acceptabele doelrealisatie; de coachee heeft stappen vooruit gezet.
T00861,K00910,C0058,2024-10-27,7,True,,,,False,True,
T00862,K00820,C0114,2024-11-01,11,True,,6.0,9.0,True,False,Zeer goed afgerond met uitstekende doelrealisatie; een waardevolle ervaring voor de coachee ondanks matige tevredenheid.
T00863,K00852,C0047,2024-11-01,7,True,,7.0,6.0,True,False,"Goede tevredenheid, hoewel de doelrealisatie iets achterbleef; een positief traject met beperkte concrete resultaten."
T00864,K00841,C0090,2024-11-04,7,True,,,,False,True,
T00865,K00915,C0002,2024-11-04,2,False,disappeared,,,False,False,
T00866,K01288,C0006,2024-11-05,13,True,,7.0,8.0,True,False,Een succesvol traject met goede tevredenheid en sterke doelrealisatie; de coachee is tevreden met de geboekte vooruitgang.
T00867,K00854,C0052,2024-11-05,10,True,,6.0,9.0,True,False,Zeer goed afgerond traject met uitstekende doelrealisatie en redelijke tevredenheid; significante voortgang bereikt.
T00868,K01016,C0088,2024-11-07,6,True,,7.0,8.0,True,False,Een positief en succesvol traject met goede tevredenheid en sterke doelrealisatie; waardevol voor de coachee.
T00869,K01281,C0094,2024-11-07,4,False,disappeared,,,False,False,
T00870,K01503,C0071,2024-11-08,9,True,,6.0,7.0,True,False,Een behoorlijk afgerond traject met gematigde tevredenheid en acceptabele doelrealisatie; redelijke voortgang geboekt.
T00871,K00983,C0038,2024-11-08,9,True,,,,False,False,
T00872,K00779,C0047,2024-11-09,5,False,other,8.0,7.0,True,False,"Het traject is voortijdig gestopt om andere redenen, maar de coachee was tevredenheid en had een deel van de doelen al bereikt."
T00873,K00764,C0033,2024-11-11,11,True,,6.0,9.0,True,False,Zeer goed afgerond met uitstekende doelrealisatie; een waardevol traject ondanks matige tevredenheid.
T00874,K00997,C0116,2024-11-14,3,False,external-coach,,,False,False,
T00875,K01042,C0019,2024-11-14,2,False,disappeared,,,False,False,
T00876,K01495,C0019,2024-11-15,11,True,,4.0,5.0,True,True,Het traject is afgerond met beperkte resultaten; zowel tevredenheid als doelrealisatie waren onvoldoende.
T00877,K01064,C0112,2024-11-15,3,False,other,,,False,True,
T00878,K01468,C0101,2024-11-15,6,True,,5.0,5.0,True,False,Een minimalistisch traject met gelijke scores voor tevredenheid en doelrealisatie; beperkte impact bereikt.
T00879,K00923,C0075,2024-11-16,3,False,external-coach,3.0,5.0,True,True,Het traject is voortijdig beëindigd wegens wisseling naar externe coach; de coachee realiseerde slechts enkele doelen.
T00880,K01090,C0047,2024-11-17,3,False,no-longer-wanted,,,False,True,
T00881,K00855,C0067,2024-11-17,11,True,,6.0,9.0,True,False,Uitstekende doelrealisatie ondanks matige tevredenheid; de gestelde doelen zijn vrijwel volledig bereikt. Mogelijk aandacht voor procesverbetering en communicatie in vervolgtrajecten.
T00882,K00891,C0060,2024-11-19,9,True,,7.0,7.0,True,False,Solide afronding met evenwichtige resultaten op beide dimensies; doelen zijn bereikt en tevredenheid is aanwezig. Een goed uitgevoerd traject.
T00883,K00816,C0001,2024-11-19,5,True,,5.0,8.0,True,False,"Sterke doelrealisatie ondanks lagere tevredenheid; de concrete doelstellingen zijn goed behaald, hoewel de ervaring van het traject kan worden verbeterd."
T00884,K00660,C0107,2024-11-19,9,True,,6.0,7.0,True,False,Matig tot behoorlijk resultaat met redelijke doelrealisatie en tevredenheid; beide aspecten kunnen in toekomstige trajecten verder worden geoptimaliseerd.
T00885,K01174,C0059,2024-11-21,6,True,,5.0,8.0,True,False,Goede doelrealisatie bereikt ondanks beperkte tevredenheid; ondanks reserveringen heeft de coachee de gestelde doelen effectief gerealiseerd.
T00886,K00693,C0002,2024-11-21,10,True,,,,False,False,
T00887,K01065,C0094,2024-11-21,2,False,disappeared,4.0,8.0,True,True,Traject voortijdig beëindigd door uitval van de coachee; ondanks uitstekende doelrealisatie kon het traject niet worden afgerond.
T00888,K00708,C0028,2024-11-23,4,False,external-coach,,,False,False,
T00889,K01350,C0060,2024-11-23,5,True,,6.0,6.0,True,False,"Basaal afgerond traject met gelijkmatige, maar matige resultaten; zowel tevredenheid als doelrealisatie bieden ruimte voor verbetering."
T00890,K01421,C0114,2024-11-23,6,True,,6.0,9.0,True,False,Excellent resultaat op doelrealisatie met solide tevredenheid; een zeer geslaagd traject met sterke concrete resultaten.
T00891,K01483,C0119,2024-11-24,7,True,,3.0,9.0,True,True,"Opvallend contrast tussen zeer hoge doelrealisatie en lage tevredenheid; doelen zijn bereikt, maar de coachee was weinig tevreden met het proces."
T00892,K00874,C0108,2024-11-24,12,True,,5.0,6.0,True,False,"Bescheiden resultaten op beide fronten; hoewel doelen gedeeltelijk zijn bereikt, zijn tevredenheid en realisatie beide aan de lage kant."
T00893,K00654,C0049,2024-11-24,2,False,no-longer-wanted,6.0,8.0,True,False,Traject voortijdig afgebroken op wens van de coachee; ondanks redelijke doelrealisatie kon het traject niet naar wens worden afgerond.
T00894,K01378,C0025,2024-11-25,8,True,,,,False,True,
T00895,K00759,C0088,2024-11-25,12,True,,,,False,False,
T00896,K01196,C0072,2024-11-25,9,True,,,,False,False,
T00897,K00769,C0045,2024-11-25,14,True,,6.0,9.0,True,False,Excellent afgerond traject met zeer hoge doelrealisatie en goede tevredenheid; een zeer succesvol resultaat.
T00898,K00822,C0034,2024-11-26,8,True,,,,False,True,
T00899,K00987,C0084,2024-11-26,7,True,,2.0,5.0,True,False,"Zwak resultaat op beide dimensies; zowel tevredenheid als doelrealisatie zijn laag, wat wijst op een moeizaam verloop."
T00900,K00968,C0022,2024-12-01,11,True,,7.0,8.0,True,False,Goed afgerond traject met sterke doelrealisatie en goede tevredenheid; solide resultaten op beide fronten.
T00901,K01156,C0088,2024-12-01,2,False,external-coach,4.0,7.0,True,False,"Traject voortijdig beëindigd door overgang naar externe coach; doelrealisatie was redelijk, maar tevredenheid was laag."
T00902,K01185,C0050,2024-12-01,15,True,,7.0,9.0,True,False,Zeer succesvol traject met uitstekende doelrealisatie en goede tevredenheid; een voorbeeldig afgerond traject.
T00903,K01013,C0080,2024-12-02,5,True,,,,False,False,
T00904,K01499,C0103,2024-12-02,6,True,,,,False,False,
T00905,K00692,C0113,2024-12-03,7,True,,6.0,7.0,True,False,Behoorlijk afgerond traject met redelijke doelrealisatie en matige tevredenheid; resultaten zijn acceptabel maar niet optimaal.
T00906,K01124,C0050,2024-12-03,12,True,,7.0,9.0,True,False,Excellent afgerond traject met zeer hoge doelrealisatie en goede tevredenheid; uitstekende concrete resultaten bereikt.
T00907,K01343,C0117,2024-12-03,8,True,,,,False,True,
T00908,K00666,C0119,2024-12-03,7,True,,5.0,5.0,True,True,Matig afgerond traject met bescheiden resultaten op beide dimensies; tevredenheid en doelrealisatie zijn beide slechts gemiddeld.
T00909,K01505,C0049,2024-12-04,4,False,disappeared,,,False,False,
T00910,K00726,C0066,2024-12-04,5,True,,4.0,6.0,True,True,"Laag resultaat op beide fronten; zowel tevredenheid als doelrealisatie zijn beperkt, wat aangeeft dat het traject niet optimaal is verlopen."
T00911,K01091,C0077,2024-12-06,5,True,,7.0,10.0,True,False,Uitstekende doelrealisatie behaald met sterke voortgang; tevredenheid zou nog wat hoger kunnen liggen maar het traject is succesvol afgerond.
T00912,K00885,C0101,2024-12-07,8,True,,5.0,7.0,True,True,"Doelen grotendeels bereikt, maar de tevredenheid blijft achter bij de resultaten; meer aandacht voor ervaring tijdens het proces zou helpen."
T00913,K01261,C0039,2024-12-07,10,True,,4.0,7.0,True,True,Matige tevredenheid ondanks redelijke doelrealisatie; de communicatie en aanpak hadden beter kunnen aansluiten bij de verwachtingen.
T00914,K01059,C0094,2024-12-08,12,True,,6.0,8.0,True,False,Goed traject met solide doelrealisatie en redelijke tevredenheid; een stap in de juiste richting met ruimte voor verbetering.
T00915,K01470,C0063,2024-12-11,8,True,,5.0,6.0,True,True,Matig resultaat met beperkte doelrealisatie en onduidelijke waarde voor de deelnemer; het traject had intensiever en gerielder kunnen zijn.
T00916,K00913,C0031,2024-12-12,6,True,,5.0,4.0,True,False,Tegenvallende resultaten met onvoldoende doelrealisatie en lage tevredenheid; aanpassing van aanpak of begeleiding was nodig geweest.
T00917,K01229,C0092,2024-12-12,3,True,,3.0,3.0,True,True,Dit traject is niet succesvol geweest; zowel doelrealisatie als tevredenheid blijven ver achter en aangepaste ondersteuning had nodig.
T00918,K01419,C0082,2024-12-13,6,True,,4.0,5.0,True,False,Beperkte voortgang met lage tevredenheid en onvoldoende doelrealisatie; een ander coachingformat zou beter hebben uitgepakt.
T00919,K01204,C0073,2024-12-13,2,False,disappeared,4.0,6.0,True,False,"Traject voortijdig beëindigd door vertrek van deelnemer; hoewel enige voortgang werd geboekt, kon het potentieel niet volledig worden benut."
T00920,K00899,C0058,2024-12-14,8,True,,7.0,6.0,True,False,"Goed verloop met goede tevredenheid, al valt de doelrealisatie iets minder uit dan verwacht; een solide afsluiting van het traject."
T00921,K01466,C0039,2024-12-14,11,True,,6.0,9.0,True,False,Sterke doelrealisatie bereikt met goede tevredenheid; een geslaagd traject met duidelijke vooruitgang en positieve outcomes.
T00922,K00977,C0039,2024-12-15,11,True,,6.0,9.0,True,False,Uitstekende doelrealisatie bereikt met goede tevredenheid; een effectief traject dat de deelnemer goed ondersteund heeft.
T00923,K00941,C0039,2024-12-17,8,True,,7.0,7.0,True,False,Evenwichtig traject met solide doelrealisatie en goede tevredenheid; een prettige en effectieve samenwerking afgerond.
T00924,K00679,C0084,2024-12-18,2,True,,,,False,True,
T00925,K01166,C0085,2024-12-19,6,True,,7.0,8.0,True,False,Goed traject met sterke doelrealisatie en goede tevredenheid; een succesvolle afsluiting met duidelijke resultaten.
T00926,K01182,C0090,2024-12-20,10,True,,6.0,8.0,True,False,Solide voortgang met goede doelrealisatie en redelijke tevredenheid; het traject heeft de gewenste richting opgeleverd.
T00927,K00840,C0098,2024-12-20,6,True,,5.0,8.0,True,True,Goedealisatie ondanks matige tevredenheid; de coachee heeft goed aan de doelen gewerkt al lag de waardering voor het proces lager.
T00928,K00825,C0050,2024-12-21,6,True,,6.0,9.0,True,False,Zeer goedealisatie met goede tevredenheid; een effectief en waardevol traject dat sterke resultaten heeft opgeleverd.
T00929,K01385,C0092,2024-12-21,9,True,,6.0,8.0,True,False,Goedealisatie met goede tevredenheid; het traject heeft goed bijgedragen aan de gestelde doelen en is positief ervaren.
T00930,K01294,C0098,2024-12-23,8,True,,4.0,6.0,True,True,Beperkte voortgang met onvoldoende tevredenheid en doelrealisatie; intensievere begeleiding of ander format had nodig kunnen zijn.
T00931,K01346,C0049,2024-12-23,2,False,no-longer-wanted,3.0,6.0,True,False,Traject voortijdig beëindigd omdat deelnemer geen behoefte meer had aan coaching; ondanks enige voortgang is het potentieel onbenut gebleven.
T00932,K00916,C0097,2024-12-26,2,True,,5.0,5.0,True,True,Het traject is afgerond met gemengde resultaten; doelstellingen zijn matig behaald en de tevredenheid sluit hier niet optimaal bij aan.
T00933,K01278,C0047,2024-12-27,12,True,,5.0,7.0,True,False,"De doelrealisatie was behoorlijk (7/10), maar de tevredenheid bleef achter; dit duidt op een gat tussen verwachtingen en ervaring."
T00934,K01328,C0045,2024-12-27,11,True,,7.0,6.0,True,False,"Het traject toont een solide voortgang met goede doelrealisatie, hoewel de tevredenheid nog wat meer had kunnen zijn."
T00935,K02248,C0050,2025-01-01,7,True,,3.0,8.0,True,True,Ondanks de lage tevredenheid zijn de doelen opmerkelijk goed gerealiseerd (8/10); de begeleiding paste mogelijk niet volledig bij de persoon.
T00936,K01899,C0073,2025-01-01,6,True,,6.0,9.0,True,False,Uitstekende doelrealisatie (9/10) met redelijke tevredenheid; een sterk afgerond traject met concrete resultaten.
T00937,K01861,C0074,2025-01-02,3,False,disappeared,,,False,False,
T00938,K01848,C0067,2025-01-02,11,True,,6.0,8.0,True,False,Goed afgerond traject met sterke doelrealisatie (8/10) en voldoende tevredenheid; de begeleiding was effectief.
T00939,K01925,C0106,2025-01-02,6,False,disappeared,5.0,8.0,True,False,"Het traject werd voortijdig afgebroken; hoewel de doelen goed op schema lagen, kon continuïteit niet worden gehandhaafd."
T00940,K01734,C0107,2025-01-02,9,True,,,,False,False,
T00941,K02249,C0013,2025-01-03,11,True,,6.0,8.0,True,False,Solide afgerond traject met hoge doelrealisatie (8/10) en redelijke tevredenheid; een succesvolle samenwerking.
T00942,K01854,C0107,2025-01-03,9,True,,4.0,8.0,True,True,"De doelen zijn goed bereikt (8/10), maar de tevredenheid was laag; de inhoud werkte beter dan de vorm van begeleiding."
T00943,K02412,C0072,2025-01-03,12,True,,8.0,8.0,True,False,Excellent traject met sterke doelrealisatie (8/10) en hoge tevredenheid (8/10); een voorbeeldig afgesloten samenwerking.
T00944,K01635,C0047,2025-01-03,6,True,,,,False,False,
T00945,K01772,C0017,2025-01-04,7,True,,,,False,True,
T00946,K01884,C0111,2025-01-04,10,True,,9.0,9.0,True,False,Zeer succesvol afgerond traject met uitstekende doelrealisatie (9/10) en tevredenheid (9/10); een inspirerend voorbeeld van goed coachwerk.
T00947,K01902,C0072,2025-01-05,5,False,external-coach,,,False,False,
T00948,K01592,C0024,2025-01-06,3,False,external-coach,6.0,8.0,True,False,Het traject werd voortijdig beëindigd door overstap naar externe coaching; de initiële voortgang was echter veelbelovend.
T00949,K02080,C0095,2025-01-06,4,True,,7.0,9.0,True,False,Sterk afgerond traject met zeer hoge doelrealisatie (9/10) en goede tevredenheid (7/10); een zeer productief proces.
T00950,K01739,C0116,2025-01-06,10,True,,,,False,False,
T00951,K01687,C0084,2025-01-07,7,True,,5.0,8.0,True,True,Goed gerealiseerde doelen (8/10) met matige tevredenheid; het traject was effectief ondanks enkele onvolkomenheden in de ervaring.
T00952,K01590,C0074,2025-01-07,3,False,external-coach,,,False,True,
T00953,K01906,C0025,2025-01-07,5,True,,3.0,4.0,True,True,Laag afgerond traject met zwakke doelrealisatie (4/10) en lage tevredenheid (3/10); dit traject is niet goed uit de verf gekomen.
T00954,K02124,C0006,2025-01-08,14,True,,8.0,9.0,True,False,Zeer succesvol afgerond traject met uitstekende doelrealisatie (9/10) en hoge tevredenheid (8/10); een inspirerend coachtraject.
T00955,K01926,C0120,2025-01-08,7,False,other,6.0,8.0,True,False,Het traject werd voortijdig afgebroken; ondanks redelijke voortgang kon het proces niet naar voltooiing worden gebracht.
T00956,K01841,C0116,2025-01-08,7,True,,6.0,8.0,True,False,Goed afgerond traject met sterke doelrealisatie (8/10) en adequate tevredenheid; een effectieve begeleiding.
T00957,K01881,C0005,2025-01-08,4,True,,5.0,6.0,True,False,Het traject is afgerond met gemiddelde resultaten; zowel doelrealisatie als tevredenheid bleven op een bescheiden niveau.
T00958,K02355,C0030,2025-01-09,11,True,,6.0,10.0,True,False,Excellent afgerond traject met perfecte doelrealisatie (10/10) en goede tevredenheid (6/10); een zeer resultaatgericht proces.
T00959,K02254,C0090,2025-01-09,12,True,,5.0,9.0,True,True,"De doelstellingen zijn goed bereikt, maar de tevredenheid bleef achter; mogelijk speelden praktische of communicatieve factoren een rol die aandacht verdienen."
T00960,K01971,C0108,2025-01-09,3,False,no-longer-wanted,,,False,True,
T00961,K01805,C0077,2025-01-09,4,False,disappeared,6.0,9.0,True,False,"Jammer dat het contact is verbroken, want de doelrealisatie verliep voorspoedig; graag in toekomst eerder communiceren over eventuele blokkades."
T00962,K02335,C0081,2025-01-10,3,True,,4.0,6.0,True,True,"Het traject heeft enige voortgang opgeleverd, maar zowel tevredenheid als doelrealisatie bleven onder verwachting; meer afstemming op jouw behoeften was wenselijk geweest."
T00963,K01980,C0104,2025-01-10,2,False,no-longer-wanted,,,False,False,
T00964,K01583,C0073,2025-01-12,7,True,,8.0,9.0,True,False,Een succesvolle samenwerking met sterke doelrealisatie en goede tevredenheid; je hebt duidelijk profijt gehad van het traject.
T00965,K02296,C0114,2025-01-12,5,True,,4.0,7.0,True,True,"De doelstellingen zijn redelijk bereikt, maar je tevredenheid was beperkt; waarschijnlijk was de aanpak niet volledig afgestemd op jouw verwachtingen."
T00966,K02272,C0094,2025-01-12,8,True,,,,False,True,
T00967,K01989,C0068,2025-01-13,10,True,,5.0,9.0,True,True,Sterke doelrealisatie ondanks gemiddelde tevredenheid; mogelijk waren de verwachtingen aan het begin niet helemaal duidelijk afgestemd.
T00968,K02120,C0011,2025-01-13,6,True,,,,False,True,
T00969,K02180,C0050,2025-01-13,6,True,,4.0,8.0,True,True,"Je hebt je doelen goed bereikt, hoewel de ervaring van het traject zelf minder positief was; de resultaten spreken echter voor zich."
T00970,K02228,C0013,2025-01-14,7,True,,,,False,False,
T00971,K02032,C0050,2025-01-14,15,True,,6.0,10.0,True,False,Uitstekende doelrealisatie en je hebt het traject goed doorlopen; een positieve afronding met concrete resultaten.
T00972,K01932,C0010,2025-01-14,6,True,,5.0,6.0,True,False,Beperkte voortgang op beide fronten; het traject heeft niet de doorbraak opgeleverd die je waarschijnlijk hoopte.
T00973,K02102,C0103,2025-01-14,7,True,,5.0,8.0,True,False,"Goede doelrealisatie, maar de tevredenheid kon hoger zijn; je bent wel duidelijk opgeschoten met je ontwikkeling."
T00974,K01524,C0116,2025-01-16,8,True,,7.0,9.0,True,False,Zeer geslaagd traject met goede doelrealisatie en sterke tevredenheid; je hebt het maximum uit deze samenwerking gehaald.
T00975,K01931,C0095,2025-01-16,2,False,no-longer-wanted,6.0,9.0,True,True,"Jammer dat je het traject hebt stopgezet, want de doelrealisatie liep goed; hopelijk kunnen we in de toekomst toch verder samen werken."
T00976,K01709,C0001,2025-01-17,10,True,,7.0,9.0,True,False,Een geslaagd traject met sterke doelrealisatie en goede tevredenheid; je hebt duidelijk stappen vooruit gemaakt.
T00977,K01856,C0103,2025-01-20,14,True,,7.0,7.0,True,False,Solide afronding met evenwichtige resultaten; je hebt je doelen bereikt en bent tevreden over het verloop.
T00978,K01586,C0050,2025-01-20,4,True,,,,False,False,
T00979,K01934,C0106,2025-01-21,3,True,,,,False,True,
T00980,K01673,C0099,2025-01-21,6,True,,,,False,False,
T00981,K02147,C0013,2025-01-21,11,True,,,,False,False,
T00982,K02043,C0077,2025-01-22,5,True,,6.0,7.0,True,False,"Redelijke voortgang en tevredenheid; het traject heeft je geholpen, hoewel de impact beperkter was dan mogelijk."
T00983,K01964,C0074,2025-01-22,8,True,,6.0,5.0,True,False,De doelrealisatie bleef achter bij je tevredenheid; het traject heeft niet volledig opgeleverd wat je ervan verwachtte.
T00984,K01727,C0111,2025-01-23,8,True,,5.0,6.0,True,False,"Bescheiden voortgang op beide fronten; het traject bood enkele inzichten, maar meer gericht werken naar concrete doelen zou beter hebben geholpen."
T00985,K02056,C0097,2025-01-23,5,True,,6.0,7.0,True,False,"Redelijk traject met matige tevredenheid en doelrealisatie; je bent iets opgeschoten, maar de verwachtingen zijn niet helemaal waargemaakt."
T00986,K02276,C0047,2025-01-24,8,True,,6.0,7.0,True,False,Redelijk verloop met gemiddelde resultaten; je hebt enige voortgang geboekt en bent matig tevreden over het traject.
T00987,K02090,C0101,2025-01-24,4,True,,,,False,False,
T00988,K01545,C0048,2025-01-24,10,True,,,,False,False,
T00989,K01886,C0033,2025-01-25,8,True,,5.0,9.0,True,False,"Sterke doelrealisatie ondanks gemiddelde tevredenheid; je bent duidelijk vordering gemaakt, ook al was de beleving van het proces minder uitbundig."
T00990,K02026,C0060,2025-01-25,1,False,external-coach,5.0,8.0,True,False,"Het traject is voortijdig beëindigd door een coachwisseling, maar de doelrealisatie was solide met een 8. De tevredenheid bleef met een 5 achter, wat aangeeft dat de samenwerking niet optimaal verliep."
T00991,K01892,C0006,2025-01-25,8,True,,8.0,8.0,True,False,"Uitstekend traject afgerond met sterke resultaten op beide fronten: doelrealisatie en tevredenheid beide een 8, wat duidt op een succesvolle en prettige samenwerking."
T00992,K01593,C0099,2025-01-26,5,True,,,,False,False,
T00993,K01753,C0108,2025-01-27,4,False,other,,,False,False,
T00994,K01909,C0007,2025-02-01,13,True,,4.0,8.0,True,False,"Ondanks een goede doelrealisatie (8) was de tevredenheid laag (4), wat suggereert dat de inhoudelijke voortgang niet goed aansloot bij de verwachtingen of beleving van de coachee."
T00995,K02364,C0085,2025-02-02,11,True,,,,False,True,
T00996,K02413,C0116,2025-02-03,6,True,,6.0,7.0,True,False,"Een solide traject met gemiddeld positieve resultaten: de doelrealisatie (7) en tevredenheid (6) tonen dat het traject nuttig was, hoewel ruimte voor verbetering blijft."
T00997,K01918,C0006,2025-02-03,6,True,,7.0,8.0,True,False,"Goed afgerond traject met sterke doelrealisatie (8) en goede tevredenheid (7), wat wijst op een effectieve coaching waarbij de coachee aanzienlijke vooruitgang heeft geboekt."
T00998,K01743,C0066,2025-02-03,6,True,,,,False,False,
T00999,K02104,C0114,2025-02-04,9,True,,,,False,False,
T01000,K01842,C0055,2025-02-06,8,True,,6.0,7.0,True,False,"Het traject toont een degelijke balans tussen doelrealisatie (7) en tevredenheid (6), met voldoende voortgang, hoewel de ervaring van de coachee nog wat positiever had kunnen zijn."
T01001,K02333,C0039,2025-02-06,12,True,,8.0,9.0,True,False,Zeer succesvol traject met uitstekende resultaten: doelrealisatie van 9 en tevredenheid van 8 duiden op een zeer effectieve en aangenaam beleefde coachingperiode.
T01002,K02155,C0053,2025-02-06,10,True,,5.0,7.0,True,False,Matige tevredenheid (5) ondanks redelijke doelrealisatie (7) suggereert dat de coachee meer begeleiding of een ander coachingformat had kunnen waarderen.
T01003,K01611,C0001,2025-02-07,2,False,external-coach,,,False,False,
T01004,K02326,C0068,2025-02-08,11,True,,5.0,8.0,True,False,"Laag gevoel van tevredenheid (5) staat in contrast met sterke doelrealisatie (8), wat aangeeft dat de coachee inhoudelijk veel bereikt heeft maar de weg ernaartoe minder aangenaam ervoer."
T01005,K01678,C0116,2025-02-08,16,True,,6.0,8.0,True,False,Goed afgerond traject met sterke doelrealisatie (8) en acceptabele tevredenheid (6); de coachee heeft duidelijke vooruitgang geboekt ondanks gemengde gevoelens over het proces.
T01006,K01882,C0058,2025-02-08,7,True,,7.0,7.0,True,False,"Evenwichtig traject met gelijke scores (7) voor zowel doelrealisatie als tevredenheid, wat wijst op een consistent en bevredigend coachingtraject."
T01007,K02270,C0114,2025-02-08,6,True,,6.0,10.0,True,False,"Opmerkelijk: perfecte doelrealisatie (10) met matige tevredenheid (6) toont aan dat de coachee alle doelstellingen heeft bereikt, maar meer steun of erkenning had kunnen waarderen."
T01008,K01874,C0002,2025-02-08,13,True,,6.0,10.0,True,False,"Excellente doelrealisatie (10) bereikt ondanks gemiddelde tevredenheid (6), wat aanduidt dat de coachee zeer effectief zijn doelen heeft gerealiseerd, al was de beleving van het traject minder enthousiast."
T01009,K01601,C0036,2025-02-09,11,True,,,,False,True,
T01010,K02341,C0050,2025-02-10,8,True,,5.0,6.0,True,True,"Beperkte voortgang zichtbaar met lagere scores op beide gebieden (tevredenheid 5, doelrealisatie 6), wat suggereert dat het traject niet optimaal aansloot bij de behoeften van de coachee."
T01011,K02185,C0069,2025-02-11,12,True,,,,False,False,
T01012,K01852,C0066,2025-02-11,9,True,,4.0,8.0,True,True,"Lage tevredenheid (4) staat in schril contrast met goede doelrealisatie (8), wat wijst op een kloof tussen bereikte resultaten en de beleving van het coachingproces."
T01013,K02137,C0083,2025-02-12,9,True,,7.0,8.0,True,False,Goed afgerond traject met positieve resultaten op beide vlakken: tevredenheid (7) en doelrealisatie (8) tonen een succesvol en aangenaam coachingtraject.
T01014,K02213,C0103,2025-02-12,13,True,,5.0,9.0,True,False,"Sterke doelrealisatie (9) bereikt met matige tevredenheid (5); hoewel de coachee aanzienlijke voortgang heeft geboekt, was de ervaring van het proces minder positief."
T01015,K01639,C0077,2025-02-13,4,False,no-longer-wanted,6.0,9.0,True,False,"Het traject is voortijdig beëindigd op verzoek van de coachee ondanks goede doelrealisatie (9), wat aangeeft dat andere factoren zwaarder hebben gewogen dan de inhoudelijke voortgang."
T01016,K01855,C0009,2025-02-13,3,True,,4.0,7.0,True,False,"Lage tevredenheid (4) ondanks redelijke doelrealisatie (7) wijst erop dat de coachee, hoewel voortgang boekte, ontevreden was over de samenwerking of aanpak."
T01017,K01908,C0025,2025-02-13,13,True,,7.0,6.0,True,False,"Traject afgerond met positieve tevredenheid (7) maar iets lagere doelrealisatie (6), wat suggereert dat de coachee het proces waardeert, hoewel niet alle doelen volledig zijn bereikt."
T01018,K01781,C0119,2025-02-14,10,True,,7.0,8.0,True,False,Fijne samenwerking met goede doelrealisatie; je hebt de gestelde doelen grotendeels bereikt en toonde daarin duidelijke voortgang.
T01019,K01928,C0119,2025-02-14,10,True,,5.0,9.0,True,True,"De doelen zijn uitstekend gerealiseerd, maar de ervaring van het traject zelf had meer aandacht mogen krijgen voor je eigenaarschap."
T01020,K01651,C0084,2025-02-15,7,True,,5.0,6.0,True,False,Je hebt een bescheiden start gemaakt; meer inzet en betrokkenheid hadden beter kunnen uitpakken voor beide de doelen en je tevredenheid.
T01021,K01961,C0015,2025-02-15,5,True,,,,False,True,
T01022,K02264,C0068,2025-02-15,3,False,disappeared,6.0,6.0,True,True,Het traject is voortijdig gestopt doordat je niet meer beschikbaar was; de doelstellingen waren nog niet volledig gerealiseerd.
T01023,K01976,C0070,2025-02-17,2,False,external-coach,,,False,True,
T01024,K02023,C0025,2025-02-17,11,True,,6.0,8.0,True,False,Solide traject met goede voortgang naar je doelen; je kon beter aansluiten bij de inhoud en aanpak.
T01025,K01612,C0094,2025-02-17,7,True,,5.0,8.0,True,False,Ondanks minder enthousiasmering heb je sterke voortgang geboekt naar je doelen; meer openheid zou het proces aangename kunnen maken.
T01026,K01536,C0039,2025-02-19,10,True,,5.0,10.0,True,False,"Uitstekende doelrealisatie tot en met het einde; je hebt alles bereikt wat je wilde, al was je gevoel over het traject gemixt."
T01027,K01940,C0069,2025-02-20,8,True,,8.0,10.0,True,False,Excellent traject met volledige doelrealisatie en grote tevredenheid; je hebt optimaal gebruik gemaakt van de begeleiding.
T01028,K01810,C0082,2025-02-20,6,True,,5.0,9.0,True,True,Zeer sterke doelrealisatie bereikt ondanks wat minder enthousiasme; je bent voortvarend aan de slag gegaan met je thema's.
T01029,K02170,C0081,2025-02-21,11,True,,4.0,7.0,True,True,"Je hebt flinke stappen gezet richting je doelen, maar je ervaarde het traject zelf als minder passend voor jouw situatie."
T01030,K01562,C0071,2025-02-22,3,False,disappeared,,,False,True,
T01031,K01620,C0114,2025-02-23,7,True,,,,False,False,
T01032,K01637,C0114,2025-02-23,13,True,,,,False,True,
T01033,K01939,C0052,2025-02-24,9,True,,,,False,False,
T01034,K01588,C0028,2025-02-24,3,True,,6.0,6.0,True,False,Een evenwichtig traject met matige voortgang; het proces had meer inspiratie kunnen bieden voor volgehouden inzet.
T01035,K01555,C0013,2025-02-24,8,True,,,,False,True,
T01036,K01777,C0067,2025-02-24,8,True,,6.0,9.0,True,False,"Goede doelrealisatie bereikt, hoewel je de samenwerking zelf niet als zeer bevredigend ervoeg; je bent toch je doel dicht genaderd."
T01037,K02391,C0049,2025-02-25,6,False,no-longer-wanted,8.0,10.0,True,False,Het traject is voortijdig beëindigd omdat je andere prioriteiten kreeg; ondanks grote voortgang kon het niet helemaal afgemaakt worden.
T01038,K01531,C0107,2025-02-25,7,True,,5.0,9.0,True,False,Sterke doelrealisatie geboekt ondanks wat reserve; je hebt goed kunnen werken aan je doelstellingen.
T01039,K01557,C0108,2025-02-25,5,True,,,,False,False,
T01040,K01839,C0001,2025-02-26,10,True,,6.0,9.0,True,False,"Goed voortgang naar je doelen met een solide aanpak; je ervaring van het traject was wat gereserveerd, maar de resultaten spreken."
T01041,K02149,C0084,2025-02-27,2,False,disappeared,,,False,False,
T01042,K02151,C0034,2025-02-27,3,False,disappeared,,,False,False,
T01043,K01711,C0018,2025-03-01,4,True,,3.0,7.0,True,False,"Hoewel je voortgang hebt geboekt, was je ontevreden over het traject zelf; kritische blik op wat beter had gekund."
T01044,K02121,C0072,2025-03-03,4,True,,6.0,9.0,True,False,Sterke doelrealisatie met redelijke tevredenheid; je bent voortvarend aan je doelen gewerkt.
T01045,K01638,C0099,2025-03-03,3,False,disappeared,5.0,7.0,True,True,"Het traject is voortijdig gestopt doordat je niet meer beschikbaar was, hoewel je al aardig op weg was naar je doelen."
T01046,K01708,C0080,2025-03-04,4,False,disappeared,,,False,True,
T01047,K02144,C0119,2025-03-04,8,True,,4.0,8.0,True,True,Goed voortgang naar je doelen ondanks wat minder enthousiasme; je bent doelgericht blijven werken.
T01048,K01551,C0063,2025-03-04,4,False,no-longer-wanted,,,False,False,
T01049,K02405,C0114,2025-03-05,14,True,,8.0,9.0,True,True,Zeer geslaagd traject met hoge doelrealisatie en grote tevredenheid; je hebt actief en positief aan je groei gewerkt.
T01050,K01817,C0113,2025-03-06,7,True,,4.0,5.0,True,True,"Het traject is afgerond, maar de tevredenheid bleef beperkt ondanks matige doelrealisatie. De aansluiting tussen verwachtingen en begeleiding kan beter."
T01051,K01870,C0110,2025-03-07,3,False,external-coach,,,False,True,
T01052,K01937,C0112,2025-03-08,6,True,,,,False,True,
T01053,K01752,C0019,2025-03-08,11,True,,7.0,8.0,True,False,Goed traject afgerond met sterke doelrealisatie en behoorlijke tevredenheid. De coachee heeft solide voortgang geboekt.
T01054,K02127,C0067,2025-03-08,2,False,no-longer-wanted,6.0,7.0,True,False,"Het traject is voortijdig beëindigd op verzoek van de coachee, hoewel er redelijke voortgang was geboekt."
T01055,K01647,C0049,2025-03-08,12,True,,7.0,10.0,True,False,Uitstekend traject met volledige doelrealisatie en goede tevredenheid. De coachee heeft de gestelde doelen volledig bereikt.
T01056,K01879,C0025,2025-03-08,10,True,,,,False,False,
T01057,K02002,C0097,2025-03-09,2,False,disappeared,,,False,False,
T01058,K02098,C0088,2025-03-09,6,True,,5.0,9.0,True,True,"Traject succesvol afgerond met zeer sterke doelrealisatie, hoewel de tevredenheid iets lager lag dan optimaal."
T01059,K02375,C0040,2025-03-10,8,True,,6.0,7.0,True,False,Solide traject afgerond met goede voortgang op beide fronten. De coachee heeft zich constructief ingezet.
T01060,K02424,C0114,2025-03-12,10,True,,,,False,False,
T01061,K02233,C0005,2025-03-12,11,True,,4.0,8.0,True,True,Ondanks lage tevredenheid zijn de doelen goed gerealiseerd. De mismatch tussen proces en resultaat verdient reflectie.
T01062,K01547,C0002,2025-03-13,8,True,,6.0,8.0,True,False,Goed afgerond traject met sterke doelrealisatie en adequate tevredenheid. Solide voortgang geboekt.
T01063,K01900,C0007,2025-03-13,8,True,,,,False,True,
T01064,K01811,C0116,2025-03-13,5,True,,6.0,9.0,True,False,Sterk traject met zeer goede doelrealisatie en redelijke tevredenheid. De coachee heeft aanzienlijke vooruitgang geboekt.
T01065,K02353,C0077,2025-03-14,9,True,,6.0,7.0,True,False,Traject succesvol afgerond met goed bereikt doelstellingen en stabiele tevredenheid.
T01066,K02292,C0025,2025-03-14,2,False,external-coach,,,False,True,
T01067,K01725,C0098,2025-03-14,2,False,no-longer-wanted,2.0,6.0,True,True,Het traject is vroegtijdig beëindigd op verzoek van de coachee met slechts lage tevredenheid en beperkte voortgang.
T01068,K01818,C0085,2025-03-15,6,True,,,,False,False,
T01069,K01997,C0073,2025-03-16,7,True,,,,False,True,
T01070,K01824,C0010,2025-03-17,11,True,,7.0,9.0,True,False,Uitstekend traject met zeer sterke doelrealisatie en goede tevredenheid. De coachee heeft uitstekende voortgang geboekt.
T01071,K01771,C0104,2025-03-18,4,False,disappeared,,,False,True,
T01072,K01758,C0036,2025-03-18,7,True,,7.0,8.0,True,False,Goed afgerond traject met sterke doelrealisatie en goede tevredenheid. Solide coaching resultaat.
T01073,K02350,C0103,2025-03-19,14,True,,5.0,10.0,True,False,"Traject succesvol afgerond met volledige doelrealisatie, ondanks wat lagere tevredenheid over het proces zelf."
T01074,K02347,C0087,2025-03-19,8,True,,,,False,False,
T01075,K02072,C0094,2025-03-19,8,True,,,,False,True,
T01076,K02070,C0074,2025-03-19,11,True,,,,False,False,
T01077,K01605,C0024,2025-03-20,8,True,,4.0,7.0,True,True,Traject is afgerond met matige tevredenheid maar redelijke doelrealisatie. Meer afstemming zou helpen.
T01078,K02397,C0084,2025-03-21,18,True,,,,False,True,
T01079,K01512,C0065,2025-03-21,3,True,,,,False,False,
T01080,K02266,C0117,2025-03-21,2,False,external-coach,,,False,True,
T01081,K01657,C0095,2025-03-22,8,True,,5.0,8.0,True,False,Traject afgerond met goede doelrealisatie en redelijke tevredenheid. Acceptabele voortgang bereikt.
T01082,K01746,C0119,2025-03-24,9,True,,5.0,9.0,True,False,"Traject succesvol afgerond met zeer sterke doelrealisatie, ondanks wat lagere tevredenheid over het proces."
T01083,K02438,C0102,2025-03-24,8,True,,6.0,8.0,True,False,Goed afgerond traject met sterke doelrealisatie en redelijke tevredenheid. Solide resultaten bereikt.
T01084,K01963,C0084,2025-03-25,3,False,disappeared,,,False,True,
T01085,K02334,C0108,2025-03-26,9,True,,4.0,8.0,True,False,Ondanks lage tevredenheid zijn de doelen goed gerealiseerd. Meer aandacht voor het proces zou de ervaring kunnen verbeteren.
T01086,K02039,C0061,2025-03-26,11,True,,3.0,2.0,True,False,Het traject sluit af met onbevredigende resultaten op beide fronten. Herziening van aanpak is nodig.
T01087,K02089,C0047,2025-03-26,10,True,,6.0,6.0,True,False,"Het traject is afgerond met gemiddelde resultaten; de gestelde doelen zijn gedeeltelijk bereikt, maar de tevredenheid had hoger kunnen uitvallen."
T01088,K02141,C0052,2025-03-26,10,True,,,,False,False,
T01089,K02261,C0059,2025-03-27,9,True,,7.0,8.0,True,False,Goed traject met solide doelrealisatie en tevredenheid; de coachee heeft goed meegewerkt en merkbare vooruitgang geboekt.
T01090,K02095,C0002,2025-03-27,13,True,,7.0,10.0,True,False,Uitstekende doelrealisatie; ondanks redelijke tevredenheid zijn de gestelde doelen volledig bereikt.
T01091,K02046,C0016,2025-03-27,7,True,,6.0,7.0,True,False,"Redelijk verloop met matige tevredenheid en doelrealisatie; het traject sluit acceptabel af, maar had intensiever kunnen zijn."
T01092,K01809,C0069,2025-04-01,3,False,no-longer-wanted,5.0,7.0,True,False,Het traject is voortijdig beëindigd op verzoek van de coachee; ondanks goede doelrealisatie ontstond onvoldoende commitment.
T01093,K01998,C0108,2025-04-02,3,False,disappeared,,,False,True,
T01094,K02029,C0074,2025-04-02,11,True,,6.0,10.0,True,False,"Zeer goed resultaat met perfecte doelrealisatie, hoewel de tevredenheid wat genuanceerder is; alle objectives zijn bereikt."
T01095,K01952,C0101,2025-04-02,10,True,,8.0,9.0,True,False,Sterk traject met hoge tevredenheid en excellente doelrealisatie; de coachee heeft aantoonbare stappen vooruitgezet.
T01096,K01548,C0017,2025-04-02,4,True,,3.0,5.0,True,False,Teleurstellend verloop met lage tevredenheid en beperkte doelrealisatie; de aansluiting tussen coach en coachee was onvoldoende.
T01097,K01748,C0098,2025-04-02,5,True,,,,False,False,
T01098,K02289,C0022,2025-04-03,8,True,,5.0,9.0,True,False,"Goed resultaat op doelrealisatie, maar de tevredenheid kon beter; mogelijk verschil tussen verwachting en coachingproces."
T01099,K01941,C0116,2025-04-03,11,True,,6.0,9.0,True,False,Solide traject met goed bereikt doelen ondanks matige tevredenheid; de resultaten spreken voor zich.
T01100,K01938,C0006,2025-04-04,9,True,,,,False,False,
T01101,K02088,C0028,2025-04-04,10,True,,7.0,5.0,True,False,Gemengde uitkomsten met goede tevredenheid maar tegenvallende doelrealisatie; meer structuur had beter kunnen werken.
T01102,K01792,C0088,2025-04-05,3,False,external-coach,3.0,5.0,True,True,Voortijdige uitval naar externe coach; lage tevredenheid en beperkte doelrealisatie duiden op onvoldoende match.
T01103,K01995,C0048,2025-04-07,9,True,,6.0,6.0,True,False,Matig traject met gelijke standen voor tevredenheid en doelrealisatie; het verloop was stabiel maar niet inspirerend.
T01104,K01579,C0114,2025-04-07,5,True,,,,False,True,
T01105,K02003,C0116,2025-04-07,3,False,external-coach,,,False,False,
T01106,K01935,C0072,2025-04-09,12,True,,5.0,7.0,True,False,Acceptabel traject met redelijke doelrealisatie en matige tevredenheid; het traject diende het doel zonder bijzondere hoogtepunten.
T01107,K01766,C0043,2025-04-09,4,False,disappeared,4.0,7.0,True,True,Voortijdige uitval zonder vervolgcontact; ondanks aanvankelijke doelrealisatie ontstond geen blijvend engagement.
T01108,K02407,C0103,2025-04-10,5,True,,5.0,8.0,True,False,Redelijk traject met goed bereikt doelen ondanks matige tevredenheid; de coachee heeft toch vooruitgang geboekt.
T01109,K02307,C0009,2025-04-10,10,True,,,,False,True,
T01110,K01864,C0066,2025-04-10,10,True,,7.0,8.0,True,False,Goed traject met sterke doelrealisatie en goede tevredenheid; een solide afsluiting met merkbare resultaten.
T01111,K01629,C0062,2025-04-11,5,True,,3.0,6.0,True,False,Moeizaam verloop met lage tevredenheid en beperkte doelrealisatie; het traject heeft weinig opgeleverd voor de coachee.
T01112,K02417,C0017,2025-04-12,4,False,external-coach,,,False,False,
T01113,K01650,C0094,2025-04-13,9,True,,,,False,True,
T01114,K01873,C0103,2025-04-14,8,True,,,,False,False,
T01115,K01988,C0053,2025-04-15,12,True,,6.0,6.0,True,False,Neutraal traject met gelijke standen; het verloop was ordelijk maar zonder sterke ontplooiing van potentieel.
T01116,K01878,C0047,2025-04-18,6,True,,,,False,False,
T01117,K02428,C0058,2025-04-18,13,True,,5.0,7.0,True,False,Acceptabel traject met redelijke doelrealisatie en matige tevredenheid; een correcte afronding zonder noemenswaardige hoogtepunten.
T01118,K01690,C0015,2025-04-18,3,False,external-coach,,,False,False,
T01119,K02323,C0070,2025-04-19,8,True,,,,False,True,
T01120,K01634,C0094,2025-04-19,5,True,,7.0,9.0,True,False,"Goed traject afgerond met sterke doelrealisatie; de tevredenheid had iets hoger mogen zijn, maar de resultaten spreken voor zich."
T01121,K02222,C0045,2025-04-19,9,True,,7.0,9.0,True,False,Uitstekende doelrealisatie behaald en traject succesvol afgerond; nog ruimte voor verbetering in de algehele ervaring.
T01122,K02187,C0047,2025-04-19,2,False,external-coach,,,False,True,
T01123,K02040,C0099,2025-04-19,9,True,,,,False,True,
T01124,K01761,C0072,2025-04-20,7,True,,3.0,8.0,True,False,Ondanks beperkte tevredenheid zijn de doelstellingen goed gerealiseerd; mogelijk mismatch tussen verwachtingen en procesbeleving.
T01125,K01788,C0070,2025-04-20,5,True,,,,False,False,
T01126,K02318,C0024,2025-04-23,3,False,disappeared,3.0,6.0,True,False,Traject voortijdig beëindigd door uitval; doelrealisatie bleef ondermaats en tevredenheid was laag.
T01127,K01671,C0114,2025-04-25,15,True,,8.0,8.0,True,False,Zeer geslaagd traject met goede tevredenheid en sterke doelrealisatie; coachee heeft goed gebaat bij het programma.
T01128,K02063,C0049,2025-04-25,4,False,no-longer-wanted,5.0,8.0,True,False,Traject voortijdig stopgezet omdat coachee niet langer interesse had; doelrealisatie was nog aanwezig maar momentum verloren.
T01129,K01643,C0051,2025-04-25,6,True,,5.0,8.0,True,False,"Goede doelrealisatie bereikt, hoewel tevredenheid matig bleef; traject is wel afgerond."
T01130,K02037,C0101,2025-04-26,10,True,,7.0,8.0,True,False,Solide traject met degelijke doelrealisatie en redelijke tevredenheid; coachee heeft stappen vooruit gemaakt.
T01131,K01712,C0094,2025-04-26,13,True,,6.0,9.0,True,False,Uitstekende doelrealisatie bereikt ondanks gemiddelde tevredenheid; resultaten wegen op tegen de begeleiding.
T01132,K01914,C0111,2025-04-26,4,False,disappeared,7.0,9.0,True,False,Traject onverwacht gestaakt terwijl doelrealisatie goed op weg was; jammer dat momentum niet is behouden.
T01133,K01641,C0019,2025-05-01,3,False,no-longer-wanted,,,False,False,
T01134,K02204,C0059,2025-05-02,6,True,,,,False,True,
T01135,K01596,C0026,2025-05-02,10,True,,5.0,9.0,True,False,Ondanks matige tevredenheid zijn de doelstellingen bijna perfect gerealiseerd; inspanningen hebben duidelijk opgeleverd.
T01136,K01917,C0016,2025-05-03,6,True,,6.0,8.0,True,False,Goed afgerond traject met stevige doelrealisatie en acceptabele tevredenheid; coachee is voortgang geboekt.
T01137,K01850,C0002,2025-05-04,8,True,,6.0,10.0,True,False,Perfecte doelrealisatie bereikt met goed traject; ondanks gemiddelde tevredenheid zijn alle doelen volledig behaald.
T01138,K02392,C0055,2025-05-05,4,True,,5.0,7.0,True,False,Traject afgerond met matige tevredenheid en redelijke doelrealisatie; resultaten zijn bescheiden maar aanwezig.
T01139,K02435,C0035,2025-05-05,13,True,,7.0,8.0,True,True,Goed afgerond traject met goede doelrealisatie en tevredenheid; coachee heeft profijt gehad van de begeleiding.
T01140,K02169,C0081,2025-05-05,2,False,external-coach,,,False,False,
T01141,K01773,C0050,2025-05-07,2,False,disappeared,,,False,False,
T01142,K01563,C0082,2025-05-07,4,True,,6.0,8.0,True,False,Degelijk traject met acceptabele doelrealisatie en matige tevredenheid; coachee is voortgang geboekt.
T01143,K01676,C0058,2025-05-07,9,True,,5.0,7.0,True,False,"Afgerond traject met redelijke doelrealisatie; tevredenheid was matig, wat duidt op mogelijke discrepantie in procesbeleving."
T01144,K02195,C0090,2025-05-07,9,True,,7.0,7.0,True,False,Goed afgerond traject met balans tussen tevredenheid en doelrealisatie; coachee heeft constructief aan het programma deelgenomen.
T01145,K01696,C0084,2025-05-09,7,True,,,,False,False,
T01146,K02290,C0047,2025-05-09,9,True,,,,False,False,
T01147,K02243,C0032,2025-05-10,10,True,,6.0,8.0,True,False,Solide afgerond traject met goede doelrealisatie en acceptabele tevredenheid; coachee heeft voldoende voortgang geboekt.
T01148,K02162,C0116,2025-05-10,9,True,,6.0,9.0,True,False,"Goed afgerond traject met sterke doelrealisatie; tevredenheid was gemiddeld, maar resultaten zijn overtuigend."
T01149,K01631,C0067,2025-05-10,14,True,,6.0,7.0,True,False,"Het traject is afgerond met redelijke doelrealisatie, hoewel de tevredenheid matig blijft. De voortgang was stabiel, maar meer aansluiting op persoonlijke wensen zou helpen."
T01150,K01648,C0034,2025-05-11,10,True,,6.0,10.0,True,False,"Alle gestelde doelen zijn uitstekend behaald, ondanks gemiddelde tevredenheid over het proces. Dit suggereert dat de inhoud goed werkt, maar de beleving kan nog verbeteren."
T01151,K02165,C0098,2025-05-11,8,True,,7.0,6.0,True,False,"Het traject toont een positieve ervaring, hoewel de doelrealisatie wat achterblijft. Meer focus op concrete resultaten zou de afsluiting kunnen versterken."
T01152,K02312,C0107,2025-05-11,9,True,,6.0,8.0,True,False,Goed traject met sterke doelrealisatie en matige tevredenheid; de coachee heeft duidelijk voortgang geboekt ondanks enkele onvoldoende momenten.
T01153,K01665,C0019,2025-05-11,2,False,disappeared,5.0,10.0,True,False,"Ondanks excellente doelrealisatie is het contact verbroken, wat op motivatie- of levenssituatiewisseling duidt. Jammer dat het traject niet kon worden afgerond."
T01154,K02294,C0066,2025-05-13,4,True,,,,False,True,
T01155,K01733,C0008,2025-05-13,7,True,,,,False,True,
T01156,K01561,C0119,2025-05-13,12,True,,5.0,9.0,True,False,"Zeer goede doelrealisatie bereikt met minimale tevredenheid, wat wijst op pragmatische voortgang ondanks onderliggende onvrede. Meer aandacht voor de beleving zou nuttig zijn geweest."
T01157,K02000,C0106,2025-05-14,5,True,,6.0,7.0,True,False,Het traject is stabiel afgerond met evenwichtige resultaten op beide domeinen; een solide basis voor vervolgstappen.
T01158,K01827,C0071,2025-05-14,10,True,,5.0,8.0,True,False,"Goed resultaat op doelrealisatie ondanks lage tevredenheid; dit suggereert dat de coachee wel vooruitgang boekt, maar zich niet volledig begrepen voelt."
T01159,K01996,C0101,2025-05-16,11,True,,5.0,8.0,True,False,"Goede voortgang op doelen met gemiddelde tevredenheid; het traject heeft werkbare resultaten opgeleverd, al was de samenwerking niet optimaal."
T01160,K02390,C0088,2025-05-16,9,True,,,,False,False,
T01161,K02062,C0098,2025-05-16,7,True,,5.0,8.0,True,False,"Solide doelrealisatie bereikt met beperkte tevredenheid; de coachee is vooruitgegaan, maar de ervaring van het traject had beter kunnen zijn."
T01162,K01565,C0097,2025-05-16,4,True,,6.0,9.0,True,False,Sterk traject met goede doelrealisatie en redelijke tevredenheid; de coachee heeft aantoonbare voortgang geboekt en is tevreden over het bereikt resultaat.
T01163,K01916,C0114,2025-05-17,6,True,,,,False,False,
T01164,K02246,C0097,2025-05-17,5,True,,6.0,4.0,True,False,Ondanks matige tevredenheid is de doelrealisatie achterblijvend; het traject heeft niet het gewenste effect gehad en verdient heroverwegingen.
T01165,K02136,C0050,2025-05-19,2,False,disappeared,2.0,7.0,True,True,"Onverwacht contact verbroken met zeer lage tevredenheid, ondanks objectief goede doelrealisatie. Dit duidt op fundamentele onvrede met aanpak of begeleider."
T01166,K02352,C0068,2025-05-19,3,False,other,3.0,9.0,True,False,"Voortijdig beëindigd om externe redenen met lage tevredenheid, hoewel doelen inhoudelijk goed werden bereikt. Jammer dat het proces niet voltooid kon worden."
T01167,K02025,C0116,2025-05-19,7,True,,5.0,8.0,True,True,Goed afgerond traject met sterke doelrealisatie ondanks gemiddelde tevredenheid; de coachee is inhoudelijk vooruitgegaan.
T01168,K02122,C0048,2025-05-21,7,True,,,,False,True,
T01169,K02320,C0098,2025-05-21,6,True,,,,False,False,
T01170,K01602,C0039,2025-05-22,3,True,,6.0,10.0,True,True,Excellent afgerond traject met maximale doelrealisatie en goede tevredenheid; de coachee heeft alle ambities bereikt en is tevreden over het resultaat.
T01171,K02282,C0113,2025-05-22,9,True,,5.0,6.0,True,False,"Matig traject met gemiddelde scores op beide domeinen; enige voortgang is geboekt, maar het resultaat blijft onder verwachting."
T01172,K02346,C0055,2025-05-23,13,True,,7.0,7.0,True,False,Evenwichtig en positief afgerond traject met gelijke scores voor tevredenheid en doelrealisatie; een geslaagde samenwerking met solide resultaten.
T01173,K01825,C0084,2025-05-24,5,False,other,,,False,False,
T01174,K01790,C0110,2025-05-24,11,True,,,,False,False,
T01175,K02425,C0117,2025-05-25,10,True,,,,False,False,
T01176,K02066,C0072,2025-05-25,11,True,,,,False,False,
T01177,K01987,C0090,2025-05-25,8,True,,5.0,6.0,True,False,Matig traject met beperkte voortgang op beide vlakken; meer toewijding of aanpassingen zouden nodig zijn geweest voor betere resultaten.
T01178,K02115,C0061,2025-05-25,11,True,,6.0,9.0,True,False,"Goed afgerond traject met sterke doelrealisatie en matige tevredenheid; inhoudelijk veel bereikt, hoewel het proces beter had gekund."
T01179,K02130,C0094,2025-05-25,1,False,other,,,False,True,
T01180,K01560,C0114,2025-05-26,2,False,disappeared,,,False,False,
T01181,K01760,C0085,2025-05-26,5,True,,3.0,5.0,True,True,"Het traject is afgerond, maar de lage tevredenheid (3/10) geeft aan dat de samenwerking niet optimaal is verlopen ondanks matige doelrealisatie (5/10). Aanbeveling: reflectie op de aanpak en betrokkenheid."
T01182,K02004,C0099,2025-05-26,7,True,,6.0,9.0,True,False,Goed afgerond traject met sterke doelrealisatie (9/10) en redelijke tevredenheid (6/10); de coachee heeft duidelijke vooruitgang geboekt en de gestelde doelen grotendeels bereikt.
T01183,K02038,C0040,2025-05-26,3,False,external-coach,,,False,False,
T01184,K01559,C0009,2025-05-27,3,False,no-longer-wanted,6.0,8.0,True,False,"Het traject is voortijdig beëindigd op verzoek van de coachee, ondanks goede doelrealisatie (8/10); mogelijk ontbrak de motivatie om het proces voort te zetten."
T01185,K02225,C0050,2025-06-01,5,True,,6.0,10.0,True,False,Uitstekend afgerond traject met volledige doelrealisatie (10/10) en solide tevredenheid (6/10); de coachee heeft al haar gestelde doelen succesvol bereikt.
T01186,K01642,C0112,2025-06-01,15,True,,6.0,8.0,True,False,Traject succesvol afgerond met goede doelrealisatie (8/10) en gemiddelde tevredenheid (6/10); de coachee heeft substantiële voortgang geboekt.
T01187,K02128,C0062,2025-06-02,9,True,,4.0,7.0,True,True,Afgerond traject met matige tevredenheid (4/10) en redelijke doelrealisatie (7/10); de coachee heeft doelen bereikt maar beleefde het proces als minder prettig.
T01188,K02164,C0066,2025-06-02,13,True,,4.0,6.0,True,True,Traject afgerond met beperkte tevredenheid (4/10) en matige doelrealisatie (6/10); verdere aandacht voor betrokkenheid en duidelijke doelstelling is wenselijk.
T01189,K02245,C0099,2025-06-02,10,True,,8.0,8.0,True,False,Traject succesvol afgerond met goede tevredenheid (8/10) en solide doelrealisatie (8/10); de coachee was tevreden en heeft aanmerkelijke vooruitgang geboekt.
T01190,K01585,C0007,2025-06-02,3,False,disappeared,,,False,False,
T01191,K02416,C0114,2025-06-02,3,False,no-longer-wanted,,,False,True,
T01192,K01732,C0021,2025-06-03,8,True,,5.0,8.0,True,False,Afgerond traject met goede doelrealisatie (8/10) en gemiddelde tevredenheid (5/10); ondanks beperkte tevredenheid zijn de gestelde doelen grotendeels bereikt.
T01193,K02092,C0017,2025-06-03,9,True,,3.0,8.0,True,False,Traject afgerond met opvallende doelrealisatie (8/10) ondanks lage tevredenheid (3/10); de coachee heeft doelen bereikt maar ervaarde de samenwerking als minder positief.
T01194,K01718,C0013,2025-06-08,7,True,,6.0,7.0,True,False,Traject succesvol afgerond met goede doelrealisatie (7/10) en tevredenheid (6/10); de coachee heeft vooruitgang geboekt en is redelijk tevreden met het resultaat.
T01195,K02005,C0108,2025-06-08,11,True,,5.0,6.0,True,True,Traject afgerond met gemiddelde tevredenheid (5/10) en matige doelrealisatie (6/10); de resultaten zijn bescheiden en aandacht voor motivatie zou kunnen helpen.
T01196,K02073,C0084,2025-06-08,9,True,,5.0,7.0,True,True,Afgerond traject met gemiddelde tevredenheid (5/10) en redelijke doelrealisatie (7/10); de coachee heeft voortgang geboekt hoewel het enthousiasme matig bleef.
T01197,K01905,C0001,2025-06-09,5,False,disappeared,,,False,False,
T01198,K01538,C0073,2025-06-09,4,True,,4.0,8.0,True,False,Traject afgerond met lage tevredenheid (4/10) maar opvallend goede doelrealisatie (8/10); ondanks onvoldoende tevredenheid zijn de doelen effectief bereikt.
T01199,K01836,C0043,2025-06-10,3,False,external-coach,5.0,10.0,True,False,Traject voortijdig beëindigd omdat de coachee naar een externe coach is overgegaan; ondanks volledige doelrealisatie (10/10) kon dit programma niet worden afgerond.
T01200,K02159,C0103,2025-06-10,8,True,,7.0,10.0,True,False,Uitstekend afgerond traject met volle doelrealisatie (10/10) en goede tevredenheid (7/10); de coachee is zeer succesvol geweest en tevreden met de begeleiding.
T01201,K01525,C0001,2025-06-10,2,False,disappeared,5.0,8.0,True,False,Traject niet afgerond vanwege uitval van de coachee; ondanks goede doelrealisatie (8/10) kon het proces niet worden voltooid.
T01202,K01698,C0081,2025-06-11,5,True,,6.0,8.0,True,False,Succesvol afgerond traject met goede doelrealisatie (8/10) en tevredenheid (6/10); de coachee heeft aanzienlijke voortgang geboekt en is redelijk tevreden.
T01203,K01831,C0034,2025-06-12,5,True,,5.0,9.0,True,True,Traject succesvol afgerond met uitstekende doelrealisatie (9/10) en gemiddelde tevredenheid (5/10); de coachee heeft bijna alle doelen bereikt.
T01204,K01887,C0030,2025-06-12,4,True,,,,False,False,
T01205,K01985,C0050,2025-06-13,5,False,disappeared,5.0,8.0,True,False,Traject niet afgerond omdat de coachee is uitgevallen; ondanks goede doelrealisatie (8/10) kon het traject niet worden voltooid.
T01206,K01762,C0119,2025-06-13,9,True,,,,False,True,
T01207,K02064,C0072,2025-06-14,6,True,,5.0,9.0,True,True,"De doelstellingen zijn uitstekend behaald, maar de tevredenheid over het traject zelf was matig. De uitvoering kan in toekomst beter aansluiten bij verwachtingen."
T01208,K01813,C0074,2025-06-17,8,True,,6.0,8.0,True,False,"Goed resultaat met solide doelrealisatie; de samenwerking verliep behoorlijk, al is er ruimte voor meer afstemming."
T01209,K01834,C0114,2025-06-17,9,True,,,,False,False,
T01210,K01599,C0107,2025-06-18,9,True,,6.0,7.0,True,False,"Het traject heeft redelijke resultaten opgeleverd, hoewel zowel tevredenheid als doelrealisatie nog wat hoger hadden kunnen uitvallen."
T01211,K02201,C0103,2025-06-18,8,True,,7.0,9.0,True,False,Zeer goed traject met sterke doelrealisatie en goede tevredenheid; een waardevol resultaat voor de coachee.
T01212,K02207,C0049,2025-06-18,7,True,,,,False,False,
T01213,K02188,C0103,2025-06-18,13,True,,,,False,False,
T01214,K02374,C0082,2025-06-19,9,True,,,,False,False,
T01215,K01540,C0025,2025-06-19,13,True,,7.0,7.0,True,True,Evenwichtig traject met gelijke scores voor tevredenheid en doelrealisatie; een solide afrondingen zonder uitschieters.
T01216,K02013,C0022,2025-06-21,7,True,,,,False,False,
T01217,K02443,C0069,2025-06-22,11,True,,6.0,7.0,True,False,"Redelijk verloop met behoorlijke doelrealisatie, al had meer betrokkenheid de ervaring kunnen verbeteren."
T01218,K01526,C0044,2025-06-23,9,True,,,,False,False,
T01219,K01843,C0044,2025-06-23,4,True,,5.0,8.0,True,True,De gestelde doelen zijn goed bereikt ondanks gematigde tevredenheid; het proces had beter kunnen voelen voor de coachee.
T01220,K01738,C0039,2025-06-23,9,True,,6.0,9.0,True,False,Sterk traject met uitstekende doelrealisatie en goede tevredenheid; een geslaagde samenwerking.
T01221,K02297,C0095,2025-06-24,2,False,external-coach,,,False,False,
T01222,K01744,C0094,2025-06-25,2,False,external-coach,,,False,False,
T01223,K02143,C0067,2025-06-27,4,False,no-longer-wanted,,,False,True,
T01224,K02433,C0101,2025-06-27,10,True,,6.0,8.0,True,True,Goed resultaat bereikt met behoorlijke tevredenheid en sterke doelrealisatie over het geheel.
T01225,K01944,C0011,2025-07-02,5,True,,6.0,7.0,True,False,Evenwichtig traject met redelijke resultaten op beide fronten; een behoorlijke afronding.
T01226,K02150,C0039,2025-07-03,5,True,,,,False,True,
T01227,K01978,C0114,2025-07-03,9,True,,,,False,False,
T01228,K02263,C0072,2025-07-05,5,True,,5.0,9.0,True,False,"Excellente doelrealisatie bereikt, hoewel de tevredenheid achter kon blijven; de inhoudelijke resultaten spreken voor zich."
T01229,K01694,C0094,2025-07-06,5,True,,7.0,7.0,True,False,Goed afgerond traject met evenwichtige scores; een betrouwbare samenwerking met duidelijke resultaten.
T01230,K01933,C0006,2025-07-10,7,True,,,,False,True,
T01231,K01876,C0067,2025-07-12,5,True,,4.0,8.0,True,False,Ondanks lage tevredenheid zijn de doelen goed gerealiseerd; de inhoud werkte beter dan de beleving.
T01232,K01797,C0013,2025-07-12,12,True,,6.0,7.0,True,False,Redelijk traject met beperkte tevredenheid en matige doelrealisatie; er was meer mogelijk geweest.
T01233,K01582,C0050,2025-07-13,7,True,,5.0,8.0,True,False,Goed resultaat bereikt ondanks gematigde tevredenheid; de concrete doelen zijn waargemaakt.
T01234,K02260,C0036,2025-07-16,12,True,,6.0,8.0,True,False,Behoorlijk traject met goede doelrealisatie en redelijke tevredenheid; een solide afronding.
T01235,K01880,C0047,2025-07-17,8,True,,6.0,7.0,True,False,Redelijk verloop met evenwichtige resultaten; het traject heeft de basisverwachtingen waargemaakt.
T01236,K01927,C0047,2025-07-18,7,True,,6.0,5.0,True,False,Beperkte doelrealisatie ondanks redelijke tevredenheid; de inhoudelijke voortgang bleef achter.
T01237,K02076,C0025,2025-07-18,9,True,,5.0,10.0,True,False,"Uitstekende doelrealisatie bereikt; hoewel de tevredenheid gematigd was, zijn de resultaten overtuigend."
T01238,K02024,C0089,2025-07-19,4,False,disappeared,5.0,4.0,True,True,Traject voortijdig beëindigd door uitval van de coachee; zowel tevredenheid als doelrealisatie bleven zeer beperkt.
T01239,K01888,C0084,2025-07-19,2,False,no-longer-wanted,,,False,True,
T01240,K01999,C0050,2025-07-22,8,True,,,,False,False,
T01241,K01977,C0066,2025-07-22,9,True,,4.0,7.0,True,False,"De doelstellingen zijn goed gerealiseerd, maar de tevredenheid bleef achter bij de verwachtingen. Mogelijk verdient de begeleiding meer aandacht voor persoonlijke afstemming."
T01242,K02231,C0006,2025-07-23,8,True,,5.0,9.0,True,False,"Uitstekende doelrealisatie ondanks matige tevredenheid; het traject leverde concrete resultaten op, hoewel de ervaring niet volledig aansloot."
T01243,K01953,C0019,2025-07-24,7,True,,6.0,7.0,True,False,Solide voortgang met redelijke tevredenheid en doelrealisatie; het traject heeft duidelijk waarde opgeleverd voor de coachee.
T01244,K02271,C0077,2025-07-24,4,False,other,6.0,9.0,True,False,"Sterke doelrealisatie bereikt, maar het traject is niet afgerond volgens plan. Afsluiting en vervolgafspraken verdienen aandacht."
T01245,K01770,C0085,2025-07-25,8,True,,6.0,8.0,True,False,Goed resultaat met goede doelrealisatie en voldoende tevredenheid; een evenwichtig en succesvol traject.
T01246,K02368,C0070,2025-07-25,5,True,,4.0,4.0,True,True,Zowel tevredenheid als doelrealisatie bleven onder verwachting; het traject heeft onvoldoende opgeleverd en verdient reflectie.
T01247,K01510,C0048,2025-07-26,5,True,,7.0,8.0,True,False,Positief traject met goed bereikt resultaat en sterke tevredenheid van de coachee; een geslaagde samenwerking.
T01248,K02287,C0015,2025-08-02,9,True,,,,False,False,
T01249,K02221,C0108,2025-08-03,5,True,,5.0,8.0,True,False,Goede doelrealisatie bereikt ondanks matige tevredenheid; de concrete voortgang weegt op tegen een minder positieve beleving.
T01250,K01889,C0039,2025-08-03,9,True,,4.0,9.0,True,False,Opvallend: zeer hoge doelrealisatie terwijl tevredenheid laag bleef. Mogelijk verschil tussen objectieve voortgang en subjectieve ervaring.
T01251,K02012,C0070,2025-08-04,4,True,,5.0,4.0,True,False,Teleurstellend resultaat: doelrealisatie bleef beperkt en tevredenheid was laag. Meer focus op effectiviteit en engagement was nodig geweest.
T01252,K01608,C0074,2025-08-06,6,True,,3.0,7.0,True,True,Matige tevredenheid ondanks redelijke doelrealisatie; de coachee was niet volledig overtuigd van de waarde van het traject.
T01253,K01697,C0065,2025-08-06,10,True,,6.0,7.0,True,False,Solide voortgang met voldoende tevredenheid en doelrealisatie; een stabiel en nuttig traject.
T01254,K02348,C0074,2025-08-08,7,True,,3.0,6.0,True,False,Lage tevredenheid bij beperkte doelrealisatie; het traject heeft onvoldoende aan verwachtingen voldaan.
T01255,K01970,C0081,2025-08-08,9,True,,,,False,True,
T01256,K02116,C0049,2025-08-09,2,False,disappeared,7.0,9.0,True,False,"Sterke voortgang en hoge tevredenheid, maar het traject is voortijdig gestaakt. Jammer dat dit proces niet is afgerond."
T01257,K02105,C0098,2025-08-10,8,True,,,,False,False,
T01258,K02406,C0073,2025-08-11,3,False,disappeared,,,False,True,
T01259,K02153,C0069,2025-08-11,11,True,,6.0,9.0,True,False,Uitstekend resultaat: hoge doelrealisatie gecombineerd met goede tevredenheid. Een succesvol en waardevol traject.
T01260,K02372,C0050,2025-08-13,8,True,,6.0,8.0,True,False,Goed afgerond traject met sterke doelrealisatie en voldoende tevredenheid; solide resultaat bereikt.
T01261,K02163,C0061,2025-08-13,6,True,,8.0,8.0,True,False,Zeer positief traject: hoge tevredenheid en excellente doelrealisatie. Een voorbeeldige samenwerking met duidelijk resultaat.
T01262,K01755,C0028,2025-08-13,10,True,,2.0,5.0,True,False,Zeer lage tevredenheid en beperkte doelrealisatie; het traject heeft essentieel niet opgeleverd wat nodig was.
T01263,K02197,C0116,2025-08-14,4,False,external-coach,,,False,False,
T01264,K01607,C0114,2025-08-14,6,True,,4.0,7.0,True,True,Redelijke doelrealisatie ondanks lage tevredenheid; het traject leverde resultaat op maar voelde voor de coachee onvoldoende passend.
T01265,K01896,C0069,2025-08-17,9,True,,4.0,8.0,True,True,"Goed resultaat met sterke doelrealisatie, hoewel de tevredenheid wat achterblijft; de concrete voortgang is duidelijk."
T01266,K01951,C0039,2025-08-18,11,True,,5.0,10.0,True,True,"Doelstelling volledig bereikt, maar de samenwerking voelde niet optimaal aan; mogelijk was de aanpak niet helemaal passend voor deze coachee."
T01267,K01710,C0036,2025-08-22,2,False,external-coach,,,False,True,
T01268,K02389,C0045,2025-08-22,2,False,no-longer-wanted,,,False,True,
T01269,K02206,C0081,2025-08-22,5,False,other,,,False,False,
T01270,K01993,C0108,2025-08-26,14,True,,,,False,False,
T01271,K02166,C0054,2025-08-27,8,True,,6.0,6.0,True,False,"Matige tevredenheid en doelrealisatie; het traject heeft enig resultaat opgeleverd, maar meer inhoud of afstemming had beter kunnen uitpakken."
T01272,K02028,C0055,2025-08-27,10,True,,7.0,8.0,True,False,Goed traject met sterke doelrealisatie; de coachee is tevreden en heeft duidelijke vooruitgang geboekt.
T01273,K01511,C0059,2025-09-01,3,True,,6.0,8.0,True,False,Solide resultaat met goed bereikt doel ondanks matige tevredenheid; mogelijk speelde verwachtingsmanagement een rol.
T01274,K02430,C0116,2025-09-01,7,True,,7.0,8.0,True,False,Positief traject met goed bereikt doel en tevredenheid; de coachee heeft concrete stappen gemaakt.
T01275,K01518,C0044,2025-09-02,1,False,no-longer-wanted,6.0,10.0,True,False,Ondanks perfecte doelrealisatie heeft de coachee gekozen het traject voortijdig te beëindigen; blijkbaar was de behoefte niet meer aanwezig.
T01276,K01849,C0067,2025-09-02,7,True,,7.0,9.0,True,False,Zeer succesvol traject met hoge doelrealisatie en goede tevredenheid; sterke samenwerking en duidelijke resultaten.
T01277,K02356,C0095,2025-09-04,7,True,,6.0,8.0,True,False,Goed afgerond traject met solide doelrealisatie; de coachee is redelijk tevreden en heeft vooruitgang geboekt.
T01278,K02021,C0088,2025-09-04,10,True,,6.0,7.0,True,False,Redelijk traject met matige tevredenheid maar aanvaardbare doelrealisatie; ruimte voor verbetering in de samenwerking.
T01279,K01683,C0082,2025-09-05,11,True,,5.0,6.0,True,False,Beperkte tevredenheid en doelrealisatie; het traject heeft slechts gedeeltelijk aan de verwachtingen voldaan.
T01280,K01975,C0071,2025-09-05,3,False,external-coach,6.0,8.0,True,False,Traject voortijdig gestopt wegens overstap naar externe coach; doelrealisatie was in progress met redelijke voortgang.
T01281,K01883,C0088,2025-09-05,4,True,,5.0,7.0,True,False,Matige tevredenheid maar redelijke doelrealisatie; het traject heeft enige waarde opgeleverd ondanks kritische noten.
T01282,K02259,C0077,2025-09-05,6,True,,,,False,True,
T01283,K01720,C0017,2025-09-06,6,True,,,,False,False,
T01284,K01702,C0058,2025-09-06,9,True,,4.0,7.0,True,True,Lage tevredenheid ondanks behoorlijke doelrealisatie; de coachee voelde zich niet goed ondersteund in het proces.
T01285,K02252,C0025,2025-09-06,11,True,,,,False,True,
T01286,K02008,C0114,2025-09-07,7,True,,3.0,8.0,True,False,Onvoldoende tevredenheid en samenwerkingservaring ondanks doelbereik; de relatie was niet ideaal ondanks concrete resultaten.
T01287,K01910,C0112,2025-09-09,3,False,no-longer-wanted,,,False,False,
T01288,K02361,C0001,2025-09-09,9,True,,6.0,6.0,True,False,Neutraal traject met gelijke scores; zowel tevredenheid als doelrealisatie waren matig en uitblijven.
T01289,K01517,C0049,2025-09-10,13,True,,8.0,5.0,True,False,Goede tevredenheid maar beperkte doelrealisatie; de coachee waardeert de begeleiding maar concrete doelen zijn minder behaald.
T01290,K02398,C0044,2025-09-10,4,True,,6.0,9.0,True,False,Goed traject met hoge doelrealisatie; de coachee is tevreden en heeft substantiële vooruitgang geboekt.
T01291,K02067,C0088,2025-09-10,7,True,,7.0,10.0,True,False,Uitstekend traject met volledige doelrealisatie en goede tevredenheid; zeer succesvolle samenwerking met concrete resultaten.
T01292,K01823,C0002,2025-09-11,6,False,disappeared,7.0,9.0,True,True,Traject onderbroken door onverwachte omstandigheden; doelrealisatie was in voorbereiding met positieve voortgang.
T01293,K02173,C0021,2025-09-11,2,False,other,4.0,5.0,True,True,Traject voortijdig gestopt met lage tevredenheid en doelrealisatie; de samenwerking heeft niet goed kunnen landen.
T01294,K01958,C0007,2025-09-12,8,True,,6.0,8.0,True,False,"De doelstellingen zijn goed gerealiseerd, maar de tevredenheid over het traject zelf had hoger kunnen zijn. Een solide afronding met ruimte voor verbetering in de begeleiding."
T01295,K02236,C0040,2025-09-12,5,True,,,,False,True,
T01296,K02212,C0058,2025-09-12,3,False,no-longer-wanted,7.0,7.0,True,False,"Het traject is voortijdig beëindigd omdat de coachee het niet langer wenste voort te zetten, ondanks redelijke voortgang op beide gebieden."
T01297,K01667,C0103,2025-09-14,6,True,,6.0,6.0,True,False,Het traject is afgerond met matige resultaten; zowel tevredenheid als doelrealisatie bleven onder de verwachtingen.
T01298,K01765,C0114,2025-09-14,3,True,,,,False,False,
T01299,K02112,C0119,2025-09-14,5,True,,,,False,True,
T01300,K02048,C0048,2025-09-14,6,True,,,,False,False,
T01301,K02319,C0034,2025-09-15,10,True,,5.0,9.0,True,False,"Ondanks beperkte tevredenheid over het proces zijn de doelstellingen uitstekend gerealiseerd, wat aantoont dat resultaten soms meer spreken dan ervaring."
T01302,K01921,C0072,2025-09-15,8,True,,7.0,9.0,True,False,Een succesvol traject met goede tevredenheid en sterke doelrealisatie; de coachee heeft concrete vooruitgang geboekt.
T01303,K01546,C0099,2025-09-15,4,False,external-coach,,,False,True,
T01304,K02172,C0025,2025-09-15,7,True,,4.0,7.0,True,False,"De doelrealisatie is redelijk, maar de lage tevredenheid wijst op onvoldoende afstemming tussen verwachtingen en uitvoering."
T01305,K02256,C0063,2025-09-16,11,True,,,,False,False,
T01306,K01749,C0024,2025-09-17,8,True,,8.0,10.0,True,False,Uitstekend traject met volledige doelrealisatie en hoge tevredenheid; een voorbeeldcasus van succesvol coaching.
T01307,K02255,C0062,2025-09-17,10,True,,7.0,8.0,True,False,Een goed afgerond traject met goede tevredenheid en solide doelrealisatie; de coachee is tevreden met de voortgang.
T01308,K01778,C0006,2025-09-18,10,True,,6.0,7.0,True,False,Het traject is afgerond met redelijke resultaten en matige tevredenheid; verdere aandacht voor coaching-kwaliteit is wenselijk.
T01309,K02110,C0008,2025-09-18,6,True,,5.0,7.0,True,True,"Hoewel de doelstellingen redelijk zijn gerealiseerd, was de tevredenheid beperkt; communicatie en aanpak zouden beter kunnen aansluiten."
T01310,K01775,C0104,2025-09-18,4,True,,5.0,8.0,True,False,"De doelstellingen zijn goed bereikt, maar de lage tevredenheid suggereert dat het proces beter had kunnen worden ervaren."
T01311,K01659,C0083,2025-09-18,8,True,,8.0,9.0,True,False,Een sterk traject met hoge tevredenheid en uitstekende doelrealisatie; de coachee voelt zich goed ondersteund en heeft concrete resultaten bereikt.
T01312,K02061,C0052,2025-09-19,11,True,,4.0,8.0,True,True,Ondanks lage tevredenheid zijn de doelen behoorlijk gerealiseerd; meer aandacht voor de ervaringswereld van de coachee zou helpen.
T01313,K02409,C0103,2025-09-20,9,True,,6.0,9.0,True,False,"Sterke doelrealisatie ondanks matige tevredenheid; de coachee heeft inhoudelijk veel bereikt, maar voelde zich niet altijd goed begrepen."
T01314,K01577,C0069,2025-09-20,2,False,disappeared,,,False,False,
T01315,K01520,C0084,2025-09-21,3,False,disappeared,,,False,False,
T01316,K01875,C0072,2025-09-21,7,True,,4.0,8.0,True,False,Lage tevredenheid met redelijke doelrealisatie wijst op een mismatch tussen proces en resultaat; reflectie op aanpak is nodig.
T01317,K01514,C0047,2025-09-21,14,True,,6.0,8.0,True,False,Een redelijk succesvol traject met matige tevredenheid maar goede doelrealisatie; de coachee heeft vooruitgang geboekt.
T01318,K01962,C0094,2025-09-23,7,True,,,,False,False,
T01319,K02019,C0019,2025-09-23,7,True,,,,False,False,
T01320,K01845,C0052,2025-09-23,5,False,disappeared,,,False,False,
T01321,K01625,C0113,2025-09-24,6,True,,4.0,8.0,True,True,Lage tevredenheid ondanks redelijke doelrealisatie; de coachee zou meer waardering voor het proces hebben willen voelen.
T01322,K02226,C0103,2025-09-25,10,True,,8.0,8.0,True,False,Een aangenaam en effectief traject met gelijke hoge scores voor tevredenheid en doelrealisatie; een evenwichtig succesverhaal.
T01323,K01716,C0107,2025-09-26,7,True,,4.0,6.0,True,True,Lage tevredenheid en matige doelrealisatie duiden op onvoldoende samenwerking of aansluiting; kritische evaluatie van het traject is gewenst.
T01324,K01735,C0085,2025-09-27,13,True,,6.0,8.0,True,False,Het traject is afgerond met redelijke tevredenheid en goed bereikte doelstellingen; een stabiel resultaat.
T01325,K02156,C0005,2025-09-27,5,True,,7.0,8.0,True,False,Fijne samenwerking met goede voortgang; de doelen zijn solide bereikt en u bent tevreden over het traject.
T01326,K02177,C0119,2025-09-27,4,False,no-longer-wanted,6.0,10.0,True,False,"De doelstellingen waren duidelijk en zijn volledig gerealiseerd, maar de samenwerking heeft niet volledig aan verwachtingen voldaan."
T01327,K02087,C0084,2025-09-27,9,True,,6.0,8.0,True,False,"Het traject is afgerond met redelijke doelrealisatie, hoewel er nog ruimte was voor meer tevredenheid."
T01328,K01688,C0114,2025-09-27,2,False,other,5.0,7.0,True,False,"Het traject is voortijdig beëindigd; hoewel enkele doelen zijn bereikt, paste de aanpak niet optimaal bij uw wensen."
T01329,K01785,C0017,2025-09-27,8,True,,6.0,7.0,True,False,Het traject is succesvol afgerond met acceptabele voortgang op beide vlakken.
T01330,K02267,C0110,2025-09-27,5,True,,,,False,False,
T01331,K02277,C0010,2025-10-01,4,False,disappeared,,,False,True,
T01332,K01737,C0068,2025-10-01,3,False,no-longer-wanted,5.0,9.0,True,True,Ondanks sterke doelrealisatie heeft u besloten het traject voortijdig af te sluiten; de samenwerking sloot onvoldoende aan.
T01333,K02309,C0025,2025-10-01,3,False,disappeared,,,False,False,
T01334,K01982,C0070,2025-10-01,13,True,,4.0,5.0,True,True,Het traject is afgerond maar heeft niet optimaal aan verwachtingen voldaan; beide scores geven aan dat aanpassingen nodig waren.
T01335,K01584,C0090,2025-10-02,7,True,,5.0,7.0,True,False,"Het traject is afgerond met matige resultaten; de doelen zijn gedeeltelijk bereikt, maar meer inzet had voordeel gehad."
T01336,K02216,C0116,2025-10-02,2,False,disappeared,,,False,False,
T01337,K02431,C0050,2025-10-03,8,True,,7.0,8.0,True,False,Goed afgerond traject met sterke doelrealisatie en tevredenheid over de samenwerking.
T01338,K02291,C0013,2025-10-03,3,False,external-coach,,,False,True,
T01339,K02308,C0099,2025-10-05,9,True,,,,False,False,
T01340,K02101,C0047,2025-10-05,5,True,,5.0,6.0,True,False,Het traject is afgerond maar beide scores wijzen op beperkte voortgang; meer afstemming had beter uitgepakt.
T01341,K02444,C0098,2025-10-06,10,True,,6.0,7.0,True,False,"Het traject is afgerond met acceptabele doelrealisatie, hoewel de tevredenheid matig bleef."
T01342,K02442,C0117,2025-10-06,11,True,,5.0,8.0,True,True,"Hoewel de tevredenheid matig was, zijn de doelen toch goed gerealiseerd en is het traject succesvol afgerond."
T01343,K01660,C0053,2025-10-06,9,True,,4.0,6.0,True,False,Het traject is afgerond met beperkte tevredenheid en matige doelrealisatie; meer structuur zou hebben geholpen.
T01344,K01957,C0032,2025-10-07,4,True,,2.0,8.0,True,True,Ondanks goede doelrealisatie was u weinig tevreden over het traject; de samenwerking sloot niet goed aan.
T01345,K01624,C0103,2025-10-09,3,False,disappeared,,,False,False,
T01346,K01689,C0003,2025-10-09,7,True,,4.0,6.0,True,False,Het traject is afgerond maar beide scores waren laag; de afstemming en voortgang bleven achter bij verwachtingen.
T01347,K01826,C0047,2025-10-10,6,True,,5.0,8.0,True,False,"Het traject is succesvol afgerond met goede doelrealisatie, hoewel de tevredenheid nog kon stijgen."
T01348,K02113,C0094,2025-10-10,6,True,,,,False,True,
T01349,K02394,C0108,2025-10-10,4,True,,5.0,7.0,True,False,"Het traject is afgerond met redelijke doelrealisatie, maar u was niet volledig tevreden over het verloop."
T01350,K02357,C0084,2025-10-10,10,True,,,,False,False,
T01351,K01527,C0101,2025-10-11,5,True,,4.0,8.0,True,False,"Goedemiddelde doelrealisatie bereikt, maar uw tevredenheid bleef achter; meer aandacht voor uw feedback zou helpen."
T01352,K01904,C0069,2025-10-11,7,True,,4.0,7.0,True,True,"Het traject is afgerond met beperkte tevredenheid, ondanks redelijke voortgang naar de doelen."
T01353,K02042,C0072,2025-10-11,11,True,,,,False,False,
T01354,K02047,C0108,2025-10-11,4,False,no-longer-wanted,,,False,True,
T01355,K02050,C0035,2025-10-11,4,False,disappeared,,,False,True,
T01356,K02421,C0114,2025-10-12,9,True,,6.0,9.0,True,False,Uitstekend afgerond traject met sterke doelrealisatie en goede tevredenheid over de samenwerking.
T01357,K01513,C0006,2025-10-12,10,True,,,,False,True,
T01358,K02354,C0066,2025-10-12,6,True,,,,False,False,
T01359,K02275,C0072,2025-10-13,6,True,,,,False,True,
T01360,K02351,C0067,2025-10-13,9,True,,5.0,9.0,True,False,"De doelstellingen zijn goed behaald, maar de tevredenheid bleef achter bij verwachting; mogelijk was de aanpak niet helemaal afgestemd op persoonlijke behoeften."
T01361,K01877,C0094,2025-10-14,7,True,,,,False,False,
T01362,K01945,C0080,2025-10-14,11,True,,6.0,9.0,True,False,"Solide resultaten met sterke doelrealisatie, hoewel de ervaring tijdens het traject gemiddeld werd ervaren; meer afstemming zou kunnen helpen."
T01363,K02300,C0034,2025-10-15,9,True,,5.0,8.0,True,False,"De doelstellingen zijn goed gerealiseerd, maar de overall tevredenheid was matig; inhoudelijk gezien is het traject geslaagd."
T01364,K01571,C0106,2025-10-15,17,True,,7.0,9.0,True,False,Uitstekende doelrealisatie met goede tevredenheid; dit was een positief traject met duidelijke vooruitgang.
T01365,K01521,C0047,2025-10-15,6,True,,4.0,8.0,True,True,"Ondanks lage tevredenheid zijn de doelen substantieel behaald; de procesmatige ervaring kon beter, maar de inhoudelijke resultaten zijn sterk."
T01366,K02223,C0084,2025-10-16,7,True,,,,False,False,
T01367,K01862,C0080,2025-10-17,11,True,,,,False,False,
T01368,K01814,C0059,2025-10-17,9,True,,4.0,7.0,True,False,Het traject laat een gemengd beeld zien met beperkte tevredenheid en matige doelrealisatie; verdere inspanning of andere aanpak lijkt nodig.
T01369,K01800,C0089,2025-10-17,11,True,,8.0,9.0,True,False,Excellent traject met hoge tevredenheid en sterke doelrealisatie; een erg positieve en productieve samenwerking.
T01370,K01903,C0015,2025-10-18,5,True,,5.0,8.0,True,False,"Goed bereikt doel met matige tevredenheid; de resultaten zijn er, maar de beleving ervan had beter gekund."
T01371,K01729,C0066,2025-10-18,5,False,external-coach,6.0,6.0,True,False,Het traject is voortijdig beëindigd vanwege wisseling van coach; doelrealisatie en tevredenheid waren evenwichtig maar onvoldoende om door te gaan.
T01372,K01966,C0101,2025-10-18,12,True,,6.0,7.0,True,False,Redelijke voortgang in zowel doelrealisatie als tevredenheid; een solide traject met acceptabele resultaten.
T01373,K02007,C0023,2025-10-18,3,False,no-longer-wanted,4.0,4.0,True,True,Het traject is vroegtijdig stopgezet omdat de coachee dit niet langer wenste; noch doelrealisatie noch tevredenheid waren hoog genoeg om voort te zetten.
T01374,K01644,C0056,2025-10-19,10,True,,,,False,False,
T01375,K02432,C0072,2025-10-19,15,True,,6.0,9.0,True,False,Sterk traject met uitstekende doelrealisatie en voldoende tevredenheid; de resultaten wegen op tegen de matige beleving.
T01376,K02232,C0067,2025-10-19,13,True,,,,False,False,
T01377,K01795,C0114,2025-10-19,6,True,,3.0,8.0,True,False,"Ondanks zeer lage tevredenheid zijn de doelen goed gerealiseerd; mogelijk was het proces zwaar, maar het resultaat is duidelijk aanwezig."
T01378,K02158,C0039,2025-10-20,12,True,,,,False,False,
T01379,K02154,C0088,2025-10-22,9,True,,6.0,6.0,True,False,Evenwichtig traject met matige scores op beide assen; acceptabele voortgang zonder uitblinkers.
T01380,K01728,C0052,2025-10-23,4,False,disappeared,,,False,False,
T01381,K01544,C0102,2025-10-23,7,True,,6.0,7.0,True,False,Redelijke voortgang met gelijke tevredenheid en doelrealisatie; een gemiddeld positief traject.
T01382,K01574,C0107,2025-10-24,9,True,,6.0,5.0,True,False,Matige doelrealisatie ondanks redelijke tevredenheid; de verwachtingen zijn niet volledig waargemaakt.
T01383,K01912,C0071,2025-10-24,7,True,,4.0,6.0,True,True,Beperkte voortgang met lage tevredenheid en matige doelrealisatie; dit traject kon sterker.
T01384,K02316,C0047,2025-10-24,10,True,,6.0,9.0,True,False,Uitstekende doelrealisatie met voldoende tevredenheid; ondanks lagere beleving zijn de resultaten zeer sterk.
T01385,K01533,C0017,2025-10-25,7,True,,7.0,6.0,True,False,"Goede tevredenheid maar matige doelrealisatie; het proces verliep aangenaam, maar inhoudelijk rendement was beperkt."
T01386,K01955,C0030,2025-10-27,8,True,,5.0,9.0,True,False,Sterke doelrealisatie ondanks matige tevredenheid; objectief gezien zijn de resultaten uitstekend bereikt.
T01387,K01804,C0061,2025-10-27,2,False,no-longer-wanted,5.0,8.0,True,False,"Het traject is voortijdig beëindigd omdat de coachee het niet langer wenste, ondanks dat de doelstelling grotendeels werd bereikt (8/10). De tevredenheid bleef echter matig (5/10), wat suggereert dat de aansluiting niet optimaal was."
T01388,K01847,C0070,2025-10-27,3,False,no-longer-wanted,,,False,True,
T01389,K01942,C0050,2025-11-01,11,True,,7.0,8.0,True,False,Een geslaagd traject met goede doelrealisatie (8/10) en redelijke tevredenheid (7/10). De coachee heeft de gestelde doelen goed weten te bereiken.
T01390,K02099,C0104,2025-11-04,10,True,,4.0,6.0,True,False,Dit traject laat tegenvallende resultaten zien: zowel tevredenheid als doelrealisatie bleven beneden verwachting (respectievelijk 4/10 en 6/10). Evaluatie van aanpak is aanbevolen.
T01391,K01968,C0058,2025-11-05,2,False,external-coach,,,False,False,
T01392,K02220,C0114,2025-11-05,11,True,,,,False,False,
T01393,K02376,C0110,2025-11-06,6,True,,6.0,7.0,True,False,"Een matig geslaagd traject met afdoende doelrealisatie (7/10) en gemiddelde tevredenheid (6/10). De coachee heeft stappen gezet, maar de beleving ervan was niet uitbundig."
T01394,K01979,C0073,2025-11-06,13,True,,6.0,8.0,True,False,"Een positief afgerond traject met sterke doelrealisatie (8/10), hoewel de tevredenheid matig was (6/10). Dit duidt op resultaatgerichtheid ondanks wat reservaties."
T01395,K01691,C0044,2025-11-07,3,True,,6.0,7.0,True,False,Een bevredigend traject met goede voortgang op de gestelde doelen (7/10) en gemiddelde tevredenheid (6/10). De coachee heeft zich goed kunnen ontwikkelen.
T01396,K01828,C0111,2025-11-07,8,True,,6.0,8.0,True,True,Een positief traject met sterke doelrealisatie (8/10) en gemiddelde tevredenheid (6/10). De focus op doelbereik is duidelijk succesvol geweest.
T01397,K01969,C0098,2025-11-07,11,True,,,,False,False,
T01398,K02193,C0019,2025-11-07,3,False,disappeared,,,False,False,
T01399,K01598,C0097,2025-11-08,4,False,external-coach,5.0,8.0,True,True,"Het traject is voortijdig afgebroken door overstap naar een externe coach, hoewel de doelrealisatie goed liep (8/10). De tevredenheid was matig (5/10)."
T01400,K01600,C0013,2025-11-09,6,True,,5.0,9.0,True,False,"Uitstekende doelrealisatie (9/10) vormt het hoogtepunt van dit traject, hoewel de tevredenheid matig was (5/10). Een resultaatgericht en effectief traject."
T01401,K01507,C0006,2025-11-10,2,False,external-coach,,,False,False,
T01402,K02386,C0050,2025-11-10,8,True,,,,False,False,
T01403,K02131,C0085,2025-11-11,10,True,,9.0,8.0,True,False,Een zeer geslaagd traject met hoge tevredenheid (9/10) en goede doelrealisatie (8/10). De coachee was duidelijk tevreden met het traject en de behaalde vooruitgang.
T01404,K02079,C0067,2025-11-11,12,True,,8.0,8.0,True,False,Een succesvol afgerond traject met sterke tevredenheid (8/10) en uitstekende doelrealisatie (8/10). De coachee ervaarde zowel het proces als de resultaten als positief.
T01405,K01973,C0025,2025-11-12,11,True,,,,False,False,
T01406,K02081,C0039,2025-11-13,10,True,,,,False,True,
T01407,K02091,C0036,2025-11-13,13,True,,6.0,9.0,True,False,Uitstekende doelrealisatie (9/10) met gemiddelde tevredenheid (6/10) duidt op een effectief maar mogelijk wat zakelijker traject. De coachee heeft veel bereikt.
T01408,K02301,C0009,2025-11-13,5,True,,,,False,False,
T01409,K01542,C0118,2025-11-14,8,True,,5.0,6.0,True,True,Dit traject bleef behoorlijk achter met matige tevredenheid (5/10) en doelrealisatie (6/10). Meer afstemming op de behoeften van de coachee had beter uitgepakt.
T01410,K02329,C0114,2025-11-14,11,True,,5.0,8.0,True,False,"Ondanks matige tevredenheid (5/10) liet dit traject redelijk goede doelrealisatie zien (8/10). De coachee bereikte zijn doelen, maar beleefde het proces niet optimaal."
T01411,K01566,C0119,2025-11-14,2,False,external-coach,,,False,False,
T01412,K02084,C0044,2025-11-14,7,True,,5.0,8.0,True,False,"Een resultaatgericht traject met goede doelrealisatie (8/10), hoewel de tevredenheid matig was (5/10). De coachee heeft zich doelgericht kunnen ontwikkelen."
T01413,K01640,C0074,2025-11-15,14,True,,6.0,7.0,True,False,Een bevredigend traject met afdoende doelrealisatie (7/10) en gemiddelde tevredenheid (6/10). De coachee heeft stappen gezet in de gewenste richting.
T01414,K01581,C0116,2025-11-15,7,True,,5.0,8.0,True,False,"Goed doelbereik (8/10) temidden van matige tevredenheid (5/10) kenmerkt dit traject. De coachee heeft zijn doelen gerealiseerd, maar ervaarde het traject als wat stroef."
T01415,K02415,C0115,2025-11-16,3,False,disappeared,,,False,True,
T01416,K02295,C0019,2025-11-16,7,True,,5.0,7.0,True,False,"Dit traject sloot redelijk aan met matige tevredenheid (5/10) en afdoende doelrealisatie (7/10). De coachee boekte vooruitgang, al bleef het proces niet volledig bevredigen."
T01417,K02299,C0095,2025-11-17,8,True,,6.0,7.0,True,False,Een matig geslaagd traject met gemiddelde tevredenheid (6/10) en redelijke doelrealisatie (7/10). De coachee heeft progressie geboekt op zijn doelstellingen.
T01418,K01567,C0065,2025-11-18,9,True,,4.0,4.0,True,True,Dit traject laat zwakke resultaten zien op beide vlakken: tevredenheid (4/10) en doelrealisatie (4/10). Fundamentele mismatch of onvoldoende voortgang lijkt aanwezig geweest.
T01419,K02304,C0077,2025-11-19,7,True,,,,False,False,
T01420,K02321,C0049,2025-11-19,9,True,,6.0,8.0,True,False,"De doelstellingen zijn goed gerealiseerd, hoewel de tevredenheid matig bleef. Het traject is succesvol afgerond."
T01421,K01959,C0110,2025-11-20,3,True,,,,False,False,
T01422,K01682,C0111,2025-11-20,4,True,,5.0,9.0,True,False,Uitstekende doelrealisatie ondanks gemiddelde tevredenheid; de coaching heeft duidelijk resultaat opgeleverd.
T01423,K01677,C0022,2025-11-21,6,True,,5.0,8.0,True,False,"Goede voortgang op doelrealisatie, maar de ervaring van de coachee had beter gekund; afsluiting succesvol."
T01424,K02107,C0040,2025-11-21,4,True,,5.0,7.0,True,True,"Redelijke doelrealisatie bereikt, maar de tevredenheid was lager dan gewenst; het traject is afgerond."
T01425,K01616,C0114,2025-11-21,7,True,,6.0,7.0,True,False,Solide traject met goede voortgang op beide vlakken; de afsluiting verliep naar wens.
T01426,K01798,C0049,2025-11-22,2,False,no-longer-wanted,7.0,8.0,True,False,"Goedeuitkomsten op doelen en tevredenheid, maar de coachee heeft ervoor gekozen het traject voortijdig te beëindigen."
T01427,K01679,C0072,2025-11-22,12,True,,6.0,8.0,True,False,Goed bereikt doelstellingen met gemiddelde tevredenheid; het traject is succesvol afgerond.
T01428,K01573,C0088,2025-11-22,2,False,no-longer-wanted,,,False,True,
T01429,K01580,C0054,2025-11-23,10,True,,6.0,6.0,True,False,Evenwichtig traject met matige tevredenheid en redelijke doelrealisatie; afsluiting conform plan.
T01430,K01730,C0113,2025-11-23,8,True,,,,False,False,
T01431,K01949,C0025,2025-11-23,4,True,,4.0,7.0,True,False,Lage tevredenheid ondanks redelijke doelrealisatie; mogelijk mismatch in verwachtingen of aanpak.
T01432,K01967,C0112,2025-11-24,11,True,,,,False,False,
T01433,K02365,C0101,2025-11-24,9,True,,,,False,True,
T01434,K01763,C0021,2025-11-25,6,True,,4.0,8.0,True,True,"GoedeDoelrealisatie bereikt, maar lage tevredenheid suggereert dat de weg ernaartoe minder aansloot."
T01435,K01587,C0119,2025-11-25,9,True,,,,False,True,
T01436,K01786,C0103,2025-11-26,13,True,,8.0,7.0,True,False,Zeer positieve ervaring van de coachee met goed gerealiseerde doelen; een geslaagd traject.
T01437,K01776,C0073,2025-11-26,8,True,,5.0,8.0,True,True,Sterke doelrealisatie ondanks gemiddelde tevredenheid; het traject heeft concrete resultaten opgeleverd.
T01438,K02343,C0073,2025-11-26,12,True,,7.0,9.0,True,False,Uitstekend traject met hoge tevredenheid en bijna volledige doelrealisatie; een groot succes.
T01439,K01680,C0047,2025-11-27,9,True,,,,False,False,
T01440,K01751,C0028,2025-11-27,11,True,,5.0,4.0,True,False,Zowel tevredenheid als doelrealisatie bleven onder verwachting; kritische reflectie op effectiviteit is aangeraden.
T01441,K01717,C0061,2025-11-27,8,True,,8.0,9.0,True,False,Zeer succesvol traject met hoge tevredenheid en uitstekende doelrealisatie; een voorbeeldcase.
T01442,K02434,C0008,2025-12-02,10,True,,6.0,8.0,True,False,Goed traject met goede doelrealisatie en gemiddelde tevredenheid; voldoende resultaat bereikt.
T01443,K01950,C0014,2025-12-03,10,True,,6.0,8.0,True,False,Solide voortgang met goede doelrealisatie en gemiddelde tevredenheid; het traject is naar wens afgerond.
T01444,K02423,C0103,2025-12-04,3,False,other,,,False,False,
T01445,K01897,C0062,2025-12-05,9,True,,8.0,7.0,True,False,Positieve ervaring van de coachee met goed gerealiseerde doelen; een waardevol traject.
T01446,K01768,C0077,2025-12-05,11,True,,7.0,8.0,True,False,Goed afgerond traject met hoge tevredenheid en goede doelrealisatie; sterke resultaten.
T01447,K01653,C0103,2025-12-07,8,True,,6.0,8.0,True,False,Goed bereikt doelstellingen met gemiddelde tevredenheid; het traject is succesvol afgerond.
T01448,K01655,C0114,2025-12-08,10,True,,7.0,7.0,True,False,Solide traject afgerond met goede doelrealisatie. Coachee was tevreden en heeft concrete vooruitgang geboekt in de gestelde doelstellingen.
T01449,K02196,C0058,2025-12-08,6,True,,7.0,8.0,True,False,Succesvol traject met sterke doelrealisatie en goede tevredenheid. Coachee heeft de gestelde doelen effectief bereikt.
T01450,K01658,C0045,2025-12-08,6,True,,4.0,6.0,True,True,Traject afgerond met matige tevredenheid ondanks redelijke doelrealisatie. Er waren verwachtingsverschillen die beter hadden kunnen worden uitgelijnd.
T01451,K02284,C0047,2025-12-09,6,True,,7.0,7.0,True,False,Evenwichtig traject met solide resultaten op beide fronten. Coachee toont tevredenheid en heeft de doelstellingen goed gerealiseerd.
T01452,K02420,C0116,2025-12-09,3,False,no-longer-wanted,,,False,False,
T01453,K01793,C0108,2025-12-09,14,True,,5.0,9.0,True,False,"Sterke doelrealisatie bereikt, hoewel de tevredenheid wat achterblijft. Objectief gezien zijn de resultaten zeer goed."
T01454,K02018,C0007,2025-12-10,9,True,,7.0,9.0,True,False,Uitstekend traject met zeer hoge doelrealisatie en goede tevredenheid. Coachee heeft aanzienlijke vooruitgang geboekt.
T01455,K01719,C0119,2025-12-11,11,True,,5.0,8.0,True,False,"Goede doelrealisatie bereikt, hoewel de tevredenheid matig is. De resultaten spreken voor zich, maar de ervaring van de coachee was minder positief."
T01456,K01806,C0090,2025-12-11,11,True,,7.0,10.0,True,False,Excellent traject met volledige doelrealisatie en goede tevredenheid. Coachee heeft alle gestelde doelen volledig bereikt.
T01457,K02281,C0112,2025-12-11,4,True,,,,False,True,
T01458,K02337,C0026,2025-12-11,10,True,,5.0,6.0,True,True,"Traject afgerond met bescheiden resultaten op beide vlakken. Verbetering is mogelijk geweest, maar vooruitgang was beperkt."
T01459,K02114,C0033,2025-12-12,4,False,other,,,False,True,
T01460,K02036,C0114,2025-12-13,7,True,,4.0,8.0,True,False,"Doelrealisatie sterk, maar tevredenheid laag. Hoewel de coachee inhoudelijk veel heeft bereikt, was de ervaring minder aangenaam."
T01461,K02178,C0047,2025-12-13,7,True,,3.0,8.0,True,False,"Goed doelrealisatie ondanks lage tevredenheid. Coachee heeft veel bereikt, maar de samenwerking was kennelijk niet optimaal ervaren."
T01462,K01705,C0068,2025-12-13,9,True,,,,False,False,
T01463,K02427,C0060,2025-12-15,2,False,disappeared,4.0,6.0,True,True,Traject voortijdig beëindigd doordat coachee verdween. Vervolgcontact is niet mogelijk geweest.
T01464,K02200,C0072,2025-12-15,3,False,other,,,False,False,
T01465,K02140,C0108,2025-12-15,2,False,other,,,False,True,
T01466,K02393,C0098,2025-12-16,4,False,no-longer-wanted,5.0,9.0,True,False,Traject afgebroken op verzoek van coachee. Ondanks goede voortgang koos de coachee ervoor niet door te gaan.
T01467,K01820,C0048,2025-12-17,8,True,,5.0,8.0,True,False,Goed traject met sterke doelrealisatie en redelijke tevredenheid. Coachee heeft solide vooruitgang gemaakt.
T01468,K02382,C0018,2025-12-18,8,True,,,,False,False,
T01469,K01692,C0107,2025-12-19,14,True,,6.0,9.0,True,False,Succesvol afgerond traject met uitstekende doelrealisatie en goede tevredenheid. Coachee is positief over de bereikte resultaten.
T01470,K02182,C0108,2025-12-20,3,True,,5.0,6.0,True,False,Traject afgerond met matige resultaten. Zowel tevredenheid als doelrealisatie zijn bescheiden geweest.
T01471,K02303,C0084,2025-12-20,8,True,,,,False,True,
T01472,K01901,C0069,2025-12-20,8,True,,5.0,8.0,True,False,Goed traject met sterke doelrealisatie ondanks matige tevredenheid. Objectief zijn de resultaten positief.
T01473,K02174,C0005,2025-12-22,7,True,,6.0,7.0,True,False,Solide afgerond traject met goede voortgang. Coachee is redelijk tevreden en heeft de doelstellingen behoorlijk gerealiseerd.
T01474,K01530,C0001,2025-12-22,4,False,no-longer-wanted,,,False,False,
T01475,K01986,C0050,2025-12-22,7,True,,4.0,8.0,True,False,"Sterke doelrealisatie bereikt, maar tevredenheid is laag. Coachee heeft veel bereikt, hoewel de ervaring minder positief was."
T01476,K01519,C0108,2025-12-24,7,True,,5.0,8.0,True,True,Goed traject met sterke doelrealisatie en redelijke tevredenheid. Coachee heeft solide vooruitgang geboekt.
T01477,K02342,C0015,2025-12-24,3,False,external-coach,,,False,False,
T01478,K01529,C0075,2025-12-24,10,True,,7.0,8.0,True,False,"Een goed traject met solide doelrealisatie; je hebt je inzet goed waargemaakt en bent met motivatie aan de slag gegaan, hoewel je tevredenheid nog wat ruimte voor verbetering bood."
T01479,K02184,C0103,2025-12-26,5,False,disappeared,4.0,6.0,True,True,"Helaas is het contact verbroken en het traject niet afgerond, waardoor de doelstellingen onvoldoende konden worden gerealiseerd; een jammer gemiste kans om verder te groeien."
T01480,K02269,C0072,2025-12-26,18,True,,,,False,False,
