trajectory_id,client_id,coach_id,true_fit,alliance,motivation,need_competency_alignment,true_competence_primary,personality_sim,satisfaction_true_1_10,goal_true_1_10,dropout
T00001,K00145,C0072,0.445,0.3117,0.2189,1.0,0.5483,0.9089,4,9,True
T00002,K00615,C0068,0.7342,0.5475,0.6335,0.8333,0.6102,0.8637,7,7,False
T00003,K00471,C0030,0.9392,0.7284,0.6663,1.0,0.6724,0.9866,7,8,False
T00004,K00095,C0104,0.686,0.4088,0.1957,1.0,0.5871,0.9488,4,6,False
T00005,K00416,C0113,0.5897,0.4282,0.3433,0.75,0.646,0.9913,4,6,False
T00006,K00119,C0071,0.6131,0.6881,0.9122,0.75,0.1195,0.9478,7,9,False
T00007,K00016,C0025,0.3915,0.3843,0.8364,0.75,0.6046,0.8652,5,7,False
T00008,K00220,C0107,0.653,0.633,0.5888,1.0,0.4681,0.9843,6,9,False
T00009,K00144,C0116,0.8289,0.6052,0.8307,1.0,0.4451,0.9646,6,9,False
T00010,K00267,C0033,0.9092,0.7445,0.8107,1.0,0.2507,0.9387,7,9,False
T00011,K00634,C0088,0.5105,0.4389,0.6765,0.6667,0.2428,0.9486,5,6,False
T00012,K00602,C0049,0.2067,0.1003,0.3068,0.3333,0.642,0.9848,3,4,True
T00013,K00092,C0058,0.787,0.502,0.6136,0.75,0.8374,0.8548,5,7,False
T00014,K00467,C0096,0.6862,0.5187,0.6368,1.0,0.3502,0.9518,6,9,False
T00015,K00540,C0031,0.5534,0.5073,0.661,1.0,0.1852,0.9764,4,8,False
T00016,K00373,C0108,0.2944,0.2073,0.6866,0.1667,0.3852,0.9464,4,4,False
T00017,K00366,C0084,0.7824,0.7491,0.6582,1.0,0.4192,0.9533,7,8,False
T00018,K00473,C0110,0.6688,0.3542,0.5224,1.0,0.6991,0.9625,5,9,False
T00019,K00249,C0063,0.6791,0.5903,0.6739,1.0,0.5504,0.9493,6,7,False
T00020,K00486,C0084,0.4828,0.4463,0.7765,0.75,0.4192,0.9257,5,7,True
T00021,K00520,C0034,0.6721,0.3308,0.2745,1.0,0.8531,0.906,5,7,False
T00022,K00228,C0059,0.6369,0.6522,0.9744,1.0,0.2261,0.9204,7,9,False
T00023,K00219,C0005,0.4246,0.5668,0.817,0.75,0.5118,0.9293,5,9,True
T00024,K00234,C0077,0.3794,0.4158,0.597,0.3333,0.196,0.9466,5,4,False
T00025,K00537,C0095,0.1017,0.1201,0.4441,0.5,0.2832,0.9468,2,4,True
T00026,K00504,C0114,0.5427,0.4575,0.3735,0.625,0.1322,0.9744,6,6,True
T00027,K00620,C0101,0.4346,0.3687,0.7848,0.75,0.2157,0.9234,5,9,False
T00028,K00164,C0114,0.6417,0.5091,0.7368,0.6667,0.3236,0.9168,6,7,False
T00029,K00613,C0072,0.7917,0.7195,0.8294,1.0,0.4356,0.8709,7,9,False
T00030,K00374,C0020,0.0675,0.2754,0.8213,0.25,0.13,0.9127,3,2,True
T00031,K00022,C0108,0.5305,0.6503,0.7625,0.8333,0.3852,0.9071,6,8,True
T00032,K00335,C0119,0.511,0.4149,0.1228,1.0,0.4456,0.9416,4,7,False
T00033,K00601,C0103,0.9192,0.7547,0.8079,1.0,0.8055,0.9045,8,8,False
T00034,K00427,C0103,0.6049,0.5796,0.421,1.0,0.7432,0.8784,6,7,True
T00035,K00259,C0116,0.6464,0.5427,0.8026,1.0,0.4451,0.9295,5,9,False
T00036,K00453,C0084,0.3433,0.3408,0.5539,0.6667,0.3213,0.8301,3,6,False
T00037,K00496,C0012,0.7664,0.6481,0.5914,0.8333,0.6397,0.7122,8,6,False
T00038,K00415,C0039,0.6545,0.348,0.7333,1.0,0.2408,0.9461,5,9,False
T00039,K00143,C0006,0.4902,0.4152,0.36,0.875,0.6363,0.9548,4,6,False
T00040,K00563,C0068,0.6543,0.5074,0.3521,1.0,0.6102,0.6925,5,8,True
T00041,K00121,C0002,0.7029,0.5845,0.6427,1.0,0.6233,0.8532,7,6,False
T00042,K00403,C0081,0.6724,0.5531,0.905,1.0,0.6106,0.8136,6,8,False
T00043,K00306,C0039,0.7232,0.6784,0.8303,1.0,0.2408,0.6381,7,8,False
T00044,K00582,C0117,0.4184,0.1939,0.2179,1.0,0.1306,0.9622,3,8,True
T00045,K00358,C0072,0.6307,0.5682,0.6858,1.0,0.4356,0.8875,4,8,False
T00046,K00312,C0092,0.3993,0.2061,0.842,0.75,0.48,0.925,3,7,False
T00047,K00007,C0094,0.6926,0.5101,0.4055,1.0,0.3064,0.8577,5,6,True
T00048,K00235,C0076,0.3836,0.3635,0.6089,0.75,0.9584,0.9121,5,6,False
T00049,K00449,C0052,0.4569,0.3048,0.269,1.0,0.2114,0.9392,5,7,True
T00050,K00630,C0022,0.7982,0.8161,0.8359,1.0,0.5559,0.6257,6,9,False
T00051,K00455,C0019,0.441,0.3545,0.4747,1.0,0.2609,0.9553,4,8,False
T00052,K00256,C0035,0.5919,0.2633,0.4596,0.6667,0.7568,0.8462,4,6,True
T00053,K00528,C0024,0.5791,0.5733,0.0823,1.0,0.7644,0.9647,5,6,False
T00054,K00424,C0055,0.4589,0.5589,0.7536,0.75,0.5709,0.9259,5,7,False
T00055,K00302,C0088,0.3695,0.3276,0.6017,0.75,0.5845,0.6397,4,6,False
T00056,K00606,C0007,0.5577,0.6515,0.6592,1.0,0.5627,0.8791,6,9,False
T00057,K00474,C0116,0.7149,0.6126,0.5589,1.0,0.4339,0.9463,6,8,False
T00058,K00178,C0076,0.5519,0.3376,0.5061,1.0,0.8752,0.7911,4,8,True
T00059,K00202,C0107,0.6136,0.1759,0.3849,0.8333,0.4681,0.9463,4,7,False
T00060,K00231,C0025,0.5756,0.5966,0.5256,1.0,0.5468,0.9288,6,8,False
T00061,K00030,C0076,1.0,0.6734,0.3572,1.0,0.8752,0.9285,6,9,False
T00062,K00154,C0114,0.2542,0.2003,0.2237,0.8333,0.1733,0.9654,1,4,False
T00063,K00390,C0085,0.6636,0.5599,0.7989,0.6667,0.3839,0.938,6,6,False
T00064,K00165,C0097,0.8644,0.6184,0.6396,0.8333,0.6437,0.8777,7,8,False
T00065,K00011,C0090,0.9916,0.6828,0.4834,1.0,0.1063,0.9371,8,8,False
T00066,K00123,C0076,0.1966,0.3253,0.7674,0.875,0.9584,0.9621,3,8,False
T00067,K00362,C0015,0.7203,0.5692,0.9072,0.8333,0.581,0.9085,7,7,False
T00068,K00100,C0094,0.7972,0.7895,0.7566,1.0,0.3064,0.9833,8,9,False
T00069,K00015,C0101,0.969,0.5821,0.372,1.0,0.5686,0.6374,6,8,False
T00070,K00382,C0080,0.7292,0.6327,0.742,1.0,0.2679,0.9869,6,8,False
T00071,K00250,C0025,0.3263,0.322,0.6111,0.75,0.5468,0.966,4,6,False
T00072,K00236,C0106,0.1601,0.1677,0.6325,0.0,0.3847,0.948,3,3,False
T00073,K00240,C0073,0.4641,0.2647,0.5847,1.0,0.4377,0.9429,3,8,False
T00074,K00607,C0117,0.6006,0.4817,0.5493,1.0,0.127,0.8915,6,9,False
T00075,K00332,C0036,0.7201,0.7169,0.9549,0.5,0.5764,0.8653,7,6,False
T00076,K00522,C0034,0.8536,0.5374,0.5753,1.0,0.8531,0.9513,7,8,True
T00077,K00056,C0087,0.732,0.6606,0.5294,1.0,0.6218,0.9052,6,8,True
T00078,K00206,C0025,0.5794,0.4466,0.6049,1.0,0.5468,0.9052,4,9,False
T00079,K00646,C0002,0.4602,0.3794,0.6695,1.0,0.6233,0.936,5,9,False
T00080,K00041,C0082,0.6284,0.3889,0.3689,1.0,0.5063,0.917,4,8,False
T00081,K00632,C0039,0.7643,0.8059,0.8365,1.0,0.2504,0.7657,7,8,True
T00082,K00173,C0084,0.8788,0.5543,0.6921,1.0,0.3213,0.6755,6,8,False
T00083,K00047,C0114,0.4196,0.4839,0.779,1.0,0.2468,0.9254,5,9,False
T00084,K00506,C0017,0.4798,0.4076,0.6568,0.6667,0.3955,0.8894,4,7,True
T00085,K00456,C0095,0.5909,0.6013,0.7054,1.0,0.7331,0.9398,6,9,False
T00086,K00183,C0108,0.8925,0.6478,0.7545,0.6667,0.3852,0.8798,7,7,False
T00087,K00176,C0013,0.5024,0.5195,0.9331,0.8333,0.3138,0.9776,6,8,False
T00088,K00463,C0081,0.726,0.6318,0.8186,1.0,0.6106,0.8336,8,8,False
T00089,K00598,C0097,0.6097,0.5129,0.7045,1.0,0.6437,0.9093,5,9,False
T00090,K00511,C0065,0.553,0.3743,0.1994,1.0,0.3575,0.9635,4,9,True
T00091,K00187,C0031,0.4715,0.5801,0.9243,0.6667,0.1852,0.8727,6,9,False
T00092,K00042,C0006,0.8717,0.654,0.8925,1.0,0.6843,0.9396,7,9,False
T00093,K00569,C0019,0.8982,0.6371,0.8197,1.0,0.6336,0.9047,9,9,False
T00094,K00348,C0114,0.8037,0.609,0.6073,1.0,0.3236,0.9753,5,8,False
T00095,K00134,C0103,0.8332,0.5684,0.3113,1.0,0.8055,0.9109,6,5,False
T00096,K00070,C0027,0.4726,0.306,0.5313,0.8333,0.3074,0.947,4,7,False
T00097,K00529,C0063,0.4142,0.3764,0.7123,1.0,0.5504,0.8169,5,8,False
T00098,K00135,C0034,0.6984,0.6269,0.5656,1.0,0.8531,0.9114,6,9,False
T00099,K00385,C0094,0.2737,0.0989,0.473,0.75,0.3064,0.8487,1,7,True
T00100,K00253,C0094,0.5723,0.3903,0.3667,1.0,0.3683,0.7968,5,8,True
T00101,K00399,C0011,0.4781,0.5154,0.9663,0.75,0.5341,0.9638,5,7,False
T00102,K00595,C0094,0.7325,0.4383,0.6629,1.0,0.2578,0.9246,6,8,False
T00103,K00459,C0067,0.1266,0.0506,0.2321,0.0,0.5637,0.965,1,3,False
T00104,K00298,C0114,0.6307,0.5369,0.7649,1.0,0.2468,0.8909,6,8,False
T00105,K00538,C0039,0.5389,0.6234,0.8465,1.0,0.2408,0.843,6,9,False
T00106,K00433,C0084,0.3826,0.3995,0.4916,1.0,0.4192,0.8096,5,8,False
T00107,K00344,C0088,0.3477,0.5369,0.8063,0.8333,0.5919,0.953,4,7,False
T00108,K00447,C0020,0.5801,0.3954,0.6519,0.5,0.2874,0.9527,5,4,False
T00109,K00104,C0042,0.5927,0.4365,0.3426,1.0,0.1769,0.9404,4,8,False
T00110,K00204,C0104,0.847,0.4445,0.4364,0.8333,0.5871,0.9658,5,7,True
T00111,K00203,C0019,0.7344,0.5822,0.7212,1.0,0.5798,0.9662,6,10,False
T00112,K00549,C0072,0.521,0.5431,0.9233,1.0,0.5483,0.9232,6,9,False
T00113,K00241,C0116,0.6449,0.7533,0.8343,1.0,0.3323,0.897,7,9,True
T00114,K00163,C0051,0.9206,0.6226,0.7087,1.0,0.6798,0.7487,7,10,False
T00115,K00594,C0103,0.8308,0.5711,0.2142,1.0,0.7432,0.9318,5,8,True
T00116,K00106,C0056,0.7994,0.751,0.8762,1.0,0.567,0.9226,8,9,False
T00117,K00136,C0114,0.4409,0.2035,0.5492,0.75,0.2468,0.8836,3,5,False
T00118,K00156,C0106,0.5302,0.6107,0.6025,1.0,0.813,0.9417,5,7,False
T00119,K00410,C0119,0.5957,0.5988,0.7331,1.0,0.4171,0.907,6,9,True
T00120,K00567,C0120,0.1443,0.3353,0.4085,0.5,0.2787,0.959,3,4,False
T00121,K00599,C0037,0.4673,0.5544,0.9149,0.75,0.6155,0.9524,5,8,False
T00122,K00489,C0119,0.747,0.6825,0.7563,1.0,0.4171,0.8119,7,8,False
T00123,K00130,C0100,0.1046,0.2339,0.7703,0.25,0.3374,0.951,3,5,True
T00124,K00475,C0071,0.5665,0.444,0.3357,1.0,0.2298,0.9,5,6,False
T00125,K00209,C0058,0.7211,0.535,0.6332,1.0,0.8854,0.8921,5,8,True
T00126,K00080,C0116,0.5454,0.4834,0.395,1.0,0.3323,0.9973,4,8,False
T00127,K00118,C0052,0.6229,0.6147,0.6071,0.875,0.5104,0.92,6,7,False
T00128,K00572,C0114,0.6661,0.6222,0.5853,1.0,0.2468,0.9549,6,9,False
T00129,K00125,C0082,0.7467,0.6398,0.3413,0.8333,0.5063,0.8949,6,7,False
T00130,K00338,C0117,0.4517,0.4238,0.6201,1.0,0.4618,0.9874,5,8,False
T00131,K00139,C0075,0.7447,0.6017,0.7358,0.6667,0.8681,0.9396,7,6,False
T00132,K00573,C0065,0.6395,0.7176,0.7229,1.0,0.3575,0.9535,6,10,False
T00133,K00043,C0058,0.728,0.3655,0.3426,1.0,0.8374,0.9069,5,8,True
T00134,K00294,C0058,0.6536,0.2997,0.6845,0.875,0.8854,0.8309,5,7,False
T00135,K00469,C0093,0.4735,0.5392,0.6513,0.8333,0.6502,0.9189,7,6,False
T00136,K00057,C0007,0.4933,0.5171,0.7664,1.0,0.6328,0.8775,6,10,True
T00137,K00381,C0076,0.6447,0.487,0.5249,0.875,0.8752,0.9313,5,8,False
T00138,K00451,C0084,0.51,0.4513,0.8593,1.0,0.4192,0.9305,7,9,True
T00139,K00036,C0101,0.803,0.706,0.8155,1.0,0.5686,0.6789,7,9,False
T00140,K00071,C0066,0.4944,0.6908,0.7838,0.5,0.2049,0.9293,5,5,False
T00141,K00386,C0085,0.7598,0.5961,0.8278,1.0,0.7735,0.9703,6,9,False
T00142,K00346,C0077,0.5655,0.2191,0.3946,1.0,0.5528,0.7911,4,8,False
T00143,K00527,C0030,0.6744,0.6483,0.739,0.75,0.189,0.895,6,7,False
T00144,K00272,C0094,0.6541,0.2411,0.1748,1.0,0.3683,0.7926,2,7,False
T00145,K00621,C0017,0.7927,0.3972,0.316,0.8333,0.4955,0.8656,6,6,True
T00146,K00132,C0114,0.5157,0.482,0.7407,1.0,0.3236,0.9427,5,8,False
T00147,K00222,C0054,0.7702,0.5459,0.5405,1.0,0.5085,0.9452,6,8,False
T00148,K00117,C0008,0.7329,0.5466,0.3985,1.0,0.5669,0.9048,5,8,True
T00149,K00283,C0084,0.6014,0.5395,0.1364,1.0,0.3213,0.9719,4,6,False
T00150,K00411,C0031,0.5097,0.5351,0.8252,1.0,0.3135,0.8674,7,9,False
T00151,K00359,C0063,0.5887,0.5754,0.7004,0.6667,0.5504,0.9299,6,5,False
T00152,K00273,C0052,0.7101,0.3957,0.2678,0.8333,0.4897,0.9566,5,7,False
T00153,K00069,C0019,0.2494,0.276,0.7565,1.0,0.5798,0.8766,4,8,False
T00154,K00466,C0101,0.5757,0.3445,0.6224,0.75,0.719,0.9222,5,6,False
T00155,K00365,C0018,0.6597,0.7332,0.8498,0.75,0.3264,0.9163,7,8,False
T00156,K00021,C0089,0.9108,0.7722,0.6955,0.5,0.9804,0.9544,7,6,False
T00157,K00265,C0112,0.3007,0.4409,0.4736,0.5,0.1421,0.8589,3,6,True
T00158,K00207,C0024,0.5893,0.6428,0.8955,0.5,0.7644,0.8783,8,5,False
T00159,K00402,C0084,0.7178,0.5625,0.7513,1.0,0.4192,0.9549,5,8,False
T00160,K00019,C0072,0.5208,0.6241,0.7716,0.5,0.5483,0.9357,5,7,False
T00161,K00193,C0045,0.7197,0.4628,0.5689,1.0,0.7126,0.97,5,9,False
T00162,K00494,C0094,0.4296,0.4339,0.4291,1.0,0.2578,0.7624,4,8,False
T00163,K00568,C0108,0.6395,0.6453,0.7114,1.0,0.3466,0.9888,6,7,False
T00164,K00336,C0096,0.6183,0.6701,0.9366,1.0,0.3502,0.9342,6,10,True
T00165,K00495,C0007,0.6081,0.4363,0.5769,1.0,0.5627,0.735,5,8,False
T00166,K00167,C0092,0.5827,0.3819,0.537,1.0,0.2595,0.9304,4,6,False
T00167,K00418,C0103,0.6748,0.659,0.904,1.0,0.7432,0.7765,6,8,False
T00168,K00155,C0106,0.5127,0.2688,0.4186,0.25,0.3847,0.9853,2,4,False
T00169,K00640,C0072,0.7851,0.6647,0.5764,1.0,0.4228,0.8931,6,7,False
T00170,K00580,C0005,0.6063,0.4697,0.658,0.8333,0.5118,0.9185,6,8,False
T00171,K00396,C0039,0.685,0.6569,0.8974,1.0,0.2504,0.8223,7,9,True
T00172,K00484,C0114,0.5129,0.6873,0.8567,1.0,0.3236,0.9494,6,9,False
T00173,K00175,C0060,0.6412,0.5805,0.7582,1.0,0.5958,0.8649,6,9,False
T00174,K00287,C0073,0.9184,0.8303,0.9873,1.0,0.4377,0.8816,9,9,False
T00175,K00431,C0021,0.4829,0.367,0.3203,0.25,0.4724,0.9055,3,4,True
T00176,K00637,C0017,0.7521,0.756,0.4263,0.75,0.3955,0.9585,6,6,True
T00177,K00313,C0025,0.6805,0.5143,0.6379,1.0,0.2206,0.9785,6,9,False
T00178,K00355,C0055,0.5811,0.5084,0.7069,1.0,0.5709,0.9285,5,8,False
T00179,K00505,C0072,0.4666,0.3193,0.4994,1.0,0.4356,0.9018,4,7,False
T00180,K00023,C0106,0.8823,0.9134,0.9724,1.0,0.813,0.9916,8,9,False
T00181,K00587,C0025,0.2347,0.3133,0.591,0.6667,0.3868,0.8911,4,7,True
T00182,K00464,C0067,0.3844,0.4442,0.5647,0.625,0.5637,0.9683,4,5,False
T00183,K00651,C0030,0.2216,0.2655,0.8367,0.3333,0.189,0.9319,4,5,False
T00184,K00577,C0059,0.5494,0.3805,0.6214,1.0,0.6274,0.9109,6,8,True
T00185,K00278,C0076,0.4929,0.4815,0.5307,1.0,0.8752,0.9903,5,8,True
T00186,K00430,C0088,0.5191,0.2966,0.4803,0.25,0.3774,0.924,5,3,False
T00187,K00510,C0081,0.596,0.4295,0.4949,1.0,0.6119,0.9342,4,6,False
T00188,K00198,C0020,0.3054,0.4274,0.7787,1.0,0.2874,0.9401,4,9,False
T00189,K00593,C0015,0.7541,0.4922,0.2855,0.625,0.581,0.965,4,6,True
T00190,K00314,C0068,0.834,0.7671,0.6419,1.0,0.6102,0.8827,6,9,False
T00191,K00074,C0060,0.6394,0.7207,0.6979,0.75,0.5958,0.7182,6,6,False
T00192,K00088,C0068,0.7063,0.5172,0.7792,1.0,0.6102,0.7346,5,9,False
T00193,K00413,C0108,0.9053,0.6131,0.5651,1.0,0.3466,0.8765,8,7,False
T00194,K00472,C0025,0.4183,0.4108,0.4582,0.8333,0.5468,0.8844,5,7,False
T00195,K00647,C0063,0.4164,0.426,0.5635,0.8333,0.5504,0.9062,4,6,False
T00196,K00635,C0034,0.7995,0.746,0.9651,1.0,0.3451,0.9423,7,10,False
T00197,K00232,C0054,0.6533,0.4495,0.4678,0.75,0.5377,0.9688,5,7,False
T00198,K00541,C0082,0.323,0.3086,0.5188,0.8333,0.5063,0.9502,5,6,False
T00199,K00479,C0035,0.05,0.3045,0.5499,0.0,0.7568,0.8615,2,3,False
T00200,K00225,C0097,0.5581,0.4187,0.5912,0.5,0.2698,0.9498,5,6,False
T00201,K00342,C0031,0.5151,0.312,0.5164,0.8333,0.2498,0.9578,3,7,True
T00202,K00437,C0095,0.5578,0.3911,0.6115,1.0,0.3696,0.9751,6,9,False
T00203,K00618,C0004,0.9067,0.6279,0.5469,1.0,0.4518,0.8811,7,8,False
T00204,K00113,C0114,0.5769,0.366,0.7325,0.75,0.2468,0.8671,5,7,False
T00205,K00096,C0102,0.4136,0.4711,0.9121,0.3333,0.7671,0.9341,6,6,False
T00206,K00034,C0094,0.4881,0.398,0.7437,0.8333,0.3683,0.8871,4,6,True
T00207,K00150,C0073,0.5688,0.5251,0.7214,0.8333,0.4327,0.8815,6,8,True
T00208,K00477,C0092,0.7561,0.6633,0.7676,0.75,0.2595,0.8334,7,7,False
T00209,K00257,C0107,0.7186,0.5616,0.5823,1.0,0.4681,0.75,7,9,False
T00210,K00091,C0090,0.962,0.4345,0.5038,1.0,0.556,0.9618,6,8,False
T00211,K00406,C0100,0.7034,0.4915,0.6537,0.75,0.3374,0.9046,5,7,False
T00212,K00248,C0006,0.9256,0.7884,0.6829,1.0,0.6445,0.9612,7,10,False
T00213,K00548,C0006,0.764,0.6249,0.5916,0.5,0.3534,0.9871,6,5,False
T00214,K00218,C0067,0.7262,0.479,0.5092,1.0,0.5637,0.9393,6,8,True
T00215,K00296,C0116,0.5581,0.5461,0.2077,1.0,0.4451,0.94,5,5,False
T00216,K00633,C0002,0.7669,0.6265,0.2755,1.0,0.622,0.9151,5,7,False
T00217,K00082,C0013,0.8528,0.8425,0.857,1.0,0.8026,0.9468,8,9,False
T00218,K00376,C0105,0.8299,0.5186,0.64,1.0,0.9176,0.8543,7,9,False
T00219,K00063,C0071,0.0,0.0,0.8787,0.0,0.2298,0.9232,2,4,True
T00220,K00631,C0060,0.7818,0.7971,0.7154,0.875,0.5958,0.9025,7,7,False
T00221,K00044,C0039,0.8286,0.8066,0.9693,1.0,0.2504,0.7758,7,10,False
T00222,K00300,C0031,0.503,0.4966,0.6167,0.6667,0.3135,0.9054,5,6,False
T00223,K00281,C0073,0.3917,0.5636,0.9145,1.0,0.4327,0.8681,6,9,False
T00224,K00075,C0094,0.4321,0.3247,0.6823,0.5,0.2578,0.7653,4,6,False
T00225,K00379,C0040,0.6428,0.2892,0.3037,0.8333,0.6094,0.8613,3,7,False
T00226,K00426,C0119,0.6097,0.4936,0.4415,1.0,0.4456,0.9877,5,8,True
T00227,K00380,C0120,1.0,0.5543,0.3916,1.0,0.2787,0.9164,6,6,False
T00228,K00542,C0103,0.6897,0.4528,0.9147,0.5,0.2533,0.9136,6,7,False
T00229,K00293,C0084,0.4912,0.5157,0.6397,0.8333,0.3056,0.7389,6,6,True
T00230,K00002,C0024,0.418,0.5261,0.8768,0.75,0.7065,0.8911,6,7,False
T00231,K00138,C0111,0.5306,0.4936,0.7212,0.75,0.6158,0.9557,4,7,True
T00232,K00221,C0113,0.419,0.337,0.4471,0.6667,0.646,0.9141,3,5,False
T00233,K00062,C0045,1.0,0.7144,0.7841,1.0,0.7126,0.9501,8,8,False
T00234,K00072,C0088,0.5052,0.4234,0.8969,0.6667,0.5845,0.9792,5,6,False
T00235,K00061,C0114,0.6613,0.6341,0.6103,1.0,0.2468,0.878,6,8,False
T00236,K00644,C0024,0.9024,0.4967,0.2806,1.0,0.7644,0.9808,5,8,True
T00237,K00608,C0063,0.6881,0.403,0.2018,0.875,0.5504,0.8667,6,7,False
T00238,K00375,C0110,0.6314,0.5542,0.7171,0.3333,0.7183,0.944,7,4,False
T00239,K00322,C0117,0.6992,0.6854,0.6728,1.0,0.4618,0.9671,7,8,True
T00240,K00182,C0082,0.8923,0.396,0.3916,1.0,0.5546,0.9703,5,7,False
T00241,K00064,C0084,0.611,0.566,0.8452,0.875,0.3213,0.8797,6,7,False
T00242,K00361,C0114,0.6578,0.359,0.3822,1.0,0.2468,0.964,4,8,False
T00243,K00161,C0101,0.4619,0.554,0.9544,0.8333,0.6266,0.9708,6,8,False
T00244,K00571,C0053,0.4092,0.6247,0.6698,0.25,0.2663,0.9602,6,3,False
T00245,K00559,C0096,0.5982,0.6124,0.8962,1.0,0.3502,0.9562,6,9,False
T00246,K00205,C0051,0.7261,0.426,0.447,1.0,0.6798,0.9557,5,7,True
T00247,K00017,C0025,0.6569,0.4514,0.6419,1.0,0.5468,0.8451,6,8,False
T00248,K00310,C0107,0.7006,0.3996,0.5489,1.0,0.513,0.9696,5,7,False
T00249,K00318,C0095,0.8435,0.633,0.4908,0.8333,0.7331,0.9586,6,7,False
T00250,K00586,C0058,0.4277,0.4695,0.4698,0.5,0.8374,0.9691,4,6,False
T00251,K00083,C0070,0.3427,0.3394,0.8515,0.6667,0.1282,0.9518,4,7,False
T00252,K00584,C0002,0.8151,0.6788,0.4373,0.5,0.6233,0.9692,6,5,False
T00253,K00214,C0054,0.43,0.4418,0.4046,0.875,0.5377,0.9146,4,7,False
T00254,K00556,C0071,0.3978,0.216,0.415,0.6667,0.4341,0.9624,4,7,False
T00255,K00109,C0084,0.314,0.3041,0.7333,0.75,0.4192,0.8302,4,6,False
T00256,K00285,C0006,0.6877,0.6602,0.8496,1.0,0.6363,0.9442,6,9,False
T00257,K00195,C0067,0.2879,0.3535,0.7903,0.3333,0.1265,0.8996,4,5,False
T00258,K00242,C0071,0.4802,0.3816,0.7734,0.75,0.2298,0.9581,3,6,False
T00259,K00423,C0094,0.6053,0.4585,0.5616,1.0,0.3683,0.6261,5,8,False
T00260,K00009,C0116,0.6501,0.5975,0.786,1.0,0.4451,0.8979,6,8,False
T00261,K00013,C0058,1.0,0.649,0.5681,1.0,0.8854,0.7728,7,8,False
T00262,K00653,C0099,0.4161,0.2793,0.4824,0.5,0.171,0.9539,4,5,False
T00263,K00372,C0091,0.6384,0.7113,0.8934,1.0,0.7874,0.9939,6,9,False
T00264,K00188,C0058,0.969,0.7101,0.316,1.0,0.8374,0.8401,6,8,False
T00265,K00076,C0094,0.6913,0.5461,0.6465,1.0,0.3683,0.7545,5,8,False
T00266,K00014,C0019,0.6571,0.5054,0.7657,1.0,0.6336,0.934,5,9,False
T00267,K00054,C0114,0.6431,0.6302,0.7827,0.8333,0.1733,0.9191,6,9,True
T00268,K00280,C0038,0.676,0.3416,0.5549,1.0,0.1521,0.9417,5,8,False
T00269,K00583,C0105,0.7202,0.4592,0.9533,1.0,0.9176,0.9535,6,9,False
T00270,K00073,C0075,0.4597,0.5384,0.5327,0.6667,0.8681,0.9616,5,5,False
T00271,K00090,C0055,0.9597,0.6635,0.4671,1.0,0.5709,0.9256,6,8,False
T00272,K00102,C0077,0.5768,0.4477,0.5686,1.0,0.5528,0.654,5,8,False
T00273,K00271,C0030,1.0,0.6517,0.7679,1.0,0.6724,0.9362,7,8,False
T00274,K00347,C0076,0.549,0.5244,0.6678,1.0,0.8752,0.8505,7,9,False
T00275,K00432,C0081,0.5218,0.4162,0.5612,1.0,0.6119,0.9155,5,9,False
T00276,K00604,C0067,0.695,0.5847,0.5965,1.0,0.5524,0.8967,6,9,False
T00277,K00066,C0072,0.5542,0.3565,0.579,1.0,0.4356,0.9532,6,7,True
T00278,K00107,C0034,0.4515,0.3708,0.8171,1.0,0.8531,0.9343,5,8,False
T00279,K00387,C0042,0.3968,0.3303,0.7108,0.6667,0.081,0.935,4,7,False
T00280,K00364,C0073,0.6742,0.7259,0.5624,1.0,0.4327,0.9444,6,8,False
T00281,K00491,C0006,0.8278,0.6367,0.7222,1.0,0.6445,0.7351,7,8,False
T00282,K00201,C0116,0.8076,0.6283,0.4947,1.0,0.4339,0.7684,7,7,False
T00283,K00536,C0025,0.4763,0.2877,0.5909,0.75,0.6046,0.9308,5,7,False
T00284,K00040,C0035,1.0,0.9534,0.6136,1.0,0.7568,0.853,8,8,False
T00285,K00398,C0088,0.845,0.751,0.9306,0.875,0.5919,0.8846,8,7,False
T00286,K00408,C0070,0.4487,0.5108,0.6513,0.6667,0.4244,0.9457,5,6,False
T00287,K00539,C0012,0.8681,0.4631,0.2728,1.0,0.6014,0.892,6,7,True
T00288,K00279,C0066,0.751,0.5873,0.5492,0.875,0.5472,0.9286,6,8,False
T00289,K00588,C0101,0.5197,0.7119,0.7321,0.75,0.6266,0.8982,6,7,True
T00290,K00341,C0036,1.0,0.6182,0.5606,0.8333,0.5764,0.9317,7,8,False
T00291,K00079,C0025,0.7008,0.6547,0.7451,0.8333,0.6046,0.9179,6,7,False
T00292,K00420,C0017,0.4718,0.5573,0.8153,0.5,0.1379,0.8751,5,7,True
T00293,K00140,C0114,0.6853,0.5822,0.6257,1.0,0.2468,0.9635,7,10,False
T00294,K00227,C0097,0.9855,0.7073,0.6236,1.0,0.6437,0.9144,7,8,False
T00295,K00439,C0114,0.5264,0.2452,0.5607,1.0,0.2468,0.9748,4,8,False
T00296,K00133,C0095,0.5463,0.5591,0.8777,0.75,0.7331,0.9749,4,8,False
T00297,K00428,C0117,0.6013,0.4774,0.3989,1.0,0.4618,0.9093,5,8,False
T00298,K00252,C0080,0.7585,0.6912,0.5869,1.0,0.6273,0.9864,7,8,False
T00299,K00194,C0090,0.4857,0.3815,0.6145,1.0,0.1063,0.8797,4,8,False
T00300,K00323,C0002,0.5,0.4369,0.3375,1.0,0.622,0.9719,4,8,False
T00301,K00065,C0111,0.544,0.5437,0.8368,0.75,0.6158,0.9208,6,7,False
T00302,K00628,C0088,0.7018,0.5089,0.4691,0.75,0.5919,0.8227,6,7,False
T00303,K00562,C0063,0.5948,0.467,0.3044,1.0,0.5504,0.9125,4,7,False
T00304,K00591,C0101,0.3803,0.3538,0.5787,1.0,0.5686,0.8751,4,8,False
T00305,K00058,C0067,0.7768,0.346,0.1683,1.0,0.5637,0.9648,4,7,False
T00306,K00337,C0085,0.5436,0.1371,0.251,1.0,0.7735,0.9762,3,7,False
T00307,K00610,C0072,0.6161,0.5398,0.8463,1.0,0.2506,0.9867,6,9,True
T00308,K00020,C0013,0.7551,0.6614,0.8617,1.0,0.7336,0.7856,7,8,False
T00309,K00514,C0084,0.6887,0.3622,0.6031,0.8333,0.4192,0.9526,5,10,False
T00310,K00519,C0088,0.5456,0.2625,0.2797,1.0,0.5919,0.9623,3,6,False
T00311,K00481,C0005,0.7467,0.4354,0.7466,1.0,0.5118,0.9466,5,9,False
T00312,K00412,C0037,0.312,0.4758,0.9531,0.875,0.6155,0.9316,4,8,False
T00313,K00172,C0094,0.7241,0.533,0.4746,1.0,0.2578,0.7702,6,7,False
T00314,K00089,C0107,0.7642,0.5152,0.7591,0.8333,0.513,0.9341,6,7,True
T00315,K00169,C0033,0.5169,0.3254,0.6599,1.0,0.2507,0.8776,5,7,False
T00316,K00383,C0049,0.8398,0.4634,0.3088,1.0,0.642,0.9181,5,7,False
T00317,K00452,C0039,0.7507,0.4159,0.1823,1.0,0.2504,0.966,6,6,False
T00318,K00237,C0068,0.4306,0.5036,0.8555,0.75,0.676,0.8877,6,7,False
T00319,K00018,C0039,0.298,0.1604,0.8646,0.6667,0.0411,0.9858,3,6,False
T00320,K00340,C0095,0.7135,0.7169,0.9067,1.0,0.7331,0.9183,7,8,False
T00321,K00260,C0039,0.8036,0.6033,0.4208,1.0,0.2408,0.8712,6,8,False
T00322,K00458,C0114,0.5299,0.4073,0.5561,1.0,0.2468,0.8445,4,9,False
T00323,K00197,C0068,0.6203,0.3056,0.669,1.0,0.6102,0.8299,5,8,False
T00324,K00331,C0083,0.3823,0.6254,0.8835,0.375,0.1728,0.97,6,6,False
T00325,K00162,C0040,0.6863,0.5199,0.8212,0.75,0.6862,0.9026,5,7,False
T00326,K00468,C0072,0.7134,0.5319,0.5497,1.0,0.4356,0.8941,5,9,False
T00327,K00476,C0036,0.8184,0.6287,0.5987,1.0,0.5764,0.8659,6,9,False
T00328,K00027,C0093,0.533,0.4649,0.7006,0.875,0.3275,0.9639,5,8,True
T00329,K00114,C0031,0.4821,0.6286,0.6466,1.0,0.1852,0.8353,5,7,False
T00330,K00401,C0103,0.7723,0.6848,0.8884,1.0,0.7432,0.9597,8,9,False
T00331,K00524,C0008,0.8307,0.6271,0.648,1.0,0.5669,0.9412,8,9,False
T00332,K00357,C0019,0.4244,0.4544,0.7293,1.0,0.6336,0.9122,6,8,False
T00333,K00006,C0031,0.4537,0.3175,0.5451,0.8333,0.1852,0.9585,3,8,False
T00334,K00247,C0006,0.6641,0.4155,0.6625,1.0,0.6445,0.9684,5,8,False
T00335,K00498,C0119,0.5765,0.5213,0.8272,1.0,0.0916,0.9168,6,10,False
T00336,K00345,C0071,0.2045,0.4296,0.6747,0.75,0.2298,0.9754,4,8,False
T00337,K00050,C0045,0.6712,0.4182,0.4839,1.0,0.7126,0.8739,5,7,False
T00338,K00574,C0094,0.3778,0.2774,0.2464,0.75,0.3683,0.815,3,5,False
T00339,K00211,C0094,0.6255,0.3925,0.2589,1.0,0.2578,0.814,4,7,False
T00340,K00112,C0029,0.679,0.5061,0.7018,1.0,0.5823,0.8646,6,9,True
T00341,K00350,C0022,0.7489,0.694,0.8545,1.0,0.5559,0.8621,6,8,False
T00342,K00168,C0015,0.5119,0.3786,0.4542,0.6667,0.581,0.8764,4,6,False
T00343,K00566,C0114,0.779,0.3121,0.3117,1.0,0.3236,0.908,4,8,False
T00344,K00521,C0084,0.8218,0.4886,0.4517,0.75,0.4192,0.7941,6,5,False
T00345,K00552,C0116,0.5755,0.3469,0.468,1.0,0.3323,0.925,4,7,False
T00346,K00213,C0094,0.6786,0.3706,0.2881,1.0,0.2578,0.7552,5,8,False
T00347,K00448,C0056,0.529,0.6301,0.7187,1.0,0.567,0.8951,6,9,False
T00348,K00501,C0097,0.8166,0.5146,0.7327,1.0,0.6437,0.9924,6,8,False
T00349,K00369,C0114,0.3589,0.5046,0.8302,0.6667,0.1733,0.8903,5,9,False
T00350,K00052,C0001,0.5928,0.5169,0.3357,1.0,0.7166,0.8064,5,8,True
T00351,K00084,C0046,0.9007,0.6079,0.7128,1.0,0.8995,0.8708,7,9,False
T00352,K00226,C0039,0.7891,0.5927,0.5632,1.0,0.2408,0.8305,6,8,False
T00353,K00515,C0045,0.2905,0.1704,0.239,0.3333,0.635,0.8729,3,4,False
T00354,K00649,C0006,0.6321,0.4866,0.733,0.75,0.6445,0.8023,5,7,False
T00355,K00184,C0113,0.792,0.5522,0.6002,0.8333,0.2064,0.9038,6,8,False
T00356,K00585,C0065,0.3672,0.3091,0.444,1.0,0.3575,0.8929,3,8,True
T00357,K00010,C0073,0.5047,0.2499,0.3679,1.0,0.4327,0.9137,4,9,True
T00358,K00523,C0100,0.2857,0.3129,0.3731,0.5,0.3374,0.9947,3,5,True
T00359,K00288,C0001,0.8648,0.6813,0.5041,1.0,0.7166,0.9319,6,7,False
T00360,K00343,C0012,0.5957,0.2896,0.5477,0.8333,0.6014,0.6458,5,7,False
T00361,K00590,C0034,0.7039,0.6938,0.7574,1.0,0.6993,0.9184,7,9,False
T00362,K00436,C0107,0.5317,0.5242,0.8566,0.75,0.4681,0.9106,6,7,True
T00363,K00478,C0073,0.8533,0.3341,0.1684,1.0,0.4377,0.8696,5,7,False
T00364,K00026,C0052,0.6823,0.5912,0.8729,1.0,0.5104,0.8265,6,9,False
T00365,K00289,C0106,0.6067,0.6055,0.8462,1.0,0.813,0.9304,6,9,False
T00366,K00116,C0072,0.7742,0.43,0.7285,1.0,0.4228,0.9456,7,9,False
T00367,K00414,C0096,0.6852,0.5423,0.6154,1.0,0.2015,0.9702,4,9,False
T00368,K00131,C0066,0.4992,0.2818,0.4568,1.0,0.2444,0.9441,4,8,False
T00369,K00025,C0058,0.2627,0.2785,0.7457,0.75,0.8374,0.9416,3,8,False
T00370,K00319,C0084,0.4615,0.2616,0.294,1.0,0.4192,0.8773,2,7,True
T00371,K00258,C0007,0.7884,0.454,0.361,1.0,0.6102,0.8706,5,7,False
T00372,K00465,C0101,0.4055,0.6569,0.8868,0.8333,0.5686,0.9078,7,8,False
T00373,K00245,C0011,0.5188,0.4487,0.5016,0.6667,0.5341,0.9094,5,6,False
T00374,K00035,C0025,0.3329,0.2968,0.463,0.875,0.3868,0.9091,4,7,False
T00375,K00101,C0030,0.6073,0.4617,0.5205,1.0,0.6724,0.8492,5,9,False
T00376,K00389,C0072,0.8831,0.7625,0.7912,1.0,0.4228,0.9447,7,8,False
T00377,K00509,C0108,0.6054,0.5331,0.7362,0.8333,0.3852,0.8765,6,7,False
T00378,K00001,C0071,0.7943,0.5931,0.3702,1.0,0.2298,0.9016,6,7,False
T00379,K00392,C0060,0.7157,0.846,0.7083,0.75,0.5958,0.9278,7,7,True
T00380,K00031,C0037,0.5441,0.3238,0.3266,0.75,0.6155,0.9406,4,6,False
T00381,K00367,C0067,0.8623,0.4531,0.3413,1.0,0.5637,0.8994,6,8,False
T00382,K00638,C0116,0.6297,0.5299,0.5549,1.0,0.3323,0.7658,6,7,False
T00383,K00616,C0007,0.877,0.567,0.5653,1.0,0.6328,0.858,6,10,False
T00384,K00200,C0060,0.8401,0.6665,0.8277,0.75,0.5958,0.8658,7,8,False
T00385,K00334,C0067,0.7928,0.5925,0.7004,1.0,0.5637,0.9248,7,8,False
T00386,K00435,C0076,0.5755,0.4212,0.5193,0.75,0.8752,0.8998,5,6,False
T00387,K00543,C0020,0.6639,0.3673,0.7039,0.375,0.2874,0.9517,5,5,False
T00388,K00305,C0080,0.9401,0.7022,0.8385,1.0,0.6273,0.9791,9,9,False
T00389,K00004,C0084,0.6663,0.5872,0.8628,0.8333,0.3213,0.9844,6,7,False
T00390,K00547,C0116,0.4957,0.3863,0.4218,1.0,0.4339,0.7088,4,8,False
T00391,K00531,C0107,0.6305,0.3961,0.4792,1.0,0.4681,0.89,5,8,False
T00392,K00230,C0076,0.7438,0.5633,0.7112,1.0,0.8752,0.8982,5,9,False
T00393,K00217,C0082,0.3496,0.4347,0.6967,1.0,0.5546,0.9616,4,8,False
T00394,K00099,C0039,0.8126,0.4829,0.8234,1.0,0.2504,0.9148,5,10,False
T00395,K00497,C0089,0.3975,0.4801,0.6536,0.3333,0.4212,0.9281,5,4,False
T00396,K00589,C0088,0.4838,0.3251,0.3396,0.75,0.5919,0.9806,4,7,False
T00397,K00215,C0101,0.5072,0.6147,0.5667,1.0,0.5686,0.9229,6,8,False
T00398,K01319,C0049,0.5575,0.5993,0.5969,0.5,0.642,0.7659,5,6,False
T00399,K00698,C0049,0.9295,0.6194,0.6159,1.0,0.2053,0.9376,6,10,False
T00400,K01190,C0094,0.8181,0.535,0.6769,1.0,0.2578,0.8338,7,9,True
T00401,K01472,C0072,0.8969,0.8132,0.722,1.0,0.4356,0.9755,7,9,False
T00402,K01036,C0027,0.4364,0.4795,0.8163,0.75,0.3074,0.8619,5,8,False
T00403,K00794,C0043,0.0635,0.2744,0.8844,0.0,0.2417,0.9452,2,3,True
T00404,K00845,C0120,0.331,0.367,0.5585,1.0,0.2787,0.9007,4,8,True
T00405,K01395,C0021,0.5929,0.6627,0.8259,1.0,0.4724,0.9526,8,8,False
T00406,K01028,C0084,0.4189,0.2915,0.5348,0.8333,0.4192,0.9173,4,8,False
T00407,K01493,C0090,0.4737,0.4248,0.905,0.75,0.556,0.9522,5,7,False
T00408,K00732,C0025,0.4961,0.4689,0.5,0.8333,0.3868,0.8583,5,7,False
T00409,K00967,C0072,0.4848,0.5107,0.8118,1.0,0.4228,0.9348,5,9,True
T00410,K01049,C0099,0.3598,0.4572,0.6837,0.75,0.1956,0.9517,5,7,False
T00411,K01063,C0108,0.6323,0.3705,0.4857,1.0,0.3466,0.8859,5,7,False
T00412,K01406,C0024,0.8492,0.6488,0.4793,1.0,0.1559,0.8097,6,7,False
T00413,K00810,C0085,0.952,0.5434,0.3647,1.0,0.7735,0.9593,7,8,True
T00414,K01444,C0070,0.605,0.5105,0.8644,0.75,0.4244,0.9768,6,6,False
T00415,K01433,C0096,0.5442,0.5654,0.7489,1.0,0.3502,0.9717,5,9,False
T00416,K00882,C0094,0.5018,0.513,0.8082,1.0,0.3683,0.7959,5,9,False
T00417,K00675,C0009,0.7199,0.5874,0.8918,0.8333,0.6638,0.7941,6,7,False
T00418,K00878,C0111,0.855,0.5749,0.8112,0.8333,0.6158,0.902,6,7,True
T00419,K01233,C0072,0.6926,0.5961,0.5439,1.0,0.5483,0.9152,5,9,False
T00420,K00723,C0114,0.2704,0.2689,0.6614,0.75,0.2468,0.9713,4,7,False
T00421,K01299,C0058,0.9295,0.5642,0.511,0.875,0.8854,0.8571,7,7,False
T00422,K00937,C0088,0.7996,0.5713,0.2787,1.0,0.5919,0.8919,5,8,False
T00423,K01381,C0019,0.7031,0.4522,0.5469,1.0,0.5798,0.9347,6,8,False
T00424,K00680,C0088,0.5125,0.3918,0.502,0.75,0.5845,0.8994,5,6,False
T00425,K00685,C0048,0.5767,0.4614,0.3967,0.75,0.4966,0.9295,6,7,True
T00426,K01206,C0042,0.8005,0.578,0.6481,1.0,0.2224,0.9539,6,8,False
T00427,K00905,C0063,0.6144,0.4633,0.3922,0.8333,0.5314,0.7771,6,7,False
T00428,K00971,C0002,0.9911,0.4249,0.6703,1.0,0.2409,0.9571,5,9,False
T00429,K01345,C0112,0.41,0.2234,0.5388,0.75,0.39,0.9602,4,6,False
T00430,K00691,C0103,0.6246,0.3679,0.7588,0.75,0.8055,0.9646,6,7,False
T00431,K00945,C0108,0.3408,0.0594,0.1354,0.75,0.3287,0.8709,2,6,True
T00432,K01300,C0017,0.807,0.6545,0.6336,1.0,0.3955,0.9566,8,9,False
T00433,K00888,C0063,0.6498,0.497,0.5921,1.0,0.5314,0.8381,6,8,False
T00434,K01384,C0117,0.5446,0.4675,0.6521,1.0,0.4618,0.8856,5,7,False
T00435,K00926,C0031,0.3494,0.2602,0.6977,0.5,0.2498,0.9972,3,6,True
T00436,K01357,C0071,0.5192,0.4908,0.7382,0.8333,0.2298,0.894,6,8,True
T00437,K01259,C0092,0.8163,0.5808,0.7279,1.0,0.48,0.5213,6,8,False
T00438,K01459,C0035,0.5553,0.7558,0.884,1.0,0.7568,0.9156,6,9,False
T00439,K01307,C0094,0.5336,0.566,0.7756,0.75,0.3064,0.8638,6,8,False
T00440,K01422,C0116,0.7607,0.5867,0.9128,1.0,0.4339,0.6353,7,10,False
T00441,K00889,C0085,0.239,0.3361,0.801,0.5,0.3839,0.9521,6,5,False
T00442,K01435,C0018,0.2589,0.3911,0.8436,0.3333,0.0974,0.9137,5,5,True
T00443,K01150,C0108,0.3969,0.3172,0.5546,0.75,0.3466,0.9346,3,6,False
T00444,K00725,C0053,0.685,0.5594,0.6198,0.8333,0.6641,0.9513,6,7,False
T00445,K00755,C0034,0.9363,0.5135,0.4091,1.0,0.6993,0.936,6,7,False
T00446,K01398,C0095,0.5561,0.5189,0.9178,1.0,0.7331,0.922,5,9,False
T00447,K01310,C0073,0.2908,0.3701,0.732,0.75,0.4377,0.7793,4,7,True
T00448,K01432,C0030,0.6789,0.4348,0.3351,1.0,0.6724,0.9538,4,8,False
T00449,K01158,C0017,0.6147,0.5563,0.4972,1.0,0.4955,0.8942,5,7,False
T00450,K01071,C0045,0.8138,0.6066,0.7293,1.0,0.7126,0.9241,7,9,True
T00451,K00965,C0114,0.3038,0.2632,0.4594,1.0,0.2468,0.791,3,7,True
T00452,K00814,C0104,0.6905,0.4252,0.2901,0.75,0.5871,0.888,5,5,True
T00453,K00907,C0114,0.6601,0.5756,0.6404,1.0,0.3236,0.9954,6,8,False
T00454,K01087,C0055,0.8689,0.6285,0.584,1.0,0.1884,0.8305,6,8,False
T00455,K00981,C0072,0.8614,0.5774,0.6963,1.0,0.5483,0.7456,7,8,False
T00456,K01035,C0072,0.7764,0.6573,0.8538,1.0,0.4356,0.9196,6,10,False
T00457,K00819,C0039,0.7145,0.4827,0.5305,1.0,0.2504,0.9873,6,8,False
T00458,K00974,C0022,0.5801,0.4709,0.7036,1.0,0.5559,0.9095,5,9,False
T00459,K01017,C0092,0.7187,0.4489,0.5843,1.0,0.0676,0.9646,5,8,True
T00460,K01164,C0108,0.3632,0.3952,0.5177,0.5,0.3852,0.7508,5,5,True
T00461,K00931,C0094,0.695,0.7132,0.8385,1.0,0.3683,0.8641,6,10,False
T00462,K01184,C0072,0.5013,0.3997,0.9473,1.0,0.4356,0.962,4,9,True
T00463,K01414,C0059,0.3502,0.3955,0.5805,0.5,0.6274,0.9719,4,4,False
T00464,K00828,C0067,0.6625,0.555,0.5133,1.0,0.5524,0.7741,6,8,True
T00465,K01447,C0093,0.9721,0.6375,0.8259,1.0,0.6502,0.9377,8,9,False
T00466,K01257,C0006,0.6612,0.6624,0.659,0.875,0.6445,0.8779,7,8,False
T00467,K00894,C0110,0.6751,0.606,0.3183,1.0,0.6991,0.9444,6,8,False
T00468,K00876,C0006,0.5049,0.3982,0.1846,1.0,0.6843,0.9791,2,8,False
T00469,K01370,C0094,0.4424,0.3129,0.561,0.75,0.3064,0.7523,4,6,False
T00470,K01147,C0114,0.5648,0.545,0.4945,1.0,0.2468,0.8264,4,8,False
T00471,K01120,C0008,0.7031,0.4332,0.2539,1.0,0.5669,0.798,6,8,True
T00472,K01130,C0097,0.8903,0.4239,0.2043,1.0,0.6437,0.9874,6,8,False
T00473,K01265,C0040,0.6401,0.5675,0.2422,0.8333,0.6862,0.6792,5,6,False
T00474,K01108,C0032,0.9629,0.7703,0.8274,1.0,0.6018,0.8949,9,9,True
T00475,K01330,C0102,0.7956,0.5898,0.5112,0.75,0.7671,0.8787,7,6,False
T00476,K01129,C0071,0.7728,0.7638,0.6981,0.8333,0.4341,0.7927,7,7,False
T00477,K01209,C0119,0.6796,0.4709,0.8931,1.0,0.4456,0.8287,8,8,False
T00478,K00847,C0111,0.8231,0.5997,0.7934,1.0,0.652,0.944,8,9,False
T00479,K00815,C0058,0.7903,0.4429,0.5083,0.875,0.8854,0.8783,6,7,False
T00480,K01374,C0064,0.5362,0.484,0.7752,0.8333,0.4449,0.9535,4,7,False
T00481,K00721,C0045,0.3495,0.5606,0.5028,0.8333,0.7126,0.6732,4,8,False
T00482,K00940,C0012,0.7468,0.656,0.6711,0.8333,0.6014,0.9122,5,7,False
T00483,K00773,C0066,0.7224,0.5589,0.6919,0.8333,0.4566,0.9464,7,7,False
T00484,K00715,C0052,0.5581,0.5111,0.6098,0.75,0.5104,0.9673,6,7,False
T00485,K00748,C0025,0.6216,0.5097,0.4759,0.875,0.6046,0.9914,5,8,True
T00486,K01331,C0039,0.9813,0.7286,0.4952,1.0,0.2408,0.9481,8,9,False
T00487,K01173,C0006,0.6102,0.613,0.9212,1.0,0.6445,0.8833,6,10,True
T00488,K00807,C0006,0.6791,0.5156,0.9653,1.0,0.6843,0.9596,5,9,False
T00489,K00955,C0083,0.269,0.4665,0.8065,0.3333,0.1612,0.9255,5,5,False
T00490,K01030,C0068,0.5321,0.431,0.8421,0.25,0.676,0.9753,6,5,True
T00491,K00887,C0084,0.1016,0.0,0.5051,0.6667,0.3213,0.8427,3,6,False
T00492,K01076,C0015,0.5162,0.3138,0.275,0.625,0.581,0.905,4,6,False
T00493,K00954,C0013,0.137,0.3503,0.8268,0.0,0.8026,0.9582,4,3,False
T00494,K01263,C0097,0.767,0.53,0.3401,0.8333,0.6437,0.9085,5,7,False
T00495,K01189,C0075,0.9986,0.7095,0.262,0.8333,0.8681,0.9918,6,6,False
T00496,K00789,C0107,0.6843,0.6566,0.8483,1.0,0.4681,0.9451,7,8,False
T00497,K00757,C0081,0.599,0.3767,0.5144,1.0,0.6119,0.9774,4,8,True
T00498,K00925,C0103,0.8895,0.2583,0.0716,1.0,0.7432,0.9621,4,6,False
T00499,K00699,C0104,0.8101,0.6022,0.8547,0.75,0.5871,0.9441,6,8,False
T00500,K00868,C0034,0.8316,0.6637,0.7353,1.0,0.6993,0.9076,7,9,False
T00501,K01046,C0065,0.1673,0.4621,0.9082,0.5,0.1848,0.9411,6,7,False
T00502,K01223,C0099,0.7012,0.3883,0.6286,1.0,0.4657,0.9852,5,8,False
T00503,K00960,C0040,0.5743,0.4016,0.6644,0.75,0.6094,0.9681,5,6,False
T00504,K01098,C0114,0.5716,0.5499,0.6478,1.0,0.2468,0.917,6,9,True
T00505,K00837,C0106,0.7774,0.5042,0.5682,1.0,0.813,0.9044,6,6,False
T00506,K01467,C0058,0.7359,0.5638,0.7835,0.8333,0.8854,0.8863,7,10,False
T00507,K01360,C0114,0.9605,0.658,0.6828,1.0,0.1733,0.901,8,8,True
T00508,K01241,C0045,0.708,0.4275,0.2397,0.875,0.7126,0.877,4,8,True
T00509,K00718,C0101,0.842,0.509,0.5509,1.0,0.5686,0.7641,6,9,False
T00510,K01352,C0012,0.5588,0.3596,0.4374,0.8333,0.6014,0.6264,4,7,True
T00511,K01377,C0019,0.4211,0.3091,0.5527,0.75,0.2609,0.9265,4,7,False
T00512,K01221,C0108,0.4078,0.2993,0.2652,0.75,0.3466,0.9342,3,6,False
T00513,K00963,C0028,0.8642,0.4119,0.3345,1.0,0.735,0.8371,5,7,False
T00514,K00992,C0068,0.8455,0.6401,0.8725,1.0,0.676,0.799,6,9,False
T00515,K00690,C0084,0.7386,0.388,0.7531,1.0,0.4192,0.9309,6,9,True
T00516,K01012,C0070,0.9868,0.7941,0.6042,0.875,0.4244,0.9476,8,7,False
T00517,K00909,C0089,0.8069,0.8199,0.8312,1.0,0.9804,0.8574,6,8,False
T00518,K00932,C0073,0.4709,0.5268,0.8474,0.75,0.4377,0.9066,5,7,False
T00519,K01256,C0114,0.7181,0.432,0.2217,1.0,0.2468,0.9391,5,8,False
T00520,K00670,C0052,0.3918,0.2165,0.476,0.3333,0.4897,0.9441,4,5,False
T00521,K01202,C0001,0.3813,0.3233,0.6126,1.0,0.6209,0.9726,4,8,False
T00522,K00780,C0051,0.6418,0.6745,0.8253,0.6667,0.248,0.9652,6,6,True
T00523,K00989,C0001,0.5927,0.5767,0.7651,1.0,0.7166,0.8054,6,8,False
T00524,K01388,C0094,0.5148,0.5341,0.8191,1.0,0.2578,0.9205,6,10,True
T00525,K00901,C0039,0.4665,0.4829,0.6954,1.0,0.2408,0.909,5,9,False
T00526,K01053,C0036,0.8215,0.4854,0.3176,1.0,0.5764,0.8987,7,8,False
T00527,K01001,C0112,0.2922,0.4204,0.8535,0.3333,0.34,0.8845,4,7,False
T00528,K01007,C0077,0.729,0.6361,0.9227,1.0,0.5911,0.9376,6,10,False
T00529,K01474,C0113,0.5709,0.5381,0.5459,0.5,0.646,0.9196,5,7,False
T00530,K01380,C0101,0.7994,0.6861,0.8012,1.0,0.719,0.9801,6,9,False
T00531,K01033,C0095,0.8477,0.7813,0.3847,1.0,0.7331,0.9475,7,8,False
T00532,K01101,C0080,0.6259,0.6226,0.5814,1.0,0.2946,0.9269,7,9,False
T00533,K01232,C0090,0.1915,0.189,0.3753,0.5,0.1962,0.8412,2,5,True
T00534,K00674,C0010,0.5605,0.4146,0.4508,0.5,0.2927,0.8987,5,5,False
T00535,K00714,C0093,0.4185,0.5101,0.6536,0.6667,0.6502,0.9022,5,7,False
T00536,K01000,C0101,0.9105,0.606,0.5967,0.75,0.5686,0.944,6,7,False
T00537,K00869,C0030,0.5991,0.4893,0.4397,1.0,0.6724,0.9284,5,8,True
T00538,K01045,C0034,0.793,0.6298,0.5266,1.0,0.8531,0.9181,6,8,False
T00539,K01368,C0094,0.6386,0.343,0.3725,1.0,0.3683,0.7808,5,7,True
T00540,K01237,C0088,0.533,0.591,0.6224,1.0,0.5919,0.8184,6,7,False
T00541,K01037,C0103,0.6054,0.586,0.5958,1.0,0.7432,0.8902,6,9,False
T00542,K00920,C0031,0.5369,0.4741,0.6025,1.0,0.3135,0.9228,5,8,False
T00543,K00805,C0072,0.4258,0.4389,0.6337,1.0,0.4228,0.8807,4,8,False
T00544,K01054,C0082,0.6049,0.2655,0.3594,1.0,0.5546,0.976,3,7,False
T00545,K01375,C0066,0.3769,0.4111,0.7363,0.5,0.5472,0.9388,4,6,False
T00546,K00991,C0116,0.5952,0.5768,0.7739,1.0,0.4339,0.8299,5,9,False
T00547,K01492,C0066,0.5389,0.3743,0.851,0.75,0.4566,0.8851,6,7,False
T00548,K01176,C0005,0.8607,0.7121,0.6879,0.75,0.5118,0.9541,8,8,False
T00549,K00863,C0084,0.6013,0.4498,0.8736,0.75,0.4192,0.9238,6,8,False
T00550,K01083,C0084,0.7112,0.5903,0.5863,0.75,0.4192,0.9433,6,6,False
T00551,K01358,C0039,0.5866,0.3728,0.5413,1.0,0.2504,0.7873,3,9,False
T00552,K01424,C0116,0.526,0.548,0.8629,1.0,0.3323,0.9371,6,9,False
T00553,K00827,C0116,0.6575,0.5009,0.5447,1.0,0.4339,0.897,6,8,False
T00554,K01139,C0025,0.6398,0.5528,0.7573,1.0,0.6046,0.9415,6,9,False
T00555,K00975,C0092,0.823,0.4662,0.6753,0.8333,0.48,0.8898,5,7,False
T00556,K01250,C0106,0.6178,0.2999,0.324,0.5,0.813,0.9274,3,4,True
T00557,K00938,C0039,0.4012,0.5292,0.9631,1.0,0.2408,0.8364,5,8,True
T00558,K01218,C0112,0.7316,0.6283,0.8272,0.875,0.39,0.9134,7,7,False
T00559,K00986,C0002,0.6966,0.4165,0.4322,1.0,0.622,0.9132,6,8,False
T00560,K01234,C0120,0.8178,0.6923,0.6933,1.0,0.2787,0.8278,7,8,False
T00561,K01262,C0119,0.73,0.4752,0.7592,1.0,0.4456,0.9241,6,8,False
T00562,K01361,C0073,0.6248,0.3527,0.6349,0.75,0.4377,0.8369,5,6,False
T00563,K00792,C0067,0.5331,0.463,0.6565,1.0,0.5524,0.9432,6,9,True
T00564,K00658,C0048,0.3957,0.131,0.3795,0.6667,0.1942,0.9764,3,7,False
T00565,K00959,C0036,0.7199,0.6628,0.5109,0.6667,0.2673,0.8589,6,5,False
T00566,K00790,C0096,0.8276,0.6911,0.8063,1.0,0.3502,0.952,6,9,False
T00567,K01311,C0072,0.7583,0.7872,0.9157,1.0,0.5483,0.9812,9,9,True
T00568,K01195,C0088,0.3623,0.4636,0.9055,0.75,0.2292,0.9738,5,8,False
T00569,K01315,C0053,0.5154,0.3887,0.404,0.8333,0.6641,0.9305,4,6,False
T00570,K01389,C0068,0.618,0.7877,0.6858,1.0,0.676,0.775,8,9,False
T00571,K00701,C0035,0.7516,0.5786,0.7622,1.0,0.7568,0.8513,7,9,False
T00572,K00982,C0081,0.839,0.6598,0.6418,1.0,0.6119,0.9572,6,8,False
T00573,K00774,C0114,0.9008,0.494,0.4097,1.0,0.2468,0.9237,7,8,False
T00574,K01296,C0031,0.7326,0.5762,0.67,1.0,0.1852,0.9093,7,7,False
T00575,K01344,C0090,0.4014,0.4371,0.6742,0.5,0.4987,0.8782,4,5,False
T00576,K00957,C0094,0.4315,0.2831,0.2286,1.0,0.2578,0.8045,3,8,False
T00577,K00784,C0025,0.7892,0.776,0.6082,1.0,0.6046,0.893,7,9,False
T00578,K01383,C0030,0.8537,0.5565,0.5504,1.0,0.6724,0.9325,5,7,False
T00579,K00752,C0091,0.7303,0.4273,0.5166,1.0,0.7874,0.9889,5,8,True
T00580,K00696,C0095,0.6043,0.3489,0.1431,0.8333,0.7331,0.9237,4,6,True
T00581,K01074,C0102,0.5443,0.5018,0.5407,1.0,0.7671,0.9637,5,8,True
T00582,K00806,C0049,0.8182,0.5522,0.9271,1.0,0.642,0.9072,6,8,False
T00583,K00856,C0072,0.6908,0.4702,0.7399,1.0,0.4356,0.8449,6,8,False
T00584,K01152,C0075,0.3326,0.307,0.4687,0.625,0.8681,0.9723,5,6,False
T00585,K00776,C0052,0.6438,0.5811,0.8192,0.75,0.4897,0.8679,7,7,True
T00586,K00793,C0002,0.6528,0.5908,0.6469,1.0,0.6233,0.9556,6,8,False
T00587,K01044,C0009,0.8677,0.6695,0.9102,0.8333,0.761,0.9383,8,8,True
T00588,K01295,C0116,0.8507,0.4732,0.507,1.0,0.4451,0.9837,6,8,False
T00589,K01272,C0006,0.6104,0.4859,0.5503,1.0,0.6445,0.8903,5,8,True
T00590,K00829,C0017,0.488,0.4596,0.5351,0.75,0.3955,0.8651,4,7,False
T00591,K01027,C0013,1.0,0.7592,0.3413,1.0,0.7336,0.7921,7,7,False
T00592,K01114,C0119,0.6963,0.5923,0.3552,1.0,0.4456,0.7906,5,9,False
T00593,K01359,C0031,0.7217,0.4808,0.9348,1.0,0.3135,0.9182,6,9,False
T00594,K00985,C0048,0.8316,0.7225,0.8444,0.875,0.4966,0.9814,7,9,True
T00595,K00984,C0040,0.6851,0.3652,0.4903,0.75,0.6094,0.8578,5,5,False
T00596,K00684,C0099,0.9082,0.6656,0.5625,1.0,0.4657,0.8564,8,8,False
T00597,K00713,C0063,0.4828,0.5197,0.6964,1.0,0.5314,0.8673,6,9,False
T00598,K01118,C0116,0.6856,0.524,0.7685,1.0,0.4339,0.7056,6,9,False
T00599,K01032,C0114,0.6476,0.6309,0.7062,1.0,0.2468,0.9801,5,8,False
T00600,K01405,C0058,0.906,0.4657,0.3177,0.75,0.8854,0.9822,5,7,False
T00601,K00662,C0006,0.1092,0.1294,0.1376,0.1667,0.3534,0.9588,2,1,False
T00602,K01159,C0008,0.4567,0.4663,0.9149,0.625,0.5669,0.9124,6,7,False
T00603,K00935,C0083,0.3254,0.5094,0.8189,0.1667,0.1575,0.9492,4,4,True
T00604,K01392,C0072,0.6481,0.5349,0.3678,1.0,0.4356,0.931,5,9,False
T00605,K01018,C0113,0.7131,0.6423,0.6178,1.0,0.646,0.9635,5,8,False
T00606,K01023,C0045,0.6983,0.474,0.6387,1.0,0.7126,0.9577,5,8,False
T00607,K01371,C0019,0.411,0.5471,0.6852,0.5,0.6336,0.9294,6,5,False
T00608,K00733,C0094,0.7736,0.336,0.3814,1.0,0.2578,0.8685,4,8,False
T00609,K00908,C0110,0.8161,0.5013,0.2644,1.0,0.6991,0.9725,4,7,False
T00610,K01353,C0009,0.3899,0.3018,0.6255,0.8333,0.6638,0.7458,4,9,False
T00611,K00659,C0119,0.8132,0.4249,0.2463,1.0,0.4456,0.8257,6,7,False
T00612,K01270,C0024,0.8308,0.4398,0.2891,1.0,0.7644,0.9554,7,6,False
T00613,K01426,C0043,0.5188,0.6181,0.8868,0.8333,0.2631,0.8801,7,7,True
T00614,K00864,C0073,0.6392,0.658,0.7178,1.0,0.4327,0.9403,6,8,True
T00615,K00743,C0114,0.5293,0.367,0.7004,0.75,0.2468,0.842,3,8,True
T00616,K00875,C0013,0.8243,0.8762,0.8404,1.0,0.7336,0.5867,8,9,False
T00617,K01038,C0085,0.3522,0.3845,0.3225,0.75,0.7735,0.8819,4,7,False
T00618,K00978,C0039,0.8898,0.6151,0.8001,1.0,0.2504,0.9517,7,9,True
T00619,K01266,C0119,0.7322,0.7154,0.7031,1.0,0.4456,0.9074,8,9,False
T00620,K01005,C0025,0.386,0.315,0.4676,0.5,0.5468,0.9033,2,6,False
T00621,K01168,C0071,0.6904,0.581,0.503,0.75,0.2298,0.9172,6,6,True
T00622,K00707,C0031,0.4934,0.4261,0.8273,0.625,0.3135,0.8824,5,6,False
T00623,K01048,C0094,0.5709,0.527,0.9089,1.0,0.3683,0.6992,5,10,False
T00624,K01208,C0113,0.3991,0.3297,0.6826,0.8333,0.646,0.9423,4,7,False
T00625,K00681,C0111,0.0375,0.3108,0.9001,0.25,0.1769,0.8521,2,5,False
T00626,K01105,C0017,0.676,0.5825,0.6099,1.0,0.3955,0.9546,5,8,False
T00627,K01504,C0103,0.7565,0.4659,0.445,1.0,0.8055,0.8291,4,8,False
T00628,K01155,C0002,0.7694,0.7515,0.8683,1.0,0.622,0.8569,8,7,False
T00629,K00709,C0006,0.806,0.5998,0.8576,1.0,0.6843,0.9258,6,9,False
T00630,K01462,C0025,0.5317,0.4109,0.9321,0.75,0.3868,0.7359,6,7,False
T00631,K00843,C0107,0.8304,0.6603,0.5854,0.75,0.513,0.885,7,7,False
T00632,K01309,C0072,0.9825,0.7342,0.4395,1.0,0.4356,0.8717,8,8,True
T00633,K00766,C0016,0.4837,0.5554,0.2872,1.0,0.6363,0.9014,5,6,False
T00634,K00880,C0050,0.4177,0.3765,0.9288,1.0,0.2738,0.9566,4,10,False
T00635,K01463,C0080,0.1229,0.3358,0.6514,0.25,0.2946,0.9304,3,4,False
T00636,K01151,C0042,0.813,0.7256,0.8188,1.0,0.2224,0.9647,8,7,False
T00637,K01106,C0006,1.0,0.4644,0.2672,1.0,0.6363,0.8567,5,7,False
T00638,K01126,C0116,0.5095,0.4961,0.5593,1.0,0.3323,0.9663,6,9,False
T00639,K00661,C0045,0.613,0.4345,0.6319,0.8333,0.7126,0.9961,5,8,True
T00640,K01451,C0039,0.7694,0.3704,0.3841,1.0,0.2504,0.7643,4,8,True
T00641,K00823,C0060,0.5606,0.4072,0.4762,0.8333,0.6895,0.8778,4,8,False
T00642,K00740,C0097,0.3321,0.4339,0.7776,0.625,0.6437,0.9362,5,8,True
T00643,K01502,C0096,0.3695,0.0831,0.5791,0.3333,0.3502,0.9576,3,5,False
T00644,K00860,C0058,0.4221,0.4694,0.6796,0.75,0.8854,0.9373,4,6,False
T00645,K01228,C0050,0.4872,0.4396,0.6156,1.0,0.241,0.839,4,8,True
T00646,K01415,C0067,0.6267,0.6237,0.8609,1.0,0.5637,0.7849,5,8,False
T00647,K00783,C0117,0.8052,0.8497,0.8068,1.0,0.4618,0.9169,7,8,False
T00648,K01169,C0088,0.5433,0.1545,0.1615,0.8333,0.5919,0.9755,4,5,False
T00649,K01172,C0107,0.874,0.704,0.8143,0.8333,0.4681,0.972,8,9,False
T00650,K01471,C0050,0.8246,0.5789,0.4486,1.0,0.195,0.8967,6,8,True
T00651,K01216,C0084,0.7506,0.7455,0.8321,1.0,0.3056,0.9465,6,8,False
T00652,K00803,C0012,0.5191,0.4049,0.4266,1.0,0.6014,0.9073,3,7,False
T00653,K00797,C0065,0.7385,0.4772,0.615,1.0,0.3575,0.9412,6,8,False
T00654,K00964,C0089,0.9859,0.5731,0.3692,1.0,0.9804,0.8794,6,8,False
T00655,K00804,C0077,0.6058,0.456,0.6359,0.6667,0.5528,0.978,5,5,True
T00656,K00734,C0084,0.7506,0.6019,0.4947,1.0,0.3213,0.9075,6,8,False
T00657,K01477,C0108,0.6207,0.4909,0.6248,1.0,0.3852,0.9615,5,9,False
T00658,K00870,C0066,0.7171,0.6506,0.658,1.0,0.4566,0.8917,6,8,False
T00659,K01192,C0088,0.824,0.5847,0.3326,0.875,0.5919,0.9456,6,6,False
T00660,K01111,C0096,0.3797,0.6091,0.5226,0.3333,0.3502,0.9898,5,4,False
T00661,K01387,C0094,0.4542,0.3171,0.3399,1.0,0.2578,0.7502,4,7,False
T00662,K00664,C0006,0.9334,0.6669,0.8816,1.0,0.6363,0.802,7,9,False
T00663,K01255,C0103,0.33,0.159,0.4481,0.75,0.2966,0.9723,4,7,False
T00664,K01199,C0111,0.5475,0.5804,0.5849,1.0,0.6158,0.8062,5,8,False
T00665,K01301,C0060,0.6025,0.4274,0.5927,1.0,0.5578,0.6633,5,7,False
T00666,K00710,C0053,0.5325,0.4377,0.4934,1.0,0.6641,0.9592,3,9,False
T00667,K00973,C0080,0.565,0.4561,0.3273,1.0,0.6273,0.9745,5,7,False
T00668,K01116,C0090,0.5239,0.2261,0.7763,0.75,0.4987,0.8981,5,7,False
T00669,K01021,C0095,0.7046,0.6467,0.6053,0.875,0.743,0.9781,6,7,False
T00670,K01058,C0082,0.677,0.692,0.6933,1.0,0.5546,0.9327,6,9,False
T00671,K01086,C0068,0.6742,0.4445,0.5502,0.75,0.6102,0.9411,5,6,False
T00672,K01445,C0070,0.8469,0.7727,0.5104,0.8333,0.4244,0.8828,7,6,False
T00673,K01484,C0051,0.6795,0.3855,0.7921,1.0,0.2485,0.9332,5,8,False
T00674,K01413,C0103,0.586,0.503,0.6386,1.0,0.7432,0.9138,5,9,False
T00675,K01321,C0033,0.3977,0.2938,0.8071,0.6667,0.2507,0.906,4,8,False
T00676,K00663,C0048,0.6479,0.4083,0.4861,1.0,0.5787,0.9855,5,7,True
T00677,K01434,C0068,0.754,0.5421,0.3627,1.0,0.6102,0.9398,5,7,True
T00678,K00665,C0071,0.3495,0.4817,0.7973,0.6667,0.4341,0.9202,5,6,False
T00679,K01478,C0043,0.554,0.5242,0.7251,1.0,0.5586,0.9703,6,9,False
T00680,K01072,C0119,0.6756,0.4517,0.525,1.0,0.4171,0.9601,4,8,False
T00681,K00867,C0111,0.5145,0.5053,0.9279,1.0,0.652,0.7022,6,10,False
T00682,K01401,C0006,0.97,0.4688,0.2298,0.875,0.6363,0.9438,4,6,True
T00683,K01409,C0059,0.7304,0.4198,0.1947,1.0,0.6274,0.9268,4,7,True
T00684,K01407,C0025,0.488,0.485,0.7242,0.75,0.5468,0.8621,5,8,False
T00685,K01073,C0019,0.8806,0.6247,0.6317,1.0,0.6336,0.9617,8,7,False
T00686,K00669,C0042,0.7111,0.5559,0.6093,1.0,0.1769,0.9362,6,8,True
T00687,K01342,C0050,0.6649,0.5274,0.6848,1.0,0.241,0.8551,6,7,False
T00688,K00802,C0007,0.7608,0.4923,0.2673,1.0,0.2054,0.9258,5,7,False
T00689,K01341,C0093,0.1605,0.1011,0.5831,0.1667,0.6502,0.9628,4,3,True
T00690,K00914,C0103,0.8322,0.4973,0.7847,1.0,0.7432,0.8054,6,8,False
T00691,K01429,C0052,0.7545,0.5301,0.6336,0.8333,0.4897,0.904,6,7,True
T00692,K00672,C0001,0.5596,0.5426,0.9137,0.6667,0.6869,0.9403,6,6,False
T00693,K01025,C0088,0.6518,0.5087,0.8728,0.75,0.5845,0.7536,7,7,False
T00694,K01448,C0034,0.6393,0.4822,0.5006,0.5,0.8531,0.9817,5,6,False
T00695,K00834,C0088,0.558,0.3583,0.4069,1.0,0.5845,0.938,3,8,False
T00696,K00786,C0001,0.5661,0.4901,0.6876,0.5,0.6209,0.8984,5,6,False
T00697,K00746,C0058,0.9603,0.6953,0.7203,1.0,0.8854,0.9595,7,8,False
T00698,K01489,C0047,0.2959,0.1558,0.4505,0.1667,0.5118,0.8526,3,2,True
T00699,K01457,C0036,0.5427,0.6773,0.8152,0.6667,0.5764,0.85,7,6,True
T00700,K01453,C0107,0.6357,0.5903,0.5829,0.875,0.513,0.9212,5,8,False
T00701,K00772,C0085,0.6128,0.6043,0.4919,1.0,0.7735,0.9223,5,8,False
T00702,K00762,C0082,0.701,0.4549,0.6514,0.8333,0.5063,0.8733,5,7,False
T00703,K00951,C0039,0.8479,0.736,0.8679,1.0,0.2504,0.7302,7,8,False
T00704,K01425,C0008,0.6904,0.4563,0.5318,1.0,0.5669,0.9617,6,9,False
T00705,K01264,C0067,0.5269,0.5727,0.5566,0.3333,0.5637,0.9204,6,5,True
T00706,K01146,C0038,0.2373,0.2788,0.7518,0.3333,0.1521,0.937,3,5,True
T00707,K00838,C0040,0.6871,0.201,0.3483,1.0,0.6094,0.9706,4,8,False
T00708,K00788,C0073,0.5062,0.3975,0.5714,0.875,0.4327,0.8304,5,9,False
T00709,K01348,C0114,0.6734,0.4611,0.5178,1.0,0.2468,0.9181,6,7,True
T00710,K01200,C0072,0.8734,0.7283,0.6718,1.0,0.4356,0.879,7,8,False
T00711,K01217,C0094,0.3403,0.5274,0.8431,1.0,0.3683,0.96,6,9,True
T00712,K01103,C0002,0.5639,0.4672,0.4265,1.0,0.6233,0.9837,4,8,True
T00713,K01268,C0103,0.4977,0.3375,0.4617,1.0,0.7432,0.9266,4,8,False
T00714,K00750,C0094,0.8908,0.5907,0.4756,1.0,0.3064,0.9443,5,8,False
T00715,K01252,C0025,0.3882,0.2553,0.4596,0.6667,0.3868,0.9157,3,6,True
T00716,K01175,C0103,0.761,0.6162,0.5369,1.0,0.7432,0.9287,6,8,False
T00717,K01211,C0007,0.455,0.5184,0.8058,1.0,0.5627,0.748,6,8,False
T00718,K00944,C0045,0.6916,0.5659,0.9216,1.0,0.7126,0.9727,5,9,False
T00719,K00830,C0116,0.6305,0.4893,0.1202,1.0,0.4451,0.9246,4,6,False
T00720,K01437,C0002,0.7396,0.6817,0.928,1.0,0.622,0.9649,6,8,True
T00721,K01449,C0108,0.5696,0.3042,0.354,0.75,0.3287,0.822,4,6,False
T00722,K01003,C0077,0.8938,0.6023,0.675,1.0,0.5911,0.9615,7,9,False
T00723,K01396,C0080,0.4203,0.3886,0.2086,1.0,0.6273,0.9473,3,6,False
T00724,K00817,C0116,0.868,0.6232,0.315,1.0,0.3323,0.8631,6,8,False
T00725,K00832,C0031,0.7263,0.5179,0.6662,0.75,0.3135,0.8633,6,7,False
T00726,K01079,C0099,0.5478,0.5256,0.8953,0.8333,0.2326,0.9915,5,7,True
T00727,K01332,C0009,1.0,0.7353,0.4715,1.0,0.761,0.837,7,8,False
T00728,K01494,C0083,0.3617,0.3393,0.4615,0.3333,0.3713,0.9793,3,5,False
T00729,K00930,C0103,0.4564,0.3422,0.6295,1.0,0.7432,0.964,5,8,False
T00730,K01096,C0094,0.6192,0.2686,0.3628,1.0,0.3683,0.9369,3,8,False
T00731,K00851,C0112,0.5319,0.4134,0.6183,1.0,0.39,0.9824,5,7,False
T00732,K00795,C0006,0.7216,0.5047,0.8147,0.75,0.6445,0.8108,7,8,False
T00733,K00711,C0101,0.38,0.2887,0.6121,0.5,0.719,0.9193,4,5,False
T00734,K00808,C0114,0.7419,0.5388,0.575,1.0,0.3236,0.9858,6,7,False
T00735,K01260,C0117,0.7001,0.5641,0.4866,1.0,0.4618,0.9778,6,8,False
T00736,K00866,C0084,0.4628,0.3051,0.5372,0.8333,0.3056,0.8639,4,7,False
T00737,K01440,C0088,0.8022,0.5139,0.7545,1.0,0.5919,0.8017,6,9,False
T00738,K00739,C0108,0.5529,0.3938,0.8107,0.75,0.3287,0.7194,5,8,False
T00739,K01418,C0005,0.6105,0.5928,0.7026,1.0,0.2871,0.9472,7,10,False
T00740,K01078,C0063,0.5402,0.396,0.6561,0.8333,0.5504,0.8339,6,7,False
T00741,K01303,C0092,0.7085,0.5689,0.5257,1.0,0.2595,0.682,5,9,False
T00742,K00970,C0012,0.657,0.4117,0.4175,1.0,0.6397,0.9723,6,7,False
T00743,K01354,C0074,0.7145,0.5349,0.6865,1.0,0.3019,0.9699,6,8,False
T00744,K01276,C0074,0.6355,0.5683,0.8618,1.0,0.3355,0.9324,6,8,False
T00745,K01403,C0034,0.5929,0.3864,0.3988,1.0,0.8531,0.8686,4,7,True
T00746,K01461,C0106,0.5379,0.3959,0.8415,1.0,0.813,0.9696,6,8,False
T00747,K01438,C0103,0.7477,0.605,0.8028,1.0,0.8055,0.9272,7,7,True
T00748,K01373,C0015,0.4587,0.264,0.6913,0.8333,0.581,0.9445,3,8,False
T00749,K01099,C0120,0.7212,0.5882,0.4146,1.0,0.2787,0.9568,5,7,False
T00750,K01178,C0019,0.6239,0.3848,0.7239,1.0,0.5798,0.8003,4,8,True
T00751,K01404,C0054,0.3625,0.2137,0.5748,0.875,0.5085,0.8462,4,8,False
T00752,K00884,C0072,0.5816,0.5821,0.7007,1.0,0.4228,0.8565,6,10,False
T00753,K01400,C0114,0.5836,0.4566,0.8312,1.0,0.3236,0.9391,4,9,False
T00754,K01476,C0094,0.7687,0.5994,0.2186,1.0,0.2578,0.7993,6,7,False
T00755,K00833,C0102,0.7835,0.5703,0.6351,1.0,0.7671,0.956,6,10,False
T00756,K01061,C0050,0.865,0.4966,0.4993,1.0,0.241,0.9119,6,9,False
T00757,K01181,C0085,0.7625,0.4546,0.3669,1.0,0.7735,0.9908,4,9,False
T00758,K01253,C0071,0.4169,0.2526,0.3736,0.75,0.2298,0.8326,4,6,False
T00759,K01070,C0017,0.743,0.4575,0.4297,1.0,0.3955,0.9325,5,7,False
T00760,K00671,C0058,1.0,0.7078,0.4293,1.0,0.8374,0.8416,7,9,False
T00761,K00703,C0066,0.3175,0.5141,0.5711,0.75,0.5472,0.8745,5,6,False
T00762,K01327,C0048,0.9162,0.5719,0.6517,1.0,0.4966,0.9832,6,8,False
T00763,K00924,C0050,0.5045,0.2574,0.4233,1.0,0.2738,0.7714,3,8,False
T00764,K00781,C0116,0.7033,0.7529,0.9817,1.0,0.4451,0.7888,8,10,False
T00765,K00702,C0081,0.7339,0.2845,0.2033,1.0,0.6119,0.9827,4,7,False
T00766,K00824,C0097,0.3547,0.5678,0.856,0.3333,0.6437,0.9484,5,6,False
T00767,K01207,C0022,0.5703,0.4655,0.6269,0.8333,0.6116,0.818,5,7,True
T00768,K01214,C0090,0.707,0.6123,0.7645,0.75,0.4987,0.8443,7,7,False
T00769,K00917,C0074,0.5734,0.2904,0.675,1.0,0.3019,0.9189,3,8,True
T00770,K01450,C0084,0.7549,0.3741,0.1908,1.0,0.3213,0.8065,4,8,False
T00771,K01428,C0101,0.729,0.61,0.594,1.0,0.719,0.7658,6,9,False
T00772,K00936,C0096,0.6916,0.4681,0.5635,1.0,0.3502,0.9474,4,8,False
T00773,K01057,C0009,0.6876,0.302,0.409,0.8333,0.6638,0.8012,4,7,False
T00774,K01239,C0084,0.2907,0.3666,0.8164,0.6667,0.3213,0.9666,5,7,False
T00775,K00655,C0006,0.9264,0.6023,0.6104,1.0,0.6363,0.9423,8,7,False
T00776,K00731,C0039,0.6625,0.3392,0.5123,1.0,0.2504,0.9466,4,8,False
T00777,K00749,C0041,0.51,0.5228,0.4848,1.0,0.8371,0.9172,4,8,False
T00778,K01312,C0114,0.6765,0.4375,0.6346,1.0,0.3236,0.9113,6,8,False
T00779,K01314,C0035,0.6937,0.3205,0.2776,1.0,0.7568,0.987,5,8,False
T00780,K01095,C0009,0.4281,0.3609,0.3745,0.5,0.761,0.7133,4,5,True
T00781,K00677,C0116,0.6524,0.4331,0.4445,1.0,0.3323,0.9216,5,8,False
T00782,K00879,C0106,1.0,0.6501,0.5723,1.0,0.813,0.9659,7,8,False
T00783,K01131,C0031,0.5331,0.4628,0.6054,0.8333,0.2498,0.8223,4,7,True
T00784,K00697,C0054,0.3523,0.362,0.649,0.75,0.5085,0.9791,5,7,False
T00785,K01379,C0090,0.519,0.3585,0.8057,0.75,0.4987,0.7367,5,8,False
T00786,K01197,C0030,0.6814,0.2507,0.244,1.0,0.6724,0.8671,4,6,False
T00787,K01420,C0077,0.5595,0.7047,0.9193,1.0,0.5528,0.7309,6,10,False
T00788,K01274,C0045,0.6441,0.6419,0.8859,0.75,0.635,0.8265,7,8,False
T00789,K00770,C0072,0.6123,0.3776,0.6383,1.0,0.4228,0.9213,5,8,False
T00790,K00767,C0015,0.5694,0.5785,0.7481,0.75,0.581,0.9515,5,7,False
T00791,K01386,C0097,0.5706,0.5692,0.5115,1.0,0.6437,0.9336,4,8,False
T00792,K00787,C0024,0.5018,0.5451,0.9561,0.625,0.7644,0.9474,6,7,False
T00793,K00839,C0032,0.9378,0.4092,0.4748,1.0,0.7354,0.8466,6,9,True
T00794,K00902,C0108,0.7158,0.7279,0.6135,1.0,0.3287,0.9611,8,8,False
T00795,K00676,C0058,0.522,0.5558,0.6518,0.75,0.8854,0.9649,6,6,False
T00796,K00760,C0068,0.6892,0.3336,0.4055,0.75,0.676,0.95,5,5,False
T00797,K00919,C0047,0.9017,0.5337,0.7096,1.0,0.5118,0.924,5,9,False
T00798,K00949,C0103,0.7728,0.5358,0.421,1.0,0.7432,0.8812,5,7,False
T00799,K00763,C0040,0.706,0.1318,0.153,1.0,0.6862,0.8937,3,8,False
T00800,K00796,C0104,0.5664,0.3905,0.6279,0.75,0.5871,0.9643,4,7,False
T00801,K01075,C0117,0.4617,0.3105,0.5598,0.5,0.1597,0.9542,5,5,False
T00802,K01165,C0113,0.6214,0.3968,0.6454,1.0,0.2064,0.9566,5,8,False
T00803,K01177,C0013,0.919,0.6904,0.6358,1.0,0.8026,0.8757,7,7,True
T00804,K01290,C0065,0.9114,0.6791,0.5019,1.0,0.3575,0.8228,8,8,True
T00805,K01369,C0025,0.8423,0.6965,0.5702,1.0,0.6046,0.7438,6,9,False
T00806,K01210,C0096,0.7872,0.5786,0.9386,1.0,0.3502,0.8839,6,7,False
T00807,K00736,C0039,0.3721,0.4571,0.7577,0.625,0.2504,0.9643,5,7,False
T00808,K01337,C0020,0.3185,0.4051,0.902,0.3333,0.2874,0.885,5,6,True
T00809,K01205,C0073,0.5272,0.2538,0.4815,0.75,0.4377,0.9001,4,6,True
T00810,K01394,C0004,0.4377,0.3691,0.3529,0.5,0.4518,0.9194,4,3,False
T00811,K01010,C0012,0.6317,0.5637,0.7303,0.875,0.6397,0.7324,6,8,False
T00812,K01134,C0114,0.8523,0.6703,0.9933,1.0,0.2468,0.9108,8,10,False
T00813,K00678,C0107,0.494,0.5149,0.7537,1.0,0.513,0.9206,5,8,False
T00814,K00933,C0093,0.6867,0.4521,0.2365,0.75,0.6502,0.9903,4,6,False
T00815,K00775,C0092,0.7878,0.7036,0.7147,0.75,0.2595,0.8437,7,7,False
T00816,K01081,C0097,0.6133,0.4276,0.5787,0.8333,0.6437,0.9531,7,8,False
T00817,K00897,C0025,0.6603,0.255,0.3392,1.0,0.6046,0.7707,5,8,False
T00818,K01128,C0001,0.9032,0.7323,0.736,1.0,0.7166,0.876,8,8,False
T00819,K01456,C0119,0.4282,0.4562,0.6439,1.0,0.4171,0.9465,4,8,True
T00820,K01267,C0099,0.5302,0.5399,0.7653,0.875,0.4377,0.9209,5,8,False
T00821,K01455,C0025,0.465,0.5293,0.7294,0.8333,0.3868,0.8693,5,8,False
T00822,K01123,C0108,0.8118,0.5308,0.8199,0.8333,0.3287,0.817,6,9,False
T00823,K01280,C0058,0.715,0.5362,0.6089,1.0,0.8854,0.8336,5,7,False
T00824,K01408,C0055,0.6149,0.4637,0.3529,1.0,0.1781,0.9873,4,7,False
T00825,K01412,C0114,0.7078,0.3986,0.2116,1.0,0.2468,0.8721,4,7,False
T00826,K00893,C0084,0.5149,0.5724,0.7567,0.75,0.3213,0.9133,5,8,False
T00827,K00673,C0082,0.6302,0.3166,0.2426,1.0,0.5063,0.8662,4,9,False
T00828,K01322,C0047,0.838,0.6578,0.6836,0.75,0.5552,0.7979,6,7,True
T00829,K01225,C0103,0.4171,0.288,0.4802,1.0,0.7432,0.9571,3,7,False
T00830,K00782,C0071,0.5366,0.4504,0.8251,0.75,0.4341,0.8163,5,8,False
T00831,K01482,C0085,0.2298,0.3339,0.6036,1.0,0.7735,0.9437,3,8,True
T00832,K00720,C0039,0.7435,0.4986,0.3714,1.0,0.2504,0.882,5,8,False
T00833,K00727,C0081,0.6941,0.3479,0.4511,1.0,0.6106,0.9699,5,9,False
T00834,K01187,C0089,0.6424,0.4751,0.8688,1.0,0.9804,0.8749,6,9,False
T00835,K01297,C0023,0.5569,0.3379,0.3904,0.5,0.0843,0.9089,5,5,False
T00836,K00821,C0114,0.6461,0.7457,0.4793,1.0,0.2468,0.8888,7,9,False
T00837,K00928,C0001,0.6678,0.4508,0.8086,0.75,0.6209,0.9117,5,9,False
T00838,K00904,C0108,0.6849,0.2854,0.5144,0.875,0.3466,0.8429,4,8,False
T00839,K01240,C0116,0.6029,0.512,0.7048,1.0,0.4339,0.8055,6,9,False
T00840,K01153,C0036,0.6233,0.3894,0.349,1.0,0.5764,0.7891,5,8,False
T00841,K00688,C0096,0.5987,0.3756,0.3886,1.0,0.3502,0.9475,5,8,False
T00842,K00836,C0108,0.7739,0.429,0.6356,1.0,0.3466,0.9548,6,7,False
T00843,K01416,C0064,0.3236,0.3431,0.4249,0.75,0.4449,0.921,3,7,False
T00844,K01084,C0033,0.539,0.5068,0.6909,1.0,0.2507,0.9631,5,9,False
T00845,K00859,C0094,0.5015,0.384,0.5655,1.0,0.3683,0.7828,6,9,False
T00846,K00943,C0017,0.3767,0.2184,0.5281,0.8333,0.3955,0.9669,4,7,False
T00847,K01112,C0047,0.422,0.4201,0.1798,0.5,0.5552,0.8938,3,6,True
T00848,K00809,C0101,0.5942,0.7084,0.8467,0.75,0.6266,0.9054,6,8,False
T00849,K00706,C0047,0.5075,0.5431,0.778,0.8333,0.5118,0.8973,5,8,True
T00850,K01231,C0025,0.5723,0.4423,0.0931,0.8333,0.5468,0.8457,4,5,False
T00851,K01325,C0030,0.6798,0.4823,0.6495,1.0,0.6724,0.8825,6,9,False
T00852,K01186,C0051,0.1057,0.3103,0.5047,0.3333,0.18,0.8448,2,4,False
T00853,K01145,C0068,0.3466,0.3363,0.4512,0.75,0.676,0.6343,3,5,False
T00854,K01313,C0095,0.5976,0.3518,0.1319,1.0,0.3696,0.9524,5,8,True
T00855,K01137,C0002,0.7717,0.3933,0.6175,1.0,0.622,0.9452,6,9,False
T00856,K00761,C0036,0.4558,0.302,0.5261,0.75,0.5764,0.8679,3,6,False
T00857,K01160,C0020,0.6254,0.5867,0.8863,0.8333,0.2874,0.8434,6,8,False
T00858,K01249,C0084,0.8021,0.4424,0.4061,1.0,0.4192,0.9282,5,7,True
T00859,K01269,C0108,0.5171,0.5122,0.3688,0.75,0.3466,0.8653,4,6,False
T00860,K00800,C0058,0.5807,0.3235,0.5988,0.625,0.8854,0.82,5,7,False
T00861,K00910,C0058,0.6944,0.4803,0.5941,0.8333,0.8854,0.8131,5,8,False
T00862,K00820,C0114,0.6704,0.4416,0.7221,1.0,0.3236,0.8901,6,9,False
T00863,K00852,C0047,0.6228,0.6778,0.8999,0.6667,0.5552,0.8727,7,6,False
T00864,K00841,C0090,0.4803,0.4021,0.631,0.6667,0.4987,0.926,4,5,False
T00865,K00915,C0002,0.6137,0.4541,0.6101,1.0,0.622,0.9056,7,9,True
T00866,K01288,C0006,0.9345,0.7188,0.7224,1.0,0.6445,0.8966,7,8,False
T00867,K00854,C0052,0.8543,0.6866,0.7048,1.0,0.4897,0.9507,6,9,False
T00868,K01016,C0088,0.847,0.6844,0.693,1.0,0.5919,0.914,7,8,False
T00869,K01281,C0094,0.5303,0.496,0.7526,1.0,0.3683,0.816,6,10,True
T00870,K01503,C0071,0.7054,0.6428,0.7171,0.8333,0.2298,0.955,6,7,False
T00871,K00983,C0038,0.7878,0.4999,0.266,1.0,0.1521,0.8623,6,8,False
T00872,K00779,C0047,0.8765,0.8403,0.8852,0.75,0.5118,0.8963,8,7,True
T00873,K00764,C0033,0.7242,0.4995,0.5577,1.0,0.2507,0.9557,6,9,False
T00874,K00997,C0116,0.822,0.7183,0.727,1.0,0.3323,0.9849,7,6,True
T00875,K01042,C0019,0.4403,0.4747,0.925,1.0,0.2438,0.9198,6,8,True
T00876,K01495,C0019,0.3964,0.2998,0.772,0.25,0.6336,0.9583,4,5,False
T00877,K01064,C0112,0.4164,0.3989,0.4259,0.5,0.34,0.8522,4,5,True
T00878,K01468,C0101,0.679,0.5765,0.548,0.875,0.719,0.9803,5,5,False
T00879,K00923,C0075,0.4654,0.1536,0.529,0.25,0.8681,0.8916,3,5,True
T00880,K01090,C0047,0.5237,0.3379,0.595,0.6667,0.5552,0.8517,5,6,True
T00881,K00855,C0067,0.8521,0.611,0.6513,1.0,0.5637,0.906,6,9,False
T00882,K00891,C0060,1.0,0.6734,0.617,1.0,0.6895,0.8167,7,7,False
T00883,K00816,C0001,0.5382,0.5509,0.6388,1.0,0.7166,0.9317,5,8,False
T00884,K00660,C0107,0.6634,0.4838,0.663,0.8333,0.513,0.9038,6,7,False
T00885,K01174,C0059,0.5951,0.5739,0.5646,1.0,0.6274,0.9816,5,8,False
T00886,K00693,C0002,0.6866,0.5768,0.8073,1.0,0.622,0.9638,6,8,False
T00887,K01065,C0094,0.5352,0.4558,0.6115,1.0,0.3683,0.887,4,8,True
T00888,K00708,C0028,0.0465,0.3111,0.8381,0.5,0.38,0.9296,3,5,True
T00889,K01350,C0060,0.5655,0.6077,0.6355,0.8333,0.5578,0.677,6,6,False
T00890,K01421,C0114,0.4937,0.6103,0.7993,1.0,0.1733,0.815,6,9,False
T00891,K01483,C0119,0.5635,0.3256,0.4602,1.0,0.4456,0.9779,3,9,False
T00892,K00874,C0108,0.4163,0.4509,0.7694,0.6667,0.3466,0.8843,5,6,False
T00893,K00654,C0049,0.6988,0.5915,0.439,1.0,0.642,0.9791,6,8,True
T00894,K01378,C0025,0.5778,0.4706,0.3998,1.0,0.5468,0.9447,5,8,False
T00895,K00759,C0088,0.8466,0.66,0.5677,1.0,0.5845,0.8799,7,7,False
T00896,K01196,C0072,0.7527,0.4988,0.4746,1.0,0.4356,0.8188,5,8,False
T00897,K00769,C0045,0.8036,0.5884,0.7728,1.0,0.7126,0.9597,6,9,False
T00898,K00822,C0034,1.0,0.5206,0.2651,1.0,0.8531,0.9097,5,7,False
T00899,K00987,C0084,0.2052,0.1133,0.6553,0.5,0.3056,0.9585,2,5,False
T00900,K00968,C0022,0.7132,0.4769,0.5398,1.0,0.6116,0.7638,7,8,False
T00901,K01156,C0088,0.404,0.1488,0.4575,0.8333,0.5845,0.833,4,7,True
T00902,K01185,C0050,0.7174,0.5892,0.6891,1.0,0.195,0.907,7,9,False
T00903,K01013,C0080,0.6994,0.6569,0.7437,1.0,0.6273,0.991,7,7,False
T00904,K01499,C0103,0.399,0.2556,0.6103,1.0,0.8055,0.8501,4,8,False
T00905,K00692,C0113,0.6604,0.6187,0.5167,0.6667,0.646,0.9012,6,7,False
T00906,K01124,C0050,0.5673,0.7993,0.6721,1.0,0.241,0.8142,7,9,False
T00907,K01343,C0117,0.7581,0.4593,0.4416,1.0,0.4618,0.9817,5,8,False
T00908,K00666,C0119,0.4347,0.4126,0.5115,0.6667,0.4171,0.8792,5,5,False
T00909,K01505,C0049,0.6163,0.5648,0.6155,1.0,0.642,0.8742,6,8,True
T00910,K00726,C0066,0.5506,0.3481,0.5809,0.5,0.5472,0.8651,4,6,False
T00911,K01091,C0077,0.7782,0.5457,0.8335,1.0,0.5528,0.9403,7,10,False
T00912,K00885,C0101,0.5697,0.3419,0.4387,1.0,0.719,0.959,5,7,False
T00913,K01261,C0039,0.4059,0.4261,0.5743,0.8333,0.2504,0.954,4,7,False
T00914,K01059,C0094,0.6102,0.5851,0.8429,1.0,0.2578,0.7763,6,8,False
T00915,K01470,C0063,0.6227,0.4113,0.4652,0.75,0.5504,0.9542,5,6,False
T00916,K00913,C0031,0.4227,0.2288,0.3626,0.5,0.1852,0.9234,5,4,False
T00917,K01229,C0092,0.2356,0.1667,0.5841,0.1667,0.48,0.9565,3,3,False
T00918,K01419,C0082,0.4025,0.4446,0.2483,0.75,0.5063,0.946,4,5,False
T00919,K01204,C0073,0.5676,0.3196,0.2486,0.875,0.4377,0.7767,4,6,True
T00920,K00899,C0058,0.8103,0.4042,0.7491,0.75,0.8854,0.9531,7,6,False
T00921,K01466,C0039,0.8635,0.5292,0.7396,1.0,0.2504,0.9472,6,9,False
T00922,K00977,C0039,0.5708,0.5003,0.7848,1.0,0.2504,0.9819,6,9,False
T00923,K00941,C0039,0.6804,0.5085,0.5358,1.0,0.2504,0.9617,7,7,False
T00924,K00679,C0084,0.3559,0.2764,0.4414,0.8333,0.4192,0.9563,3,7,False
T00925,K01166,C0085,0.9578,0.6922,0.6068,1.0,0.7735,0.8918,7,8,False
T00926,K01182,C0090,0.6341,0.5687,0.7589,0.8333,0.4987,0.9796,6,8,False
T00927,K00840,C0098,0.8745,0.3897,0.2448,1.0,0.751,0.905,5,8,False
T00928,K00825,C0050,0.6236,0.5956,0.411,1.0,0.2738,0.9127,6,9,False
T00929,K01385,C0092,0.5871,0.4645,0.4503,1.0,0.2595,0.8222,6,8,False
T00930,K01294,C0098,0.5478,0.4699,0.5764,1.0,0.751,0.9627,4,6,False
T00931,K01346,C0049,0.177,0.1814,0.2856,0.5,0.2053,0.9063,3,6,True
T00932,K00916,C0097,0.4286,0.4237,0.4377,0.5,0.3383,0.8493,5,5,False
T00933,K01278,C0047,0.5891,0.5437,0.6187,0.75,0.5552,0.8218,5,7,False
T00934,K01328,C0045,0.8426,0.7734,0.5894,0.8333,0.7126,0.9182,7,6,False
T00935,K02248,C0050,0.4495,0.3181,0.3508,1.0,0.241,0.8303,3,8,False
T00936,K01899,C0073,0.3939,0.6165,0.8927,1.0,0.4377,0.918,6,9,False
T00937,K01861,C0074,0.4729,0.3812,0.7975,0.8333,0.1651,0.9593,5,7,True
T00938,K01848,C0067,0.7867,0.4635,0.4403,1.0,0.5524,0.8043,6,8,False
T00939,K01925,C0106,0.7609,0.4764,0.3733,1.0,0.813,0.8911,5,8,True
T00940,K01734,C0107,0.6689,0.3651,0.3759,1.0,0.513,0.8868,4,8,False
T00941,K02249,C0013,0.8715,0.6447,0.5169,1.0,0.7336,0.8578,6,8,False
T00942,K01854,C0107,0.3992,0.349,0.5344,1.0,0.513,0.8328,4,8,False
T00943,K02412,C0072,0.7212,0.8192,0.7666,1.0,0.5483,0.8608,8,8,False
T00944,K01635,C0047,0.489,0.2714,0.4739,0.6667,0.5552,0.9459,3,6,False
T00945,K01772,C0017,0.5745,0.4791,0.4357,0.75,0.3955,0.8897,4,7,False
T00946,K01884,C0111,0.8658,0.9157,0.8819,1.0,0.652,0.7632,9,9,False
T00947,K01902,C0072,0.6976,0.6482,0.3983,1.0,0.4228,0.8432,7,8,True
T00948,K01592,C0024,0.5902,0.6809,0.6724,1.0,0.7644,0.8434,6,8,True
T00949,K02080,C0095,0.7451,0.5914,0.8166,0.8333,0.7331,0.9384,7,9,False
T00950,K01739,C0116,0.7177,0.6723,0.8297,1.0,0.4339,0.9141,8,9,False
T00951,K01687,C0084,0.4019,0.5321,0.725,0.8333,0.4192,0.791,5,8,False
T00952,K01590,C0074,0.6206,0.258,0.5674,1.0,0.3355,0.8388,5,9,True
T00953,K01906,C0025,0.3587,0.3198,0.3792,0.5,0.3868,0.9938,3,4,False
T00954,K02124,C0006,0.9845,0.6254,0.7337,1.0,0.6363,0.8227,8,9,False
T00955,K01926,C0120,0.5232,0.5351,0.7493,1.0,0.0415,0.949,6,8,True
T00956,K01841,C0116,0.8647,0.6166,0.4064,1.0,0.3323,0.8813,6,8,False
T00957,K01881,C0005,0.6294,0.4328,0.3728,0.8333,0.5118,0.9211,5,6,False
T00958,K02355,C0030,0.7407,0.6001,0.7533,1.0,0.6724,0.9428,6,10,False
T00959,K02254,C0090,0.5742,0.3975,0.6766,1.0,0.556,0.8513,5,9,False
T00960,K01971,C0108,0.7176,0.4928,0.4549,1.0,0.3287,0.9114,5,8,True
T00961,K01805,C0077,0.7148,0.6476,0.8911,1.0,0.5528,0.9745,6,9,True
T00962,K02335,C0081,0.5344,0.4178,0.728,0.5,0.6106,0.9776,4,6,False
T00963,K01980,C0104,0.4433,0.4496,0.468,0.625,0.5871,0.9608,4,7,True
T00964,K01583,C0073,0.9157,0.8004,0.6398,1.0,0.4327,0.9136,8,9,False
T00965,K02296,C0114,0.3879,0.4894,0.8175,0.75,0.3236,0.8624,4,7,False
T00966,K02272,C0094,0.5667,0.4692,0.6768,1.0,0.2578,0.7991,5,7,False
T00967,K01989,C0068,0.7471,0.3417,0.6176,1.0,0.6102,0.9216,5,9,False
T00968,K02120,C0011,0.5078,0.3581,0.8444,1.0,0.1274,0.9354,5,9,False
T00969,K02180,C0050,0.6599,0.5124,0.3987,1.0,0.2738,0.778,4,8,False
T00970,K02228,C0013,0.8193,0.5829,0.2933,1.0,0.8026,0.8895,5,8,False
T00971,K02032,C0050,0.7683,0.4764,0.9289,1.0,0.2738,0.9068,6,10,False
T00972,K01932,C0010,0.5422,0.4204,0.676,0.5,0.5897,0.7933,5,6,False
T00973,K02102,C0103,0.8169,0.6656,0.4015,1.0,0.7432,0.8991,5,8,False
T00974,K01524,C0116,0.5371,0.7453,0.7192,1.0,0.3323,0.7694,7,9,False
T00975,K01931,C0095,0.5214,0.5441,0.8261,0.875,0.743,0.9534,6,9,True
T00976,K01709,C0001,0.7163,0.5998,0.7582,1.0,0.7166,0.8796,7,9,False
T00977,K01856,C0103,0.8803,0.6342,0.4915,1.0,0.7432,0.9822,7,7,False
T00978,K01586,C0050,0.4366,0.4048,0.7032,1.0,0.2738,0.8356,5,8,False
T00979,K01934,C0106,0.3855,0.2304,0.314,0.0,0.813,0.9874,5,2,False
T00980,K01673,C0099,0.6392,0.4409,0.4438,1.0,0.4657,0.9771,6,7,False
T00981,K02147,C0013,0.8068,0.7142,0.7369,1.0,0.8026,0.9746,7,10,False
T00982,K02043,C0077,0.9237,0.5125,0.1295,1.0,0.5528,0.9698,6,7,False
T00983,K01964,C0074,0.7691,0.5855,0.2536,1.0,0.3019,0.9074,6,5,False
T00984,K01727,C0111,0.5283,0.373,0.5621,0.8333,0.652,0.9676,5,6,False
T00985,K02056,C0097,0.7939,0.5417,0.6385,1.0,0.2121,0.9448,6,7,False
T00986,K02276,C0047,0.3791,0.3138,0.6136,0.5,0.5118,0.9363,6,7,False
T00987,K02090,C0101,0.8147,0.5053,0.3837,0.75,0.719,0.9085,6,5,False
T00988,K01545,C0048,0.3166,0.2731,0.6902,0.5,0.2234,0.9358,5,5,False
T00989,K01886,C0033,0.5223,0.5302,0.839,1.0,0.2507,0.8786,5,9,False
T00990,K02026,C0060,0.6477,0.5124,0.4347,1.0,0.5958,0.9166,5,8,True
T00991,K01892,C0006,0.8036,0.6318,0.6534,1.0,0.6363,0.9028,8,8,False
T00992,K01593,C0099,0.4965,0.4164,0.7142,0.75,0.4377,0.8194,5,7,False
T00993,K01753,C0108,0.699,0.3769,0.5059,1.0,0.3852,0.8278,4,8,True
T00994,K01909,C0007,0.8648,0.4251,0.4384,1.0,0.6328,0.8836,4,8,False
T00995,K02364,C0085,0.8194,0.46,0.3622,1.0,0.7735,0.8863,5,6,False
T00996,K02413,C0116,0.7001,0.6248,0.7369,1.0,0.4451,0.9569,6,7,False
T00997,K01918,C0006,0.6592,0.7383,0.7047,1.0,0.6445,0.8441,7,8,False
T00998,K01743,C0066,0.4862,0.4199,0.4861,1.0,0.4566,0.9923,4,9,False
T00999,K02104,C0114,0.3847,0.5756,0.7301,1.0,0.3236,0.7755,6,9,False
T01000,K01842,C0055,0.9115,0.6622,0.5902,1.0,0.5709,0.9835,6,7,False
T01001,K02333,C0039,0.7277,0.7291,0.8121,1.0,0.2408,0.8275,8,9,False
T01002,K02155,C0053,0.7562,0.5249,0.4508,0.8333,0.6641,0.9564,5,7,False
T01003,K01611,C0001,0.6655,0.666,0.7419,0.8333,0.7166,0.9615,6,9,True
T01004,K02326,C0068,0.8676,0.5359,0.6957,1.0,0.676,0.8125,5,8,False
T01005,K01678,C0116,0.5644,0.5257,0.8883,1.0,0.4339,0.7944,6,8,False
T01006,K01882,C0058,0.9904,0.5141,0.669,0.8333,0.8854,0.9393,7,7,False
T01007,K02270,C0114,0.4066,0.5815,0.9274,1.0,0.3236,0.9551,6,10,False
T01008,K01874,C0002,0.7332,0.5144,0.9438,1.0,0.622,0.8666,6,10,False
T01009,K01601,C0036,0.7724,0.2814,0.265,0.875,0.5764,0.783,4,5,False
T01010,K02341,C0050,0.554,0.4211,0.4112,1.0,0.2738,0.9494,5,6,False
T01011,K02185,C0069,0.7482,0.5367,0.5157,1.0,0.2379,0.8496,7,8,False
T01012,K01852,C0066,0.631,0.4769,0.5137,1.0,0.4566,0.9882,4,8,False
T01013,K02137,C0083,0.614,0.4649,0.9458,1.0,0.3713,0.9619,7,8,False
T01014,K02213,C0103,0.4421,0.3971,0.7052,1.0,0.8055,0.8256,5,9,False
T01015,K01639,C0077,0.5871,0.5208,0.9762,1.0,0.5911,0.7537,6,9,True
T01016,K01855,C0009,0.3934,0.4018,0.4671,0.75,0.6638,0.6644,4,7,False
T01017,K01908,C0025,0.9244,0.6541,0.3716,0.75,0.5468,0.9053,7,6,False
T01018,K01781,C0119,0.8448,0.8879,0.8293,1.0,0.4456,0.8623,7,8,False
T01019,K01928,C0119,0.478,0.5131,0.7224,1.0,0.4171,0.9837,5,9,False
T01020,K01651,C0084,0.6639,0.4624,0.4738,0.8333,0.3213,0.7888,5,6,False
T01021,K01961,C0015,0.5299,0.4595,0.568,0.75,0.581,0.8344,4,7,False
T01022,K02264,C0068,0.625,0.5384,0.6354,0.75,0.6102,0.8573,6,6,True
T01023,K01976,C0070,0.4647,0.2521,0.618,0.6667,0.4244,0.9848,5,6,True
T01024,K02023,C0025,0.7013,0.6474,0.7242,1.0,0.6046,0.9344,6,8,False
T01025,K01612,C0094,0.5826,0.4306,0.8727,1.0,0.3683,0.8511,5,8,False
T01026,K01536,C0039,0.5945,0.4856,0.5459,1.0,0.2408,0.9503,5,10,False
T01027,K01940,C0069,0.833,0.7531,0.7274,1.0,0.5489,0.936,8,10,False
T01028,K01810,C0082,0.6676,0.3021,0.3461,1.0,0.5546,0.7424,5,9,False
T01029,K02170,C0081,0.2957,0.3832,0.8275,0.5,0.6119,0.9047,4,7,False
T01030,K01562,C0071,0.3942,0.3622,0.6118,0.5,0.2625,0.9485,4,6,True
T01031,K01620,C0114,0.7039,0.4464,0.4867,0.8333,0.1733,0.896,5,7,False
T01032,K01637,C0114,0.5661,0.5526,0.7298,1.0,0.3236,0.8938,5,10,False
T01033,K01939,C0052,0.5136,0.4123,0.5552,1.0,0.4897,0.9834,5,9,False
T01034,K01588,C0028,0.6471,0.4191,0.5108,0.8333,0.735,0.9652,6,6,False
T01035,K01555,C0013,0.2453,0.2541,0.7768,1.0,0.7336,0.8229,4,9,False
T01036,K01777,C0067,0.7671,0.5541,0.2762,1.0,0.5637,0.951,6,9,False
T01037,K02391,C0049,0.7396,0.836,0.9746,1.0,0.642,0.8779,8,10,True
T01038,K01531,C0107,0.6842,0.5462,0.6484,0.8333,0.513,0.8156,5,9,False
T01039,K01557,C0108,0.8195,0.4847,0.5229,1.0,0.3466,0.9306,5,9,False
T01040,K01839,C0001,0.4983,0.6013,0.854,1.0,0.6869,0.9028,6,9,False
T01041,K02149,C0084,0.5152,0.5789,0.8121,1.0,0.4192,0.9424,6,9,True
T01042,K02151,C0034,0.6835,0.7194,0.7899,1.0,0.6993,0.9764,7,7,True
T01043,K01711,C0018,0.5275,0.1659,0.5361,0.875,0.3264,0.9325,3,7,False
T01044,K02121,C0072,0.4675,0.6575,0.8008,1.0,0.4356,0.97,6,9,False
T01045,K01638,C0099,0.4909,0.2125,0.5331,0.875,0.4377,0.9609,5,7,True
T01046,K01708,C0080,0.4717,0.6469,0.9016,0.6667,0.6273,0.9226,5,7,True
T01047,K02144,C0119,0.4746,0.2145,0.4313,0.875,0.4456,0.9477,4,8,False
T01048,K01551,C0063,0.6338,0.6363,0.4542,0.8333,0.5504,0.8902,5,8,True
T01049,K02405,C0114,0.7458,0.6952,0.8499,1.0,0.3236,0.8395,8,9,False
T01050,K01817,C0113,0.4418,0.2836,0.3445,0.5,0.646,0.9862,4,5,False
T01051,K01870,C0110,0.2172,0.1305,0.4145,0.1667,0.2097,0.8927,3,4,True
T01052,K01937,C0112,0.7432,0.5732,0.8901,1.0,0.39,0.9494,6,9,False
T01053,K01752,C0019,0.845,0.4934,0.7342,1.0,0.6336,0.9363,7,8,False
T01054,K02127,C0067,0.7335,0.4251,0.5312,1.0,0.5637,0.8708,6,7,True
T01055,K01647,C0049,0.6133,0.5883,0.9237,1.0,0.642,0.9015,7,10,False
T01056,K01879,C0025,0.6742,0.6041,0.8498,0.8333,0.6046,0.9779,5,9,False
T01057,K02002,C0097,0.8173,0.63,0.6982,0.875,0.6437,0.8113,8,7,True
T01058,K02098,C0088,0.3348,0.3948,0.4978,1.0,0.5919,0.9191,5,9,False
T01059,K02375,C0040,0.4591,0.5901,0.8112,0.6667,0.176,0.9537,6,7,False
T01060,K02424,C0114,0.7123,0.4412,0.1958,0.6667,0.2468,0.9556,5,6,False
T01061,K02233,C0005,0.4963,0.4171,0.7871,0.75,0.1123,0.9848,4,8,False
T01062,K01547,C0002,0.6301,0.4233,0.5696,1.0,0.622,0.9498,6,8,False
T01063,K01900,C0007,0.7585,0.3245,0.1729,1.0,0.5627,0.8748,4,6,False
T01064,K01811,C0116,0.7991,0.5605,0.4537,1.0,0.3323,0.8358,6,9,False
T01065,K02353,C0077,0.8597,0.545,0.3638,1.0,0.5528,0.9685,6,7,False
T01066,K02292,C0025,0.3643,0.17,0.2611,0.8333,0.6046,0.9713,2,8,True
T01067,K01725,C0098,0.1961,0.1412,0.5145,0.5,0.2276,0.8771,2,6,True
T01068,K01818,C0085,0.7071,0.5738,0.4069,1.0,0.7735,0.8973,5,8,False
T01069,K01997,C0073,0.5657,0.4014,0.4571,0.8333,0.4377,0.9583,5,7,False
T01070,K01824,C0010,0.7067,0.6721,0.7379,1.0,0.4837,0.7725,7,9,False
T01071,K01771,C0104,0.52,0.2361,0.3267,0.6667,0.5871,0.9135,2,6,True
T01072,K01758,C0036,0.834,0.4593,0.7921,0.8333,0.5764,0.942,7,8,False
T01073,K02350,C0103,0.8235,0.652,0.6599,1.0,0.7432,0.893,5,10,False
T01074,K02347,C0087,0.5503,0.5232,0.9238,0.75,0.5538,0.975,6,8,False
T01075,K02072,C0094,0.634,0.3001,0.5877,0.8333,0.3683,0.8612,5,8,False
T01076,K02070,C0074,0.6287,0.6376,0.9109,1.0,0.3355,0.9666,6,9,False
T01077,K01605,C0024,0.7468,0.4615,0.2924,0.8333,0.7065,0.9064,4,7,False
T01078,K02397,C0084,0.6569,0.2588,0.7944,1.0,0.3213,0.9876,5,8,False
T01079,K01512,C0065,0.7325,0.6207,0.9303,1.0,0.1039,0.9201,7,9,False
T01080,K02266,C0117,0.4136,0.4765,0.6257,1.0,0.4618,0.9143,4,8,True
T01081,K01657,C0095,0.6622,0.5062,0.558,0.8333,0.2194,0.9319,5,8,False
T01082,K01746,C0119,0.6781,0.5181,0.7358,1.0,0.4453,0.9366,5,9,False
T01083,K02438,C0102,0.5454,0.6135,0.7103,0.875,0.7671,0.8938,6,8,False
T01084,K01963,C0084,0.6018,0.4521,0.3064,1.0,0.4192,0.8536,4,7,True
T01085,K02334,C0108,0.5326,0.4646,0.4069,1.0,0.3287,0.967,4,8,False
T01086,K02039,C0061,0.0,0.2197,0.8996,0.0,0.6086,0.8922,3,2,False
T01087,K02089,C0047,0.7333,0.5926,0.5247,0.8333,0.5118,0.9815,6,6,False
T01088,K02141,C0052,0.7951,0.7361,0.7657,1.0,0.4897,0.8731,6,8,False
T01089,K02261,C0059,0.758,0.6819,0.7142,1.0,0.6274,0.8697,7,8,False
T01090,K02095,C0002,0.8298,0.6199,0.8193,1.0,0.6233,0.8992,7,10,False
T01091,K02046,C0016,0.4845,0.4668,0.654,1.0,0.6363,0.9545,6,7,False
T01092,K01809,C0069,0.6061,0.4247,0.2818,1.0,0.3378,0.894,5,7,True
T01093,K01998,C0108,0.7481,0.4382,0.0895,0.75,0.3287,0.9396,5,5,True
T01094,K02029,C0074,0.6127,0.4503,0.5077,1.0,0.3355,0.9147,6,10,False
T01095,K01952,C0101,0.9161,0.8065,0.7675,1.0,0.5686,0.9647,8,9,False
T01096,K01548,C0017,0.1592,0.1311,0.4623,0.3333,0.1497,0.9694,3,5,False
T01097,K01748,C0098,0.4653,0.4835,0.8119,1.0,0.6656,0.8955,6,9,False
T01098,K02289,C0022,0.3595,0.3903,0.5266,1.0,0.5947,0.6733,5,9,False
T01099,K01941,C0116,0.6151,0.6449,0.8829,1.0,0.3323,0.9172,6,9,False
T01100,K01938,C0006,0.8761,0.6785,0.7662,1.0,0.6363,0.9365,7,7,False
T01101,K02088,C0028,0.7119,0.6835,0.5444,0.375,0.735,0.9817,7,5,False
T01102,K01792,C0088,0.5758,0.3014,0.3438,0.75,0.5845,0.9277,3,5,True
T01103,K01995,C0048,0.7947,0.6663,0.4815,0.8333,0.4966,0.9284,6,6,False
T01104,K01579,C0114,0.6419,0.4554,0.5695,1.0,0.2468,0.9323,5,9,False
T01105,K02003,C0116,0.4163,0.3479,0.3911,1.0,0.3323,0.8729,4,8,True
T01106,K01935,C0072,0.3807,0.5093,0.693,1.0,0.5483,0.8718,5,7,False
T01107,K01766,C0043,0.369,0.3097,0.4767,1.0,0.5586,0.9608,4,7,True
T01108,K02407,C0103,0.5777,0.4545,0.5536,1.0,0.7432,0.9064,5,8,False
T01109,K02307,C0009,0.729,0.2933,0.5202,1.0,0.761,0.941,4,8,False
T01110,K01864,C0066,0.8461,0.7178,0.9062,0.8333,0.4566,0.7915,7,8,False
T01111,K01629,C0062,0.3212,0.3992,0.5498,0.5,0.2521,0.9506,3,6,False
T01112,K02417,C0017,0.5021,0.3703,0.509,0.5,0.2441,0.9045,6,6,True
T01113,K01650,C0094,0.5508,0.328,0.4499,0.8333,0.3064,0.8705,4,7,False
T01114,K01873,C0103,0.3846,0.1744,0.295,1.0,0.7432,0.7641,3,7,False
T01115,K01988,C0053,0.6882,0.53,0.5558,0.75,0.6641,0.9418,6,6,False
T01116,K01878,C0047,0.3454,0.3419,0.709,0.75,0.5552,0.879,4,6,False
T01117,K02428,C0058,0.6405,0.4205,0.8738,0.8333,0.8374,0.9325,5,7,False
T01118,K01690,C0015,0.636,0.5208,0.5878,0.8333,0.581,0.9083,5,7,True
T01119,K02323,C0070,0.6326,0.3944,0.4531,0.75,0.4244,0.9124,4,7,False
T01120,K01634,C0094,0.6535,0.5706,0.8734,1.0,0.3683,0.8513,7,9,False
T01121,K02222,C0045,0.907,0.682,0.5395,1.0,0.7126,0.9297,7,9,False
T01122,K02187,C0047,0.51,0.3243,0.6232,0.5,0.5118,0.9452,5,5,True
T01123,K02040,C0099,0.5098,0.3872,0.2677,0.75,0.4377,0.9431,4,5,False
T01124,K01761,C0072,0.4894,0.235,0.4621,1.0,0.4228,0.9417,3,8,False
T01125,K01788,C0070,0.6324,0.5538,0.4794,1.0,0.4244,0.9037,5,7,False
T01126,K02318,C0024,0.312,0.256,0.9361,0.75,0.7065,0.8127,3,6,True
T01127,K01671,C0114,0.7316,0.8116,0.7851,1.0,0.2468,0.9237,8,8,False
T01128,K02063,C0049,0.738,0.4432,0.5456,1.0,0.642,0.9202,5,8,True
T01129,K01643,C0051,0.973,0.6016,0.5436,1.0,0.6798,0.8885,5,8,False
T01130,K02037,C0101,1.0,0.8206,0.574,1.0,0.5686,0.9268,7,8,False
T01131,K01712,C0094,0.8133,0.4643,0.8142,1.0,0.3683,0.8957,6,9,False
T01132,K01914,C0111,0.5669,0.6563,0.9009,1.0,0.6158,0.9741,7,9,True
T01133,K01641,C0019,0.7343,0.6861,0.5559,1.0,0.5798,0.9073,7,8,True
T01134,K02204,C0059,0.4015,0.3888,0.4269,0.25,0.6274,0.9334,4,4,False
T01135,K01596,C0026,0.5551,0.5891,0.6889,1.0,0.2667,0.9308,5,9,False
T01136,K01917,C0016,0.9103,0.4802,0.3953,0.8333,0.2265,0.9765,6,8,False
T01137,K01850,C0002,0.77,0.6909,0.9348,1.0,0.6233,0.936,6,10,False
T01138,K02392,C0055,0.704,0.4876,0.4297,1.0,0.1492,0.9607,5,7,False
T01139,K02435,C0035,0.7585,0.7029,0.8412,1.0,0.7568,0.8789,7,8,False
T01140,K02169,C0081,0.8426,0.6006,0.5336,1.0,0.6119,0.8563,7,8,True
T01141,K01773,C0050,0.5841,0.644,0.7874,1.0,0.2738,0.9059,5,10,True
T01142,K01563,C0082,0.8531,0.3756,0.5745,1.0,0.5063,0.8982,6,8,False
T01143,K01676,C0058,0.6424,0.3995,0.5882,1.0,0.8374,0.9096,5,7,False
T01144,K02195,C0090,0.7351,0.6261,0.7556,0.875,0.556,0.8632,7,7,False
T01145,K01696,C0084,0.4956,0.5559,0.3682,1.0,0.3056,0.8558,6,8,False
T01146,K02290,C0047,0.9323,0.7057,0.8079,1.0,0.5552,0.9353,8,9,False
T01147,K02243,C0032,1.0,0.4468,0.4402,0.8333,0.7354,0.9043,6,8,False
T01148,K02162,C0116,0.8176,0.6162,0.8244,1.0,0.4339,0.6616,6,9,False
T01149,K01631,C0067,0.693,0.5043,0.5615,1.0,0.5524,0.7441,6,7,False
T01150,K01648,C0034,0.667,0.6595,0.9241,1.0,0.6993,0.8438,6,10,False
T01151,K02165,C0098,1.0,0.7819,0.4021,1.0,0.6656,0.762,7,6,False
T01152,K02312,C0107,0.7046,0.6304,0.8345,1.0,0.4681,0.8342,6,8,False
T01153,K01665,C0019,0.6407,0.5247,0.5229,1.0,0.5798,0.9666,5,10,True
T01154,K02294,C0066,0.3229,0.3036,0.1961,0.6667,0.4566,0.9336,3,5,False
T01155,K01733,C0008,0.8143,0.4004,0.5582,1.0,0.5669,0.8854,5,8,False
T01156,K01561,C0119,0.7959,0.4893,0.6356,1.0,0.4171,0.8039,5,9,False
T01157,K02000,C0106,0.5842,0.4435,0.6076,1.0,0.813,0.9941,6,7,False
T01158,K01827,C0071,0.5338,0.4485,0.6573,0.6667,0.4341,0.927,5,8,False
T01159,K01996,C0101,0.9127,0.4495,0.6988,1.0,0.719,0.8635,5,8,False
T01160,K02390,C0088,0.5376,0.5351,0.5582,0.8333,0.5845,0.7696,6,7,False
T01161,K02062,C0098,0.4954,0.5441,0.7495,0.75,0.7077,0.9306,5,8,False
T01162,K01565,C0097,0.4823,0.5437,0.8424,0.875,0.6437,0.8971,6,9,False
T01163,K01916,C0114,0.8543,0.6728,0.3891,1.0,0.3236,0.9115,6,7,False
T01164,K02246,C0097,0.4607,0.3021,0.9232,0.3333,0.6437,0.9011,6,4,False
T01165,K02136,C0050,0.2776,0.234,0.1537,1.0,0.195,0.8437,2,7,True
T01166,K02352,C0068,0.4747,0.3039,0.7307,1.0,0.6102,0.7406,3,9,True
T01167,K02025,C0116,0.5605,0.4519,0.6957,1.0,0.4339,0.8995,5,8,False
T01168,K02122,C0048,0.5737,0.4174,0.6031,0.8333,0.4966,0.8729,5,9,False
T01169,K02320,C0098,0.5764,0.5402,0.6313,1.0,0.6656,0.9627,7,9,False
T01170,K01602,C0039,0.5404,0.4243,0.8868,1.0,0.2504,0.8455,6,10,False
T01171,K02282,C0113,0.8328,0.5611,0.4157,0.75,0.646,0.8049,5,6,False
T01172,K02346,C0055,0.8502,0.6122,0.6472,1.0,0.6411,0.7681,7,7,False
T01173,K01825,C0084,0.5306,0.5939,0.7324,0.875,0.4192,0.9293,6,9,True
T01174,K01790,C0110,0.9627,0.7626,0.7414,0.875,0.7183,0.9362,7,8,False
T01175,K02425,C0117,0.7389,0.6521,0.795,1.0,0.4618,0.9398,7,10,False
T01176,K02066,C0072,0.4601,0.4189,0.498,1.0,0.5483,0.8954,5,7,False
T01177,K01987,C0090,0.5109,0.3327,0.5371,0.6667,0.4987,0.7986,5,6,False
T01178,K02115,C0061,0.8563,0.6659,0.7262,1.0,0.5596,0.9056,6,9,False
T01179,K02130,C0094,0.4899,0.3758,0.5402,1.0,0.3683,0.7082,3,8,True
T01180,K01560,C0114,0.3158,0.1901,0.2267,0.8333,0.2468,0.8284,3,6,True
T01181,K01760,C0085,0.1717,0.3272,0.7923,0.3333,0.2507,0.9176,3,5,False
T01182,K02004,C0099,0.7127,0.505,0.543,1.0,0.4657,0.8615,6,9,False
T01183,K02038,C0040,0.4536,0.4025,0.5772,0.6667,0.6094,0.9723,4,5,True
T01184,K01559,C0009,0.517,0.6014,0.7597,1.0,0.6638,0.8285,6,8,True
T01185,K02225,C0050,0.6486,0.4409,0.4955,1.0,0.195,0.8812,6,10,False
T01186,K01642,C0112,0.7121,0.5281,0.5811,1.0,0.39,0.9687,6,8,False
T01187,K02128,C0062,0.6546,0.2726,0.3043,1.0,0.5727,0.9741,4,7,False
T01188,K02164,C0066,0.5202,0.3044,0.4696,0.6667,0.5472,0.935,4,6,False
T01189,K02245,C0099,0.6708,0.8588,0.8251,1.0,0.4657,0.8676,8,8,False
T01190,K01585,C0007,0.74,0.4776,0.914,1.0,0.6328,0.9031,7,8,True
T01191,K02416,C0114,0.2318,0.2729,0.6115,0.6667,0.1733,0.9751,2,6,True
T01192,K01732,C0021,0.698,0.4603,0.8943,0.8333,0.4724,0.9261,5,8,False
T01193,K02092,C0017,0.4141,0.3643,0.8819,1.0,0.4955,0.9592,3,8,False
T01194,K01718,C0013,0.7787,0.5318,0.5942,1.0,0.8026,0.9087,6,7,False
T01195,K02005,C0108,0.8182,0.6025,0.6608,0.8333,0.3852,0.8182,5,6,False
T01196,K02073,C0084,0.6109,0.3416,0.398,0.8333,0.3213,0.9455,5,7,False
T01197,K01905,C0001,0.5312,0.5631,0.8439,1.0,0.6209,0.9474,6,10,True
T01198,K01538,C0073,0.2361,0.2952,0.4971,0.875,0.4327,0.7163,4,8,False
T01199,K01836,C0043,0.5971,0.5959,0.9116,1.0,0.5586,0.9781,5,10,True
T01200,K02159,C0103,0.9095,0.7567,0.7567,1.0,0.8055,0.8746,7,10,False
T01201,K01525,C0001,0.8629,0.4307,0.2515,1.0,0.6209,0.9659,5,8,True
T01202,K01698,C0081,0.665,0.4813,0.4101,1.0,0.6119,0.9493,6,8,False
T01203,K01831,C0034,0.4679,0.6295,0.7332,1.0,0.6993,0.9436,5,9,False
T01204,K01887,C0030,0.8896,0.5764,0.7088,1.0,0.6724,0.9187,7,9,False
T01205,K01985,C0050,0.715,0.5463,0.6485,1.0,0.195,0.7871,5,8,True
T01206,K01762,C0119,0.4602,0.3063,0.7835,0.6667,0.4171,0.949,5,6,False
T01207,K02064,C0072,0.5243,0.4246,0.2765,1.0,0.4356,0.8282,5,9,False
T01208,K01813,C0074,0.814,0.5239,0.7906,1.0,0.3019,0.9688,6,8,False
T01209,K01834,C0114,0.4237,0.493,0.8822,0.6667,0.2468,0.9112,5,7,False
T01210,K01599,C0107,0.7012,0.63,0.5913,1.0,0.4681,0.9094,6,7,False
T01211,K02201,C0103,0.8463,0.5888,0.9324,1.0,0.7432,0.9402,7,9,False
T01212,K02207,C0049,0.8532,0.5465,0.5014,1.0,0.642,0.9082,7,8,False
T01213,K02188,C0103,0.9428,0.7212,0.9045,1.0,0.7432,0.9027,9,9,False
T01214,K02374,C0082,0.2556,0.3341,0.5408,0.25,0.5063,0.9495,4,5,False
T01215,K01540,C0025,0.7284,0.7222,0.7786,0.75,0.3868,0.8612,7,7,False
T01216,K02013,C0022,0.8117,0.6349,0.6677,1.0,0.5947,0.902,7,7,False
T01217,K02443,C0069,0.8692,0.5479,0.5243,1.0,0.3378,0.9573,6,7,False
T01218,K01526,C0044,0.1308,0.3293,0.3802,1.0,0.1372,0.9817,3,9,False
T01219,K01843,C0044,0.6986,0.5836,0.3055,1.0,0.163,0.9738,5,8,False
T01220,K01738,C0039,0.3882,0.4718,0.7611,1.0,0.2408,0.9403,6,9,False
T01221,K02297,C0095,0.7685,0.4328,0.7737,1.0,0.7331,0.9702,6,9,True
T01222,K01744,C0094,0.8028,0.5517,0.7531,0.875,0.3064,0.803,6,8,True
T01223,K02143,C0067,0.4315,0.3428,0.3849,1.0,0.5637,0.8539,4,7,True
T01224,K02433,C0101,0.5799,0.5599,0.7621,1.0,0.5686,0.9448,6,8,False
T01225,K01944,C0011,0.517,0.448,0.856,0.6667,0.5341,0.9031,6,7,False
T01226,K02150,C0039,0.4136,0.3506,0.6795,1.0,0.2408,0.9449,5,8,False
T01227,K01978,C0114,0.5375,0.5039,0.564,1.0,0.3236,0.8368,6,7,False
T01228,K02263,C0072,0.5169,0.5748,0.7317,1.0,0.5483,0.9482,5,9,False
T01229,K01694,C0094,0.7017,0.7303,0.7027,1.0,0.3683,0.8277,7,7,False
T01230,K01933,C0006,0.4158,0.4616,0.9126,0.6667,0.6843,0.9661,5,7,False
T01231,K01876,C0067,0.675,0.3511,0.3457,1.0,0.5524,0.9346,4,8,False
T01232,K01797,C0013,0.9825,0.6212,0.227,1.0,0.7336,0.9069,6,7,False
T01233,K01582,C0050,0.5953,0.4544,0.5993,1.0,0.195,0.9212,5,8,False
T01234,K02260,C0036,0.662,0.562,0.6458,1.0,0.5764,0.9063,6,8,False
T01235,K01880,C0047,0.4681,0.5993,0.7096,0.8333,0.5118,0.81,6,7,False
T01236,K01927,C0047,0.8171,0.6628,0.4365,0.75,0.5118,0.9131,6,5,False
T01237,K02076,C0025,0.6588,0.4481,0.8998,1.0,0.5468,0.9013,5,10,False
T01238,K02024,C0089,0.4377,0.3392,0.7549,0.0,0.9804,0.9448,5,4,True
T01239,K01888,C0084,0.5308,0.4793,0.6459,0.6667,0.4192,0.8768,5,7,True
T01240,K01999,C0050,0.7253,0.6861,0.7804,1.0,0.2738,0.9334,6,7,False
T01241,K01977,C0066,0.5902,0.3356,0.4479,0.875,0.4566,0.9068,4,7,False
T01242,K02231,C0006,0.8367,0.6037,0.4541,1.0,0.6363,0.8786,5,9,False
T01243,K01953,C0019,0.6107,0.5907,0.5322,0.625,0.3002,0.9364,6,7,False
T01244,K02271,C0077,0.7619,0.6483,0.5712,1.0,0.5528,0.8953,6,9,True
T01245,K01770,C0085,0.8314,0.5634,0.7027,1.0,0.7735,0.9254,6,8,False
T01246,K02368,C0070,0.084,0.3431,0.92,0.25,0.1282,0.8901,4,4,False
T01247,K01510,C0048,0.538,0.4806,0.8334,0.8333,0.4966,0.9484,7,8,False
T01248,K02287,C0015,0.7172,0.3594,0.29,0.75,0.2966,0.9132,5,6,False
T01249,K02221,C0108,0.6126,0.4,0.5497,0.75,0.3852,0.7631,5,8,False
T01250,K01889,C0039,0.458,0.3635,0.7338,1.0,0.2408,0.924,4,9,False
T01251,K02012,C0070,0.5124,0.5806,0.6197,0.375,0.1246,0.9462,5,4,False
T01252,K01608,C0074,0.5145,0.2637,0.245,1.0,0.3355,0.9215,3,7,False
T01253,K01697,C0065,0.6467,0.7886,0.704,1.0,0.3575,0.9671,6,7,False
T01254,K02348,C0074,0.6545,0.3466,0.114,1.0,0.3019,0.8954,3,6,False
T01255,K01970,C0081,0.5007,0.351,0.6935,1.0,0.6106,0.9677,4,8,False
T01256,K02116,C0049,0.8319,0.5984,0.7019,1.0,0.642,0.9226,7,9,True
T01257,K02105,C0098,0.6051,0.4742,0.6016,1.0,0.6656,0.7734,6,9,False
T01258,K02406,C0073,0.2315,0.3356,0.5271,0.6667,0.4377,0.9303,4,7,True
T01259,K02153,C0069,0.6656,0.4763,0.9006,0.8333,0.2926,0.9545,6,9,False
T01260,K02372,C0050,0.7924,0.7223,0.6118,1.0,0.2738,0.9339,6,8,False
T01261,K02163,C0061,1.0,0.7391,0.674,1.0,0.5596,0.741,8,8,False
T01262,K01755,C0028,0.4715,0.2374,0.4821,0.5,0.735,0.9612,2,5,False
T01263,K02197,C0116,0.8772,0.788,0.6496,1.0,0.4451,0.9435,7,9,True
T01264,K01607,C0114,0.4648,0.2967,0.487,1.0,0.1733,0.8976,4,7,False
T01265,K01896,C0069,0.569,0.4381,0.965,1.0,0.5489,0.7363,4,8,False
T01266,K01951,C0039,0.5152,0.3042,0.6149,1.0,0.2504,0.8681,5,10,False
T01267,K01710,C0036,0.2551,0.1706,0.6362,0.5,0.1876,0.9378,3,6,True
T01268,K02389,C0045,0.705,0.4474,0.2839,1.0,0.7126,0.9542,4,7,True
T01269,K02206,C0081,0.8068,0.4415,0.3232,1.0,0.6119,0.9024,6,7,True
T01270,K01993,C0108,0.821,0.3664,0.4591,0.6667,0.3852,0.9109,5,6,False
T01271,K02166,C0054,0.5748,0.3583,0.7148,0.875,0.4997,0.9686,6,6,False
T01272,K02028,C0055,0.9824,0.6729,0.8217,1.0,0.5709,0.9223,7,8,False
T01273,K01511,C0059,0.8265,0.7536,0.6807,1.0,0.6274,0.9753,6,8,False
T01274,K02430,C0116,0.6122,0.6487,0.6569,1.0,0.3323,0.9614,7,8,False
T01275,K01518,C0044,0.6387,0.6019,0.6597,1.0,0.1372,0.9323,6,10,True
T01276,K01849,C0067,0.8053,0.6274,0.8937,1.0,0.5637,0.8903,7,9,False
T01277,K02356,C0095,0.6681,0.5551,0.7145,1.0,0.7331,0.9723,6,8,False
T01278,K02021,C0088,0.8026,0.5351,0.74,0.75,0.5845,0.9181,6,7,False
T01279,K01683,C0082,0.6941,0.4177,0.4387,0.875,0.5546,0.9702,5,6,False
T01280,K01975,C0071,0.9718,0.3976,0.69,0.875,0.2298,0.9354,6,8,True
T01281,K01883,C0088,0.6421,0.4825,0.586,0.8333,0.5919,0.9332,5,7,False
T01282,K02259,C0077,0.5059,0.2994,0.4071,1.0,0.5911,0.8856,3,8,False
T01283,K01720,C0017,0.5746,0.476,0.9198,0.8333,0.3955,0.7983,6,8,False
T01284,K01702,C0058,0.5399,0.2964,0.6602,0.8333,0.8854,0.9704,4,7,False
T01285,K02252,C0025,0.5364,0.4113,0.5843,0.75,0.3868,0.9506,5,6,False
T01286,K02008,C0114,0.3934,0.3928,0.3113,0.8333,0.1733,0.8313,3,8,False
T01287,K01910,C0112,0.3908,0.1772,0.5094,0.6667,0.39,0.9075,3,7,True
T01288,K02361,C0001,0.4592,0.4088,0.7748,0.8333,0.6869,0.8536,6,6,False
T01289,K01517,C0049,0.916,0.6229,0.67,0.5,0.642,0.962,8,5,False
T01290,K02398,C0044,1.0,0.5173,0.442,1.0,0.2533,0.863,6,9,False
T01291,K02067,C0088,0.7728,0.6951,0.8788,1.0,0.5919,0.6814,7,10,False
T01292,K01823,C0002,0.7151,0.6482,0.914,1.0,0.622,0.9346,7,9,True
T01293,K02173,C0021,0.4324,0.4327,0.3933,0.5,0.4724,0.9802,4,5,True
T01294,K01958,C0007,0.7334,0.3517,0.6324,1.0,0.5627,0.8427,6,8,False
T01295,K02236,C0040,0.4541,0.5071,0.7659,0.6667,0.6094,0.8731,4,7,False
T01296,K02212,C0058,0.8546,0.6069,0.5453,1.0,0.8854,0.9081,7,7,True
T01297,K01667,C0103,0.3771,0.5061,0.7452,0.3333,0.7432,0.9297,6,6,False
T01298,K01765,C0114,0.6198,0.2454,0.2749,0.8333,0.1733,0.9617,3,6,False
T01299,K02112,C0119,0.6147,0.4858,0.5353,0.6667,0.4453,0.9902,5,6,False
T01300,K02048,C0048,0.2133,0.2122,0.8142,0.25,0.4966,0.8982,3,4,False
T01301,K02319,C0034,0.5456,0.4261,0.5932,1.0,0.6993,0.9114,5,9,False
T01302,K01921,C0072,1.0,0.6327,0.8356,1.0,0.5483,0.9257,7,9,False
T01303,K01546,C0099,0.7072,0.5187,0.3638,0.75,0.2326,0.9199,4,7,True
T01304,K02172,C0025,0.305,0.2795,0.621,0.8333,0.6046,0.9383,4,7,False
T01305,K02256,C0063,0.7827,0.5808,0.7643,1.0,0.5504,0.9056,6,8,False
T01306,K01749,C0024,0.7587,0.7531,0.7717,1.0,0.7644,0.9485,8,10,False
T01307,K02255,C0062,0.7856,0.6565,0.6297,1.0,0.5727,0.8348,7,8,False
T01308,K01778,C0006,0.7905,0.5684,0.6297,0.875,0.6843,0.9735,6,7,False
T01309,K02110,C0008,0.6245,0.2811,0.3969,1.0,0.5669,0.8944,5,7,False
T01310,K01775,C0104,0.5783,0.7199,0.821,0.8333,0.5871,0.9961,5,8,False
T01311,K01659,C0083,0.7198,0.6843,0.8546,1.0,0.3713,0.9594,8,9,False
T01312,K02061,C0052,0.5872,0.3517,0.5917,0.875,0.2114,0.9324,4,8,False
T01313,K02409,C0103,1.0,0.4975,0.4024,1.0,0.8055,0.8876,6,9,False
T01314,K01577,C0069,0.2945,0.3982,0.8541,0.75,0.2926,0.9511,4,7,True
T01315,K01520,C0084,0.4919,0.5063,0.6112,0.8333,0.3213,0.7934,5,8,True
T01316,K01875,C0072,0.5064,0.2915,0.5089,1.0,0.4228,0.8557,4,8,False
T01317,K01514,C0047,0.5688,0.4969,0.6894,0.875,0.5552,0.8175,6,8,False
T01318,K01962,C0094,0.8362,0.5835,0.9044,1.0,0.2578,0.8948,7,9,False
T01319,K02019,C0019,0.932,0.8117,0.9647,1.0,0.5798,0.9576,8,9,False
T01320,K01845,C0052,0.551,0.4363,0.6195,1.0,0.5104,0.9338,5,8,True
T01321,K01625,C0113,0.5365,0.5448,0.5252,0.8333,0.646,0.9384,4,8,False
T01322,K02226,C0103,0.8624,0.5272,0.6942,1.0,0.8055,0.9147,8,8,False
T01323,K01716,C0107,0.4438,0.353,0.5576,0.75,0.4681,0.8321,4,6,False
T01324,K01735,C0085,0.7268,0.5877,0.5457,1.0,0.7735,0.7853,6,8,False
T01325,K02156,C0005,0.3884,0.5235,0.7942,0.8333,0.5118,0.9042,7,8,False
T01326,K02177,C0119,0.8437,0.6623,0.6974,1.0,0.4456,0.8142,6,10,True
T01327,K02087,C0084,0.88,0.6132,0.3068,1.0,0.3056,0.9388,6,8,False
T01328,K01688,C0114,0.4006,0.3896,0.458,0.75,0.1733,0.9038,5,7,True
T01329,K01785,C0017,0.4183,0.5508,0.7275,0.5,0.3955,0.9386,6,7,False
T01330,K02267,C0110,0.5432,0.4648,0.7219,0.8333,0.6991,0.8231,4,6,False
T01331,K02277,C0010,0.638,0.592,0.5591,1.0,0.4837,0.8511,5,7,True
T01332,K01737,C0068,0.5487,0.4463,0.677,1.0,0.6102,0.8813,5,9,True
T01333,K02309,C0025,0.8976,0.7374,0.4859,1.0,0.5468,0.9104,7,8,True
T01334,K01982,C0070,0.3992,0.4653,0.64,0.5,0.1282,0.9921,4,5,False
T01335,K01584,C0090,0.5036,0.3375,0.8533,0.8333,0.4987,0.8776,5,7,False
T01336,K02216,C0116,0.5556,0.3567,0.6519,1.0,0.3323,0.7079,5,9,True
T01337,K02431,C0050,0.5064,0.5981,0.888,1.0,0.241,0.8546,7,8,False
T01338,K02291,C0013,0.6389,0.5176,0.4502,0.5,0.2229,0.9799,5,4,True
T01339,K02308,C0099,0.7116,0.7945,0.9206,1.0,0.4657,0.9653,7,8,False
T01340,K02101,C0047,0.4936,0.485,0.7997,0.75,0.5118,0.991,5,6,False
T01341,K02444,C0098,0.6471,0.5593,0.8163,0.8333,0.751,0.9315,6,7,False
T01342,K02442,C0117,0.7448,0.5004,0.2765,1.0,0.4618,0.7267,5,8,False
T01343,K01660,C0053,0.2648,0.2686,0.5515,0.6667,0.6641,0.9261,4,6,False
T01344,K01957,C0032,0.2991,0.2067,0.468,0.875,0.308,0.9554,2,8,False
T01345,K01624,C0103,0.782,0.6094,0.4229,1.0,0.8055,0.9317,7,9,True
T01346,K01689,C0003,0.4412,0.3593,0.407,0.75,0.4903,0.8381,4,6,False
T01347,K01826,C0047,0.6215,0.5701,0.8743,0.8333,0.5552,0.9174,5,8,False
T01348,K02113,C0094,0.4869,0.2603,0.3017,1.0,0.2578,0.8991,4,7,False
T01349,K02394,C0108,0.6308,0.5103,0.642,0.75,0.3852,0.8083,5,7,False
T01350,K02357,C0084,0.7963,0.6489,0.7746,1.0,0.4192,0.8521,7,8,False
T01351,K01527,C0101,0.4941,0.2602,0.3937,1.0,0.6266,0.9779,4,8,False
T01352,K01904,C0069,0.4381,0.3963,0.4845,1.0,0.3378,0.9231,4,7,False
T01353,K02042,C0072,0.6737,0.4613,0.6642,0.5,0.5483,0.9008,5,6,False
T01354,K02047,C0108,0.5866,0.2854,0.5703,0.75,0.3852,0.9238,4,6,True
T01355,K02050,C0035,0.4532,0.2792,0.4502,0.5,0.7568,0.9748,4,6,True
T01356,K02421,C0114,0.6197,0.4455,0.5865,1.0,0.2468,0.9201,6,9,False
T01357,K01513,C0006,0.8459,0.3955,0.2716,0.6667,0.6843,0.9355,4,5,False
T01358,K02354,C0066,0.4153,0.4739,0.5128,0.75,0.4566,0.8404,4,5,False
T01359,K02275,C0072,0.4578,0.2816,0.5153,1.0,0.4356,0.7947,3,8,False
T01360,K02351,C0067,0.3659,0.497,0.771,1.0,0.5637,0.8219,5,9,False
T01361,K01877,C0094,0.8463,0.8789,0.7823,1.0,0.3683,0.8376,8,8,False
T01362,K01945,C0080,0.7454,0.4541,0.8693,1.0,0.6273,0.8937,6,9,False
T01363,K02300,C0034,0.6166,0.4006,0.6771,1.0,0.6993,0.7955,5,8,False
T01364,K01571,C0106,0.9083,0.7563,0.7841,1.0,0.813,0.8861,7,9,False
T01365,K01521,C0047,0.3634,0.3914,0.4032,0.8333,0.5118,0.7991,4,8,False
T01366,K02223,C0084,0.37,0.3176,0.6827,0.75,0.3056,0.8197,5,7,False
T01367,K01862,C0080,0.8741,0.6191,0.3982,1.0,0.6273,0.9793,5,9,False
T01368,K01814,C0059,0.4142,0.3928,0.7991,0.5,0.6274,0.9554,4,7,False
T01369,K01800,C0089,0.9849,0.7706,0.9776,1.0,0.9804,0.8529,8,9,False
T01370,K01903,C0015,0.5193,0.4086,0.9066,0.6667,0.581,0.9834,5,8,False
T01371,K01729,C0066,0.5874,0.5567,0.7274,0.75,0.4566,0.8694,6,6,True
T01372,K01966,C0101,0.9677,0.4905,0.3132,1.0,0.6266,0.9443,6,7,False
T01373,K02007,C0023,0.2271,0.3521,0.5618,0.25,0.2448,0.9497,4,4,True
T01374,K01644,C0056,0.2309,0.3539,0.5537,0.3333,0.2659,0.916,4,5,False
T01375,K02432,C0072,0.6384,0.5512,0.778,1.0,0.4356,0.8412,6,9,False
T01376,K02232,C0067,0.7398,0.6474,0.7961,1.0,0.5637,0.7946,7,10,False
T01377,K01795,C0114,0.2488,0.172,0.528,0.8333,0.1733,0.9189,3,8,False
T01378,K02158,C0039,0.7143,0.6407,0.9432,1.0,0.2504,0.8877,6,10,False
T01379,K02154,C0088,0.5972,0.4734,0.6434,0.75,0.5845,0.8388,6,6,False
T01380,K01728,C0052,0.8563,0.5357,0.4746,0.875,0.5104,0.9352,6,8,True
T01381,K01544,C0102,0.9291,0.4995,0.2772,1.0,0.3832,0.9809,6,7,False
T01382,K01574,C0107,0.6489,0.5388,0.321,0.8333,0.4681,0.966,6,5,False
T01383,K01912,C0071,0.4349,0.4819,0.436,0.75,0.2298,0.9524,4,6,False
T01384,K02316,C0047,0.7903,0.7614,0.6614,1.0,0.5118,0.8989,6,9,False
T01385,K01533,C0017,0.5838,0.8061,0.9751,0.75,0.4955,0.8764,7,6,False
T01386,K01955,C0030,0.6434,0.4773,0.6356,1.0,0.1953,0.9814,5,9,False
T01387,K01804,C0061,0.5671,0.3686,0.4008,1.0,0.6086,0.8863,5,8,True
T01388,K01847,C0070,0.4078,0.312,0.2395,0.5,0.1531,0.9688,3,4,True
T01389,K01942,C0050,0.7162,0.6215,0.473,1.0,0.241,0.8707,7,8,False
T01390,K02099,C0104,0.7098,0.4953,0.4268,0.75,0.5871,0.948,4,6,False
T01391,K01968,C0058,0.8123,0.6114,0.3904,0.6667,0.8374,0.9734,6,7,True
T01392,K02220,C0114,0.7858,0.4135,0.7096,1.0,0.3236,0.8829,6,9,False
T01393,K02376,C0110,0.5456,0.5757,0.8214,0.75,0.7183,0.9166,6,7,False
T01394,K01979,C0073,0.8485,0.5061,0.523,1.0,0.4327,0.924,6,8,False
T01395,K01691,C0044,0.6746,0.477,0.4392,1.0,0.2533,0.9252,6,7,False
T01396,K01828,C0111,0.5544,0.6739,0.7765,0.75,0.6158,0.9435,6,8,False
T01397,K01969,C0098,0.882,0.7229,0.4605,1.0,0.751,0.8856,6,6,False
T01398,K02193,C0019,0.8521,0.4388,0.3486,1.0,0.5798,0.8923,6,7,True
T01399,K01598,C0097,0.5184,0.6354,0.6638,0.875,0.6437,0.8472,5,8,True
T01400,K01600,C0013,0.5624,0.4823,0.8091,1.0,0.7336,0.8268,5,9,False
T01401,K01507,C0006,0.7303,0.5759,0.5551,1.0,0.6363,0.9342,6,8,True
T01402,K02386,C0050,0.7066,0.6783,0.9605,1.0,0.241,0.8753,6,10,False
T01403,K02131,C0085,0.9661,0.6334,0.9103,1.0,0.7735,0.9561,9,8,False
T01404,K02079,C0067,0.8832,0.8285,0.8449,1.0,0.5637,0.873,8,8,False
T01405,K01973,C0025,0.6841,0.6777,0.9068,1.0,0.5468,0.9305,8,10,False
T01406,K02081,C0039,0.5848,0.4612,0.4262,1.0,0.2504,0.7157,4,8,False
T01407,K02091,C0036,0.8812,0.4408,0.6055,0.875,0.5764,0.9377,6,9,False
T01408,K02301,C0009,0.6368,0.4996,0.4605,0.875,0.761,0.7122,6,7,False
T01409,K01542,C0118,0.6737,0.319,0.3738,0.8333,0.648,0.9499,5,6,False
T01410,K02329,C0114,0.5838,0.3939,0.7438,0.8333,0.1733,0.8817,5,8,False
T01411,K01566,C0119,0.2368,0.3369,0.6941,0.5,0.4171,0.8673,4,5,True
T01412,K02084,C0044,0.6579,0.5041,0.5046,1.0,0.1372,0.8745,5,8,False
T01413,K01640,C0074,0.8549,0.6122,0.2253,1.0,0.3355,0.9465,6,7,False
T01414,K01581,C0116,0.5001,0.4805,0.7007,1.0,0.3323,0.979,5,8,False
T01415,K02415,C0115,0.4224,0.4234,0.6266,0.75,0.8356,0.935,4,7,True
T01416,K02295,C0019,0.6448,0.5167,0.3469,1.0,0.5798,0.8357,5,7,False
T01417,K02299,C0095,0.9398,0.5002,0.4067,1.0,0.743,0.868,6,7,False
T01418,K01567,C0065,0.2465,0.5185,0.6335,0.0,0.3575,0.9601,4,4,False
T01419,K02304,C0077,0.5845,0.5303,0.2441,0.5,0.3378,0.8878,5,5,False
T01420,K02321,C0049,0.7189,0.4765,0.5267,1.0,0.642,0.7535,6,8,False
T01421,K01959,C0110,0.6652,0.6225,0.5415,1.0,0.6991,0.8558,7,8,False
T01422,K01682,C0111,0.7559,0.5155,0.5026,1.0,0.652,0.9939,5,9,False
T01423,K01677,C0022,0.6115,0.5833,0.5746,1.0,0.5559,0.9218,5,8,False
T01424,K02107,C0040,0.7565,0.4156,0.428,0.75,0.6094,0.9304,5,7,False
T01425,K01616,C0114,0.8681,0.6419,0.7332,1.0,0.3236,0.9608,6,7,False
T01426,K01798,C0049,0.7156,0.5405,0.7089,1.0,0.642,0.9735,7,8,True
T01427,K01679,C0072,0.7364,0.671,0.606,1.0,0.5483,0.8566,6,8,False
T01428,K01573,C0088,0.7098,0.4905,0.6115,1.0,0.5845,0.7902,4,8,True
T01429,K01580,C0054,0.6264,0.5606,0.728,0.5,0.2287,0.9341,6,6,False
T01430,K01730,C0113,0.7227,0.5364,0.633,0.1667,0.646,0.9537,5,4,False
T01431,K01949,C0025,0.3249,0.5082,0.4851,0.8333,0.5468,0.9211,4,7,False
T01432,K01967,C0112,0.7395,0.5079,0.8314,1.0,0.39,0.9711,6,10,False
T01433,K02365,C0101,0.6893,0.5096,0.5087,1.0,0.719,0.9425,5,8,False
T01434,K01763,C0021,0.7258,0.4647,0.3482,1.0,0.2226,0.9303,4,8,False
T01435,K01587,C0119,0.5742,0.4769,0.5027,1.0,0.4171,0.9436,5,8,False
T01436,K01786,C0103,0.8423,0.6531,0.9427,1.0,0.7432,0.8499,8,7,False
T01437,K01776,C0073,0.4734,0.4993,0.7857,0.875,0.4327,0.919,5,8,False
T01438,K02343,C0073,0.9823,0.7679,0.6008,1.0,0.4377,0.8364,7,9,False
T01439,K01680,C0047,0.7134,0.5907,0.7189,1.0,0.5552,0.9236,7,7,False
T01440,K01751,C0028,0.405,0.557,0.691,0.25,0.735,0.8763,5,4,False
T01441,K01717,C0061,0.7746,0.7938,0.6457,1.0,0.6862,0.8032,8,9,False
T01442,K02434,C0008,0.8892,0.5582,0.5316,1.0,0.5669,0.9432,6,8,False
T01443,K01950,C0014,0.6233,0.6064,0.7266,1.0,0.3394,0.9542,6,8,False
T01444,K02423,C0103,0.661,0.6143,0.4637,1.0,0.8055,0.8978,7,9,True
T01445,K01897,C0062,0.9554,0.5747,0.5473,1.0,0.5727,0.6751,8,7,False
T01446,K01768,C0077,0.9099,0.7195,0.8376,1.0,0.5911,0.9687,7,8,False
T01447,K01653,C0103,0.7046,0.5702,0.512,1.0,0.7432,0.9358,6,8,False
T01448,K01655,C0114,0.8997,0.6917,0.3661,1.0,0.3236,0.8834,7,7,False
T01449,K02196,C0058,0.8323,0.5928,0.8917,0.8333,0.8854,0.8574,7,8,False
T01450,K01658,C0045,0.7295,0.5257,0.2448,0.75,0.635,0.8791,4,6,False
T01451,K02284,C0047,0.5139,0.6465,0.9875,0.75,0.5118,0.8743,7,7,False
T01452,K02420,C0116,0.8405,0.7503,0.2791,1.0,0.4451,0.9717,7,6,True
T01453,K01793,C0108,0.6529,0.5146,0.9715,1.0,0.3466,0.8511,5,9,False
T01454,K02018,C0007,0.9075,0.7376,0.6624,1.0,0.6328,0.7805,7,9,False
T01455,K01719,C0119,0.5182,0.5053,0.9353,1.0,0.4171,0.9324,5,8,False
T01456,K01806,C0090,0.589,0.6328,0.9667,1.0,0.556,0.9489,7,10,False
T01457,K02281,C0112,0.2457,0.2226,0.859,0.375,0.39,0.9792,3,6,False
T01458,K02337,C0026,0.5308,0.4311,0.6925,0.625,0.2667,0.9606,5,6,False
T01459,K02114,C0033,0.3632,0.4168,0.348,1.0,0.2507,0.8415,4,7,True
T01460,K02036,C0114,0.1812,0.3353,0.8105,1.0,0.2468,0.8518,4,8,False
T01461,K02178,C0047,0.5235,0.2856,0.2608,1.0,0.5118,0.8398,3,8,False
T01462,K01705,C0068,0.5068,0.691,0.7994,0.6667,0.6102,0.8528,6,6,False
T01463,K02427,C0060,0.385,0.4185,0.3735,0.75,0.5958,0.9665,4,6,True
T01464,K02200,C0072,0.3576,0.37,0.1933,1.0,0.5483,0.9184,4,8,True
T01465,K02140,C0108,0.3974,0.3083,0.4356,0.6667,0.3852,0.945,3,6,True
T01466,K02393,C0098,0.6216,0.469,0.674,1.0,0.751,0.9424,5,9,True
T01467,K01820,C0048,0.5859,0.4859,0.5981,1.0,0.5787,0.9504,5,8,False
T01468,K02382,C0018,0.2411,0.3936,0.71,0.625,0.3264,0.8833,5,6,False
T01469,K01692,C0107,0.8233,0.5832,0.7216,1.0,0.513,0.9945,6,9,False
T01470,K02182,C0108,0.441,0.5743,0.5781,0.75,0.3466,0.8893,5,6,False
T01471,K02303,C0084,0.4999,0.592,0.7722,1.0,0.4192,0.9453,6,9,False
T01472,K01901,C0069,0.4185,0.4618,0.5832,0.875,0.1866,0.9631,5,8,False
T01473,K02174,C0005,0.8101,0.5084,0.8597,0.75,0.5118,0.9543,6,7,False
T01474,K01530,C0001,0.4166,0.4038,0.6282,0.6667,0.6869,0.8657,4,6,True
T01475,K01986,C0050,0.418,0.4398,0.5768,1.0,0.195,0.8505,4,8,False
T01476,K01519,C0108,0.5956,0.4616,0.6143,0.75,0.3852,0.8098,5,8,False
T01477,K02342,C0015,0.5086,0.3502,0.5571,0.5,0.2004,0.9673,5,4,True
T01478,K01529,C0075,0.8021,0.623,0.4682,1.0,0.8681,0.9502,7,8,False
T01479,K02184,C0103,0.6655,0.4748,0.341,1.0,0.7432,0.9342,4,6,True
T01480,K02269,C0072,0.6926,0.4978,0.7303,1.0,0.5483,0.9123,5,9,False
