client_id,coach_id,need_competency_alignment,true_competence_primary,sector_match,working_style_compat,personality_sim
K00186,C0031,0.5,0.0501,0.0,0.6929,0.9836
K00186,C0094,0.5,0.0874,0.0,0.7023,0.9456
K00186,C0073,0.5,0.2251,0.0,0.736,0.9691
K00105,C0071,0.375,0.2298,0.0,0.7424,0.9741
K00105,C0055,0.625,0.2287,0.0,0.7564,0.9785
K00105,C0088,0.375,0.5919,0.0,0.9611,0.9431
K00145,C0054,1.0,0.4997,0.0,0.6531,0.9253
K00145,C0072,1.0,0.5483,0.0,0.6549,0.9089
K00145,C0022,1.0,0.6116,0.0,0.9125,0.8727
K00615,C0068,0.8333,0.6102,0.0,0.6732,0.8637
K00615,C0004,0.8333,0.4518,0.0,0.8405,0.9133
K00615,C0060,1.0,0.5578,0.0,0.7111,0.8836
K00471,C0030,1.0,0.6724,0.0,0.6878,0.9866
K00471,C0004,1.0,0.4518,0.0,0.749,0.9568
K00471,C0106,1.0,0.813,0.0,0.6468,0.9386
K00095,C0104,1.0,0.5871,0.0,0.6153,0.9488
K00095,C0093,1.0,0.6502,1.0,0.8982,0.9844
K00095,C0052,1.0,0.5104,0.0,0.8418,0.9698
K00171,C0013,1.0,0.7336,0.0,0.657,0.9184
K00171,C0002,1.0,0.6233,1.0,0.537,0.9514
K00171,C0031,1.0,0.1852,0.0,0.8002,0.7661
K00416,C0088,0.75,0.5845,1.0,0.7007,0.9753
K00416,C0113,0.75,0.646,0.0,0.4635,0.9913
K00416,C0063,0.75,0.5314,0.0,0.659,0.9311
K00119,C0071,0.75,0.1195,0.0,0.8321,0.9478
K00119,C0032,0.875,0.2432,0.0,0.8276,0.9189
K00119,C0116,1.0,0.1788,0.0,0.5824,0.9795
K00016,C0119,0.75,0.4456,0.0,0.563,0.9294
K00016,C0025,0.75,0.6046,0.0,0.7933,0.8652
K00016,C0114,0.75,0.3236,0.0,0.7534,0.8664
K00220,C0107,1.0,0.4681,0.0,0.8466,0.9843
K00220,C0073,1.0,0.4377,0.0,0.7676,0.9624
K00220,C0094,1.0,0.3064,0.0,0.662,0.94
K00564,C0022,1.0,0.6116,0.0,0.852,0.8004
K00564,C0072,1.0,0.5483,0.0,0.5644,0.8425
K00564,C0034,0.0,0.3365,0.0,0.8598,0.9787
K00144,C0116,1.0,0.4451,0.0,0.7396,0.9646
K00144,C0013,1.0,0.8026,0.0,0.8288,0.9509
K00144,C0031,1.0,0.3135,0.0,0.7789,0.9175
K00003,C0114,0.75,0.1733,0.0,0.775,0.9767
K00003,C0109,0.75,0.418,0.0,0.7719,0.9922
K00003,C0060,0.75,0.6895,0.0,0.7322,0.9441
K00507,C0006,0.875,0.6363,0.0,0.6014,0.9335
K00507,C0082,0.875,0.5546,0.0,0.6275,0.9182
K00507,C0101,0.875,0.719,0.0,0.7573,0.8454
K00267,C0045,1.0,0.7126,0.0,0.7756,0.9976
K00267,C0033,1.0,0.2507,0.0,0.7198,0.9387
K00267,C0078,1.0,0.6291,0.0,0.7547,0.9809
K00634,C0095,0.8333,0.3237,0.0,0.7694,0.9911
K00634,C0027,0.6667,0.1797,0.0,0.8218,0.9789
K00634,C0088,0.6667,0.2428,0.0,0.8558,0.9486
K00602,C0022,1.0,0.6116,0.0,0.8991,0.9057
K00602,C0027,0.8333,0.0776,1.0,0.9294,0.9676
K00602,C0049,0.3333,0.642,0.0,0.7699,0.9848
K00092,C0084,0.75,0.3056,0.0,0.5784,0.9109
K00092,C0058,0.75,0.8374,0.0,0.6958,0.8548
K00092,C0040,0.75,0.6094,0.0,0.5396,0.8126
K00467,C0002,1.0,0.622,0.0,0.9799,0.982
K00467,C0078,1.0,0.6291,0.0,0.7424,0.9582
K00467,C0096,1.0,0.3502,0.0,0.7224,0.9518
K00540,C0031,1.0,0.1852,0.0,0.6965,0.9764
K00540,C0002,1.0,0.6233,0.0,0.6549,0.916
K00540,C0077,1.0,0.5528,0.0,0.5872,0.8642
K00179,C0117,0.5,0.4618,0.0,0.7259,0.9728
K00179,C0055,0.5,0.5709,0.0,0.7001,0.9655
K00179,C0020,0.5,0.0909,0.0,0.8933,0.9572
K00373,C0108,0.1667,0.3852,0.0,0.9228,0.9464
K00373,C0005,0.8333,0.3245,0.0,0.7281,0.9329
K00373,C0119,0.8333,0.1426,0.0,0.5507,0.9363
K00299,C0119,1.0,0.4171,0.0,0.6875,0.9544
K00299,C0083,1.0,0.3713,0.0,0.5636,0.914
K00299,C0016,1.0,0.6363,0.0,0.6799,0.9695
K00212,C0005,0.75,0.5118,0.0,0.8032,0.9267
K00212,C0054,0.75,0.5085,0.0,0.6982,0.9024
K00212,C0084,0.75,0.3213,0.0,0.7123,0.8683
K00366,C0007,1.0,0.6328,0.0,0.5994,0.9792
K00366,C0002,1.0,0.622,0.0,0.7648,0.9466
K00366,C0084,1.0,0.4192,0.0,0.9112,0.9533
K00473,C0119,1.0,0.4171,0.0,0.6564,0.9678
K00473,C0110,1.0,0.6991,0.0,0.7326,0.9625
K00473,C0002,1.0,0.6233,1.0,0.6383,0.9543
K00067,C0054,0.5,0.2124,0.0,0.7461,0.9068
K00067,C0089,0.5,0.9804,0.0,0.8072,0.9151
K00067,C0012,0.5,0.2456,0.0,0.7249,0.942
K00249,C0063,1.0,0.5504,0.0,0.8102,0.9493
K00249,C0056,1.0,0.567,0.0,0.6484,0.9333
K00249,C0059,1.0,0.6274,0.0,0.6588,0.9367
K00486,C0084,0.75,0.4192,0.0,0.8074,0.9257
K00486,C0114,0.75,0.2468,0.0,0.8943,0.8268
K00486,C0031,0.75,0.3135,0.0,0.7304,0.9015
K00487,C0052,1.0,0.5104,0.0,0.8888,0.9394
K00487,C0060,1.0,0.5958,0.0,0.8574,0.8932
K00487,C0094,1.0,0.3064,0.0,0.8304,0.8945
K00255,C0119,1.0,0.1577,0.0,0.671,0.9851
K00255,C0081,0.0,0.2553,0.0,0.8184,0.9685
K00255,C0087,1.0,0.1312,0.0,0.7686,0.9361
K00520,C0034,1.0,0.8531,0.0,0.8333,0.906
K00520,C0072,1.0,0.4228,0.0,0.7846,0.9395
K00520,C0106,0.75,0.3289,0.0,0.7506,0.9726
K00228,C0056,1.0,0.2026,0.0,0.4394,0.8847
K00228,C0022,0.5,0.6116,0.0,0.7661,0.9523
K00228,C0059,1.0,0.2261,0.0,0.559,0.9204
K00219,C0004,1.0,0.5342,0.0,0.9507,0.9473
K00219,C0005,0.75,0.5118,0.0,0.8721,0.9293
K00219,C0054,0.75,0.5085,0.0,0.7693,0.9047
K00234,C0077,0.3333,0.196,0.0,0.8182,0.9466
K00234,C0013,0.3333,0.3432,0.0,0.7573,0.9741
K00234,C0078,0.3333,0.1953,0.0,0.7269,0.8778
K00422,C0112,0.875,0.34,0.0,0.6459,0.9339
K00422,C0045,0.875,0.635,0.0,0.9087,0.8786
K00422,C0056,0.75,0.141,0.0,0.7614,0.9653
K00537,C0032,0.5,0.2389,0.0,0.7507,0.9589
K00537,C0095,0.5,0.2832,0.0,0.8715,0.9468
K00537,C0017,0.5,0.3955,0.0,0.7592,0.9564
K00504,C0054,0.875,0.5377,0.0,0.7726,0.9447
K00504,C0109,0.5,0.3128,0.0,0.7478,0.9504
K00504,C0114,0.625,0.1322,0.0,0.7093,0.9744
K00620,C0054,0.75,0.5085,0.0,0.6037,0.8161
K00620,C0101,0.75,0.2157,0.0,0.8782,0.9234
K00620,C0087,0.5,0.5538,0.0,0.7117,0.9001
K00078,C0103,1.0,0.7432,0.0,0.5553,0.8728
K00078,C0007,1.0,0.6328,0.0,0.5788,0.7577
K00078,C0078,0.75,0.6291,0.0,0.8109,0.9495
K00397,C0022,0.75,0.6116,0.0,0.6306,0.8588
K00397,C0053,0.75,0.2663,0.0,0.9045,0.9199
K00397,C0107,0.75,0.1619,0.0,0.6781,0.9726
K00164,C0119,0.6667,0.4456,0.0,0.6807,0.8896
K00164,C0114,0.6667,0.3236,0.0,0.7511,0.9168
K00164,C0025,0.6667,0.6046,0.0,0.6489,0.9078
K00613,C0022,1.0,0.5559,0.0,0.7775,0.9187
K00613,C0072,1.0,0.4356,0.0,0.8629,0.8709
K00613,C0089,0.3333,0.9804,0.0,0.7211,0.9518
K00339,C0009,1.0,0.2631,1.0,0.8496,0.9565
K00339,C0090,1.0,0.2183,0.0,0.8194,0.9832
K00339,C0117,1.0,0.127,0.0,0.5952,0.9232
K00374,C0054,0.75,0.5085,0.0,0.8936,0.761
K00374,C0020,0.25,0.13,0.0,0.8537,0.9127
K00374,C0036,0.25,0.2395,0.0,0.8163,0.8967
K00022,C0108,0.8333,0.3852,0.0,0.5149,0.9071
K00022,C0110,0.8333,0.6702,0.0,0.6858,0.8892
K00022,C0042,0.0,0.072,0.0,0.915,0.9676
K00335,C0119,1.0,0.4456,0.0,0.6955,0.9416
K00335,C0090,1.0,0.556,0.0,0.8636,0.9033
K00335,C0117,1.0,0.4618,0.0,0.655,0.892
K00166,C0054,0.8333,0.5377,0.0,0.8524,0.9576
K00166,C0036,0.8333,0.5764,0.0,0.7867,0.8555
K00166,C0012,0.8333,0.6014,0.0,0.7103,0.904
K00087,C0111,1.0,0.652,0.0,0.7833,0.8686
K00087,C0088,0.6667,0.5845,0.0,0.743,0.9126
K00087,C0027,0.6667,0.3074,0.0,0.6654,0.8645
K00601,C0103,1.0,0.8055,0.0,0.8438,0.9045
K00601,C0045,0.3333,0.3148,1.0,0.8707,0.9106
K00601,C0028,0.8333,0.735,1.0,0.9275,0.8719
K00427,C0103,1.0,0.7432,0.0,0.7849,0.8784
K00427,C0007,1.0,0.6328,0.0,0.6007,0.789
K00427,C0032,0.5,0.1988,0.0,0.7019,0.9696
K00037,C0006,1.0,0.6363,0.0,0.5825,0.923
K00037,C0101,1.0,0.719,0.0,0.6863,0.9443
K00037,C0012,1.0,0.6397,0.0,0.5959,0.716
K00438,C0052,1.0,0.4897,0.0,0.8872,0.9404
K00438,C0004,1.0,0.4518,0.0,0.9532,0.9163
K00438,C0019,1.0,0.6336,0.0,0.7732,0.9385
K00259,C0006,1.0,0.6363,0.0,0.6389,0.9697
K00259,C0082,1.0,0.5546,0.0,0.8458,0.8961
K00259,C0116,1.0,0.4451,0.0,0.6845,0.9295
K00453,C0114,0.6667,0.1733,0.0,0.8,0.9507
K00453,C0031,0.6667,0.2498,0.0,0.7281,0.8196
K00453,C0084,0.6667,0.3213,0.0,0.9017,0.8301
K00496,C0006,0.8333,0.6363,0.0,0.6747,0.9444
K00496,C0101,0.8333,0.719,0.0,0.9077,0.9
K00496,C0012,0.8333,0.6397,0.0,0.8274,0.7122
K00276,C0022,1.0,0.1985,0.0,0.7152,0.974
K00276,C0054,1.0,0.146,0.0,0.879,0.9758
K00276,C0049,0.75,0.2147,0.0,0.6143,0.8929
K00470,C0078,1.0,0.6291,0.0,0.7977,0.99
K00470,C0045,1.0,0.7126,0.0,0.884,0.9682
K00470,C0002,1.0,0.622,0.0,0.787,0.942
K00415,C0007,1.0,0.6328,0.0,0.5863,0.9842
K00415,C0039,1.0,0.2408,0.0,0.6435,0.9461
K00415,C0094,1.0,0.2578,0.0,0.6048,0.9497
K00143,C0006,0.875,0.6363,1.0,0.7349,0.9548
K00143,C0073,0.875,0.4327,0.0,0.9468,0.8988
K00143,C0094,0.875,0.2578,0.0,0.8493,0.8788
K00563,C0060,1.0,0.5578,0.0,0.753,0.8292
K00563,C0004,1.0,0.4518,0.0,0.6889,0.7304
K00563,C0068,1.0,0.6102,0.0,0.4504,0.6925
K00033,C0054,0.75,0.5085,0.0,0.7474,0.8781
K00033,C0097,0.5,0.2048,0.0,0.8267,0.9817
K00033,C0024,0.5,0.2487,0.0,0.9261,0.981
K00121,C0081,1.0,0.6106,0.0,0.7764,0.9203
K00121,C0013,1.0,0.7336,0.0,0.8924,0.8734
K00121,C0002,1.0,0.6233,0.0,0.8788,0.8532
K00403,C0081,1.0,0.6106,0.0,0.6461,0.8136
K00403,C0013,1.0,0.7336,0.0,0.6292,0.7317
K00403,C0031,1.0,0.1852,0.0,0.7724,0.9217
K00306,C0094,1.0,0.2578,0.0,0.7003,0.6794
K00306,C0039,1.0,0.2408,0.0,0.7853,0.6381
K00306,C0004,0.5,0.2343,0.0,0.8562,0.9294
K00170,C0087,0.8333,0.5538,0.0,0.6064,0.896
K00170,C0066,0.8333,0.5472,0.0,0.7168,0.8544
K00170,C0017,0.8333,0.3955,0.0,0.7785,0.8213
K00244,C0081,1.0,0.6119,0.0,0.7869,0.9721
K00244,C0002,1.0,0.622,1.0,0.5126,0.9272
K00244,C0013,1.0,0.8026,0.0,0.7204,0.7736
K00561,C0004,0.6667,0.4518,0.0,0.8501,0.9805
K00561,C0060,0.8333,0.5578,0.0,0.6397,0.9199
K00561,C0068,0.6667,0.6102,1.0,0.7785,0.8897
K00199,C0009,1.0,0.6638,0.0,0.7777,0.9774
K00199,C0090,1.0,0.556,0.0,0.8136,0.9742
K00199,C0007,1.0,0.6102,0.0,0.705,0.8954
K00368,C0054,0.75,0.5085,0.0,0.6857,0.9442
K00368,C0100,0.5,0.3374,0.0,0.7354,0.9634
K00368,C0109,0.5,0.418,0.0,0.8535,0.9541
K00582,C0042,1.0,0.1769,0.0,0.8095,0.8362
K00582,C0119,1.0,0.4171,0.0,0.81,0.838
K00582,C0117,1.0,0.1306,0.0,0.699,0.9622
K00550,C0054,0.75,0.5085,0.0,0.6884,0.9543
K00550,C0075,0.75,0.8681,0.0,0.7278,0.9145
K00550,C0015,0.75,0.581,0.0,0.7747,0.8952
K00246,C0052,1.0,0.2043,0.0,0.878,0.9347
K00246,C0067,0.75,0.1851,0.0,0.7857,0.9638
K00246,C0106,0.75,0.3706,0.0,0.8706,0.9269
K00012,C0048,1.0,0.5787,0.0,0.8703,0.9587
K00012,C0087,1.0,0.6218,0.0,0.6535,0.954
K00012,C0091,1.0,0.7874,0.0,0.5934,0.9847
K00457,C0032,1.0,0.7354,0.0,0.7141,0.9139
K00457,C0007,0.3333,0.5627,0.0,0.7938,0.9242
K00457,C0048,0.3333,0.4966,0.0,0.9201,0.8909
K00358,C0072,1.0,0.4356,0.0,0.8203,0.8875
K00358,C0022,1.0,0.5559,0.0,0.8648,0.7708
K00358,C0067,1.0,0.5637,0.0,0.8829,0.9793
K00312,C0076,0.875,0.9584,0.0,0.7398,0.9609
K00312,C0092,0.75,0.48,0.0,0.7162,0.925
K00312,C0048,0.75,0.4966,0.0,0.8323,0.8917
K00007,C0006,1.0,0.6843,0.0,0.6161,0.9583
K00007,C0094,1.0,0.3064,0.0,0.7003,0.8577
K00007,C0073,1.0,0.4377,0.0,0.7472,0.8812
K00429,C0060,1.0,0.5578,0.0,0.7225,0.8
K00429,C0004,1.0,0.4518,0.0,0.9031,0.6905
K00429,C0068,1.0,0.6102,0.0,0.773,0.6622
K00235,C0032,0.75,0.7354,0.0,0.6937,0.9641
K00235,C0076,0.75,0.9584,0.0,0.7343,0.9121
K00235,C0095,0.75,0.743,0.0,0.8466,0.9839
K00446,C0070,0.5,0.4244,0.0,0.5143,0.9411
K00446,C0032,0.8333,0.7354,1.0,0.6637,0.8744
K00446,C0037,0.5,0.6155,0.0,0.4437,0.9119
K00553,C0027,1.0,0.3254,0.0,0.7332,0.9836
K00553,C0055,1.0,0.5709,0.0,0.8108,0.8631
K00553,C0117,1.0,0.4618,0.0,0.6268,0.9217
K00449,C0054,0.5,0.5377,0.0,0.8728,0.9412
K00449,C0052,1.0,0.2114,0.0,0.8131,0.9392
K00449,C0067,0.6667,0.1265,0.0,0.8121,0.9339
K00196,C0004,1.0,0.5342,0.0,0.8227,0.8479
K00196,C0060,1.0,0.6895,0.0,0.8305,0.7676
K00196,C0068,1.0,0.676,0.0,0.7694,0.7932
K00005,C0007,1.0,0.6328,0.0,0.8368,0.8958
K00005,C0114,1.0,0.2468,0.0,0.8314,0.976
K00005,C0042,0.75,0.1488,0.0,0.7557,0.9436
K00630,C0052,1.0,0.4897,0.0,0.6674,0.8
K00630,C0060,1.0,0.5578,1.0,0.6326,0.7504
K00630,C0022,1.0,0.5559,0.0,0.6487,0.6257
K00455,C0094,1.0,0.2578,0.0,0.6455,0.9245
K00455,C0039,1.0,0.2408,0.0,0.6751,0.8788
K00455,C0019,1.0,0.2609,0.0,0.7889,0.9553
K00282,C0027,0.75,0.3074,0.0,0.789,0.9553
K00282,C0090,0.75,0.4987,0.0,0.8292,0.8096
K00282,C0025,1.0,0.3868,0.0,0.6371,0.8977
K00409,C0101,1.0,0.5686,0.0,0.7196,0.8183
K00409,C0006,1.0,0.6445,0.0,0.8057,0.7917
K00409,C0012,1.0,0.6014,0.0,0.6292,0.6049
K00256,C0036,0.3333,0.2065,0.0,0.6701,0.9068
K00256,C0088,0.3333,0.2292,0.0,0.6772,0.8978
K00256,C0035,0.6667,0.7568,0.0,0.4579,0.8462
K00528,C0024,1.0,0.7644,0.0,0.8662,0.9647
K00528,C0097,0.75,0.6437,0.0,0.6654,0.8924
K00528,C0006,0.75,0.6445,1.0,0.7417,0.9143
K00360,C0114,0.875,0.1733,0.0,0.8512,0.8296
K00360,C0031,0.875,0.2498,0.0,0.8442,0.7271
K00360,C0084,0.875,0.3213,0.0,0.553,0.9107
K00424,C0007,1.0,0.6102,1.0,0.8022,0.7167
K00424,C0114,1.0,0.3236,0.0,0.8269,0.8249
K00424,C0055,0.75,0.5709,0.0,0.7582,0.9259
K00302,C0101,0.75,0.6266,0.0,0.6403,0.8986
K00302,C0006,0.75,0.6843,0.0,0.7788,0.8729
K00302,C0088,0.75,0.5845,0.0,0.7372,0.6397
K00606,C0007,1.0,0.5627,0.0,0.8937,0.8791
K00606,C0103,1.0,0.8055,0.0,0.7765,0.8901
K00606,C0032,0.3333,0.7354,0.0,0.6827,0.9741
K00636,C0097,1.0,0.2276,0.0,0.8407,0.8555
K00636,C0054,1.0,0.146,0.0,0.5848,0.7715
K00636,C0006,1.0,0.3022,0.0,0.6635,0.8787
K00474,C0116,1.0,0.4339,0.0,0.7452,0.9463
K00474,C0032,0.5,0.6018,0.0,0.6936,0.9842
K00474,C0016,0.75,0.1915,0.0,0.7302,0.9524
K00178,C0032,1.0,0.6018,0.0,0.8196,0.9197
K00178,C0095,1.0,0.7331,0.0,0.7659,0.8415
K00178,C0076,1.0,0.8752,0.0,0.7248,0.7911
K00147,C0032,1.0,0.6018,1.0,0.6364,0.9479
K00147,C0093,0.75,0.6502,0.0,0.5706,0.981
K00147,C0027,0.75,0.3074,1.0,0.6804,0.9817
K00202,C0073,0.8333,0.4377,0.0,0.7134,0.8835
K00202,C0107,0.8333,0.4681,1.0,0.8586,0.9463
K00202,C0006,0.8333,0.6843,1.0,0.912,0.9125
K00231,C0058,1.0,0.8854,0.0,0.6068,0.9065
K00231,C0060,1.0,0.6895,0.0,0.7206,0.8223
K00231,C0025,1.0,0.5468,0.0,0.8039,0.9288
K00030,C0032,1.0,0.6018,0.0,0.5622,0.9009
K00030,C0095,1.0,0.7331,0.0,0.8854,0.9077
K00030,C0076,1.0,0.8752,0.0,0.9029,0.9285
K00461,C0027,1.0,0.3074,0.0,0.8275,0.9577
K00461,C0090,1.0,0.4987,0.0,0.7886,0.8776
K00461,C0009,1.0,0.761,0.0,0.6837,0.7809
K00154,C0119,0.8333,0.4453,0.0,0.5913,0.929
K00154,C0114,0.8333,0.1733,0.0,0.6575,0.9654
K00154,C0025,0.8333,0.5468,0.0,0.7997,0.9223
K00390,C0085,0.6667,0.3839,1.0,0.6926,0.938
K00390,C0045,0.6667,0.236,0.0,0.8046,0.921
K00390,C0082,1.0,0.1868,0.0,0.8301,0.9493
K00060,C0004,0.875,0.4518,0.0,0.915,0.9948
K00060,C0008,0.625,0.5669,1.0,0.9143,0.9253
K00060,C0106,0.625,0.813,0.0,0.7769,0.909
K00216,C0020,0.875,0.2874,0.0,0.9149,0.9197
K00216,C0016,0.125,0.2477,0.0,0.7498,0.9786
K00216,C0083,0.125,0.1575,0.0,0.7426,0.9884
K00165,C0097,0.8333,0.6437,0.0,0.7386,0.8777
K00165,C0101,0.8333,0.5686,0.0,0.6561,0.9431
K00165,C0020,0.8333,0.2874,0.0,0.7472,0.8674
K00011,C0027,1.0,0.2245,1.0,0.7996,0.9668
K00011,C0090,1.0,0.1063,0.0,0.7592,0.9371
K00011,C0054,0.6667,0.5377,0.0,0.739,0.9467
K00123,C0032,0.875,0.7354,0.0,0.7642,0.9254
K00123,C0095,0.875,0.743,0.0,0.6243,0.9772
K00123,C0076,0.875,0.9584,0.0,0.5832,0.9621
K00362,C0005,0.8333,0.5118,0.0,0.7912,0.9594
K00362,C0015,0.8333,0.581,0.0,0.814,0.9085
K00362,C0054,0.8333,0.5085,0.0,0.8131,0.8626
K00333,C0089,0.8333,0.9804,0.0,0.7883,0.9679
K00333,C0034,0.8333,0.6993,1.0,0.7132,0.8925
K00333,C0106,0.8333,0.813,0.0,0.912,0.9039
K00502,C0060,0.8333,0.6895,0.0,0.7251,0.8626
K00502,C0004,0.8333,0.5342,0.0,0.8544,0.6658
K00502,C0034,0.6667,0.2406,0.0,0.8603,0.9072
K00274,C0095,0.75,0.7331,0.0,0.8001,0.9144
K00274,C0032,0.75,0.6018,0.0,0.703,0.9562
K00274,C0076,0.75,0.8752,0.0,0.7511,0.9243
K00425,C0081,1.0,0.6106,0.0,0.7362,0.9306
K00425,C0002,1.0,0.6233,1.0,0.9232,0.9106
K00425,C0013,1.0,0.7336,0.0,0.7752,0.74
K00100,C0060,1.0,0.5958,1.0,0.7167,0.9319
K00100,C0094,1.0,0.3064,0.0,0.6461,0.9833
K00100,C0052,1.0,0.5104,0.0,0.7484,0.8275
K00377,C0091,1.0,0.7874,0.0,0.88,0.7939
K00377,C0042,1.0,0.1769,0.0,0.7686,0.8396
K00377,C0087,1.0,0.6218,1.0,0.7792,0.8167
K00015,C0006,1.0,0.6445,1.0,0.8422,0.7785
K00015,C0101,1.0,0.5686,1.0,0.7282,0.6374
K00015,C0012,1.0,0.6014,0.0,0.6657,0.6321
K00600,C0006,1.0,0.6445,0.0,0.8567,0.9188
K00600,C0088,1.0,0.5919,0.0,0.7275,0.9015
K00600,C0071,1.0,0.2298,0.0,0.7761,0.8781
K00382,C0112,1.0,0.34,0.0,0.707,0.9708
K00382,C0046,1.0,0.4495,0.0,0.7141,0.9519
K00382,C0080,1.0,0.2679,0.0,0.6681,0.9869
K00250,C0060,0.75,0.6895,1.0,0.7609,0.9496
K00250,C0058,0.75,0.8854,0.0,0.6761,0.985
K00250,C0025,0.75,0.5468,0.0,0.6911,0.966
K00236,C0008,0.0,0.2141,0.0,0.9279,0.9755
K00236,C0060,0.75,0.2255,0.0,0.8023,0.9326
K00236,C0106,0.0,0.3847,0.0,0.7954,0.948
K00240,C0073,1.0,0.4377,0.0,0.8618,0.9429
K00240,C0082,1.0,0.5063,0.0,0.8646,0.8331
K00240,C0107,1.0,0.4681,0.0,0.806,0.9512
K00605,C0060,0.875,0.6895,0.0,0.6435,0.8877
K00605,C0004,0.875,0.5342,0.0,0.6717,0.7642
K00605,C0068,0.875,0.676,0.0,0.7534,0.6866
K00607,C0009,1.0,0.2631,0.0,0.7458,0.9458
K00607,C0038,1.0,0.02,0.0,0.6651,0.8833
K00607,C0117,1.0,0.127,0.0,0.6954,0.8915
K00332,C0020,0.5,0.2874,0.0,0.8378,0.9496
K00332,C0054,1.0,0.5377,0.0,0.8136,0.968
K00332,C0036,0.5,0.5764,1.0,0.8051,0.8653
K00522,C0034,1.0,0.8531,0.0,0.6685,0.9513
K00522,C0072,1.0,0.4228,0.0,0.6525,0.7375
K00522,C0042,0.25,0.1769,1.0,0.803,0.926
K00056,C0042,1.0,0.1769,0.0,0.8637,0.9445
K00056,C0087,1.0,0.6218,0.0,0.7519,0.9052
K00056,C0048,1.0,0.5787,0.0,0.7488,0.8896
K00526,C0054,0.875,0.5377,0.0,0.5314,0.9475
K00526,C0071,0.875,0.2298,1.0,0.8357,0.9865
K00526,C0006,0.875,0.6445,1.0,0.6101,0.948
K00351,C0119,1.0,0.4171,0.0,0.5766,0.918
K00351,C0042,1.0,0.1769,1.0,0.6994,0.8184
K00351,C0091,0.5,0.7874,0.0,0.7134,0.9476
K00206,C0119,1.0,0.4453,0.0,0.6863,0.9679
K00206,C0025,1.0,0.5468,0.0,0.7232,0.9052
K00206,C0114,1.0,0.1733,0.0,0.8694,0.9126
K00485,C0021,0.8333,0.4724,0.0,0.4801,0.8776
K00485,C0018,0.8333,0.3264,0.0,0.6139,0.8725
K00485,C0032,1.0,0.6018,0.0,0.6566,0.8901
K00317,C0005,0.75,0.5118,0.0,0.8841,0.9868
K00317,C0054,0.75,0.5085,0.0,0.6715,0.9279
K00317,C0109,0.75,0.418,0.0,0.7594,0.8825
K00646,C0013,1.0,0.7336,0.0,0.7695,0.9587
K00646,C0081,1.0,0.6106,0.0,0.6804,0.9106
K00646,C0002,1.0,0.6233,0.0,0.5814,0.936
K00041,C0018,1.0,0.3264,0.0,0.5033,0.9598
K00041,C0082,1.0,0.5063,0.0,0.6666,0.917
K00041,C0040,1.0,0.6094,0.0,0.6694,0.8659
K00532,C0027,1.0,0.3254,1.0,0.6961,0.9357
K00532,C0009,1.0,0.6638,0.0,0.787,0.8386
K00532,C0090,1.0,0.556,0.0,0.9205,0.906
K00632,C0039,1.0,0.2504,0.0,0.7392,0.7657
K00632,C0094,1.0,0.3683,0.0,0.7606,0.7224
K00632,C0004,0.75,0.4518,0.0,0.8793,0.9741
K00173,C0031,0.75,0.2498,0.0,0.7124,0.8242
K00173,C0114,0.75,0.1733,0.0,0.7203,0.8222
K00173,C0084,1.0,0.3213,0.0,0.7217,0.6755
K00047,C0114,1.0,0.2468,0.0,0.732,0.9254
K00047,C0007,1.0,0.6328,0.0,0.6304,0.759
K00047,C0027,0.75,0.0971,0.0,0.8804,0.9899
K00506,C0017,0.6667,0.3955,0.0,0.8872,0.8894
K00506,C0119,0.6667,0.4453,0.0,0.608,0.8405
K00506,C0087,0.6667,0.5538,0.0,0.7346,0.9464
K00456,C0095,1.0,0.7331,0.0,0.8382,0.9398
K00456,C0032,1.0,0.6018,0.0,0.7317,0.9437
K00456,C0076,1.0,0.8752,0.0,0.904,0.9498
K00592,C0031,1.0,0.3135,0.0,0.8526,0.976
K00592,C0078,1.0,0.6291,0.0,0.7552,0.9857
K00592,C0045,1.0,0.7126,0.0,0.827,0.976
K00183,C0108,0.6667,0.3852,0.0,0.6907,0.8798
K00183,C0019,0.8333,0.2771,0.0,0.5659,0.9505
K00183,C0110,0.6667,0.6702,0.0,0.5686,0.8315
K00190,C0022,1.0,0.6116,0.0,0.8462,0.7562
K00190,C0072,1.0,0.5483,0.0,0.684,0.7438
K00190,C0060,0.5,0.2595,0.0,0.6183,0.9086
K00176,C0013,0.8333,0.3138,0.0,0.8533,0.9776
K00176,C0065,0.6667,0.1409,0.0,0.7964,0.9656
K00176,C0048,0.6667,0.2234,0.0,0.7768,0.9172
K00463,C0013,1.0,0.7336,0.0,0.7727,0.874
K00463,C0031,1.0,0.1852,0.0,0.7291,0.8005
K00463,C0081,1.0,0.6106,0.0,0.7211,0.8336
K00546,C0004,0.75,0.4518,0.0,0.9679,0.9891
K00546,C0028,0.25,0.3571,1.0,0.9407,0.9726
K00546,C0037,0.25,0.2943,0.0,0.6539,0.9559
K00598,C0054,1.0,0.5377,0.0,0.6905,0.97
K00598,C0006,1.0,0.6445,1.0,0.6652,0.9318
K00598,C0097,1.0,0.6437,0.0,0.7387,0.9093
K00511,C0091,1.0,0.7874,0.0,0.5181,0.9911
K00511,C0048,1.0,0.5787,1.0,0.9251,0.9822
K00511,C0065,1.0,0.3575,1.0,0.78,0.9635
K00187,C0119,0.6667,0.4171,0.0,0.6457,0.9948
K00187,C0031,0.6667,0.1852,0.0,0.8673,0.8727
K00187,C0017,0.6667,0.4955,0.0,0.9214,0.9432
K00042,C0006,1.0,0.6843,1.0,0.7266,0.9396
K00042,C0088,1.0,0.5845,1.0,0.5974,0.9157
K00042,C0071,1.0,0.4341,1.0,0.8424,0.9172
K00569,C0019,1.0,0.6336,0.0,0.6611,0.9047
K00569,C0089,1.0,0.9804,0.0,0.7826,0.957
K00569,C0067,1.0,0.5637,0.0,0.8793,0.9012
K00444,C0032,0.0,0.303,1.0,0.8418,0.9877
K00444,C0089,1.0,0.9804,0.0,0.7171,0.9656
K00444,C0070,0.0,0.1273,0.0,0.7093,0.9047
K00348,C0114,1.0,0.3236,0.0,0.8103,0.9753
K00348,C0007,1.0,0.6102,0.0,0.7308,0.7599
K00348,C0045,1.0,0.2068,0.0,0.8352,0.9286
K00086,C0089,0.75,0.9804,0.0,0.8069,0.8977
K00086,C0032,0.25,0.303,0.0,0.7857,0.8982
K00086,C0008,0.75,0.5669,0.0,0.8489,0.8749
K00134,C0103,1.0,0.8055,0.0,0.7584,0.9109
K00134,C0007,1.0,0.5627,0.0,0.6104,0.7968
K00134,C0048,0.75,0.4966,0.0,0.8229,0.9723
K00070,C0027,0.8333,0.3074,0.0,0.6188,0.947
K00070,C0064,0.8333,0.4449,1.0,0.7952,0.9457
K00070,C0011,0.8333,0.5341,0.0,0.7795,0.9299
K00529,C0082,1.0,0.5546,0.0,0.5943,0.9393
K00529,C0101,1.0,0.719,1.0,0.466,0.9499
K00529,C0063,1.0,0.5504,0.0,0.6834,0.8169
K00307,C0093,0.75,0.6502,0.0,0.8447,0.9555
K00307,C0052,0.75,0.5104,0.0,0.8185,0.9404
K00307,C0053,0.75,0.6641,0.0,0.7939,0.9141
K00626,C0060,0.5,0.5958,0.0,0.6702,0.9724
K00626,C0093,0.5,0.6502,0.0,0.7209,0.946
K00626,C0053,0.5,0.6641,0.0,0.6259,0.9471
K00135,C0034,1.0,0.8531,0.0,0.8382,0.9114
K00135,C0072,1.0,0.4228,0.0,0.7406,0.9314
K00135,C0091,0.3333,0.7874,0.0,0.4832,0.946
K00462,C0108,0.8333,0.3852,0.0,0.7423,0.9371
K00462,C0119,0.8333,0.1426,0.0,0.7124,0.9318
K00462,C0051,0.3333,0.3111,0.0,0.8572,0.8708
K00385,C0060,0.75,0.5958,0.0,0.5913,0.9106
K00385,C0052,0.75,0.5104,0.0,0.734,0.7704
K00385,C0094,0.75,0.3064,0.0,0.5971,0.8487
K00253,C0094,1.0,0.3683,0.0,0.703,0.7968
K00253,C0039,1.0,0.2504,0.0,0.7276,0.7236
K00253,C0004,0.8333,0.4518,0.0,0.7805,0.9565
K00399,C0052,1.0,0.5104,0.0,0.8354,0.9203
K00399,C0111,0.75,0.652,0.0,0.7187,0.944
K00399,C0011,0.75,0.5341,0.0,0.7856,0.9638
K00595,C0094,1.0,0.2578,0.0,0.8313,0.9246
K00595,C0039,1.0,0.2408,0.0,0.6677,0.8783
K00595,C0078,0.6667,0.6291,1.0,0.756,0.9878
K00459,C0067,0.0,0.5637,0.0,0.7195,0.965
K00459,C0052,1.0,0.4897,0.0,0.834,0.8631
K00459,C0106,0.0,0.813,0.0,0.6734,0.8123
K00298,C0007,1.0,0.6328,0.0,0.8112,0.9374
K00298,C0114,1.0,0.2468,0.0,0.7221,0.8909
K00298,C0042,0.6667,0.1488,0.0,0.8581,0.9873
K00538,C0039,1.0,0.2408,0.0,0.5305,0.843
K00538,C0094,1.0,0.2578,0.0,0.7561,0.6409
K00538,C0052,0.5,0.1828,0.0,0.8104,0.9456
K00433,C0114,1.0,0.2468,1.0,0.8399,0.8206
K00433,C0084,1.0,0.4192,0.0,0.7465,0.8096
K00433,C0031,1.0,0.3135,0.0,0.8142,0.6484
K00124,C0103,1.0,0.7432,0.0,0.7013,0.9063
K00124,C0007,1.0,0.6328,0.0,0.5809,0.7721
K00124,C0033,0.5,0.2507,0.0,0.6196,0.8788
K00094,C0039,1.0,0.2408,1.0,0.5216,0.887
K00094,C0052,0.6667,0.1828,0.0,0.6623,0.9645
K00094,C0120,1.0,0.2787,1.0,0.5628,0.9679
K00344,C0054,1.0,0.5377,0.0,0.7389,0.9176
K00344,C0020,0.5,0.2874,0.0,0.861,0.9447
K00344,C0088,0.8333,0.5919,0.0,0.6925,0.953
K00447,C0020,0.5,0.2874,0.0,0.714,0.9527
K00447,C0043,0.5,0.2417,0.0,0.7,0.9649
K00447,C0054,1.0,0.5377,0.0,0.7326,0.9121
K00104,C0042,1.0,0.1769,1.0,0.4108,0.9404
K00104,C0091,1.0,0.7874,0.0,0.5517,0.9849
K00104,C0043,1.0,0.5586,0.0,0.5216,0.9791
K00204,C0104,0.8333,0.5871,1.0,0.7145,0.9658
K00204,C0111,0.8333,0.652,0.0,0.7412,0.9124
K00204,C0032,0.8333,0.6018,0.0,0.8894,0.9376
K00189,C0007,1.0,0.5627,0.0,0.5439,0.9781
K00189,C0032,0.75,0.7354,0.0,0.6406,0.9229
K00189,C0048,0.75,0.4966,0.0,0.6793,0.8824
K00208,C0009,0.75,0.6638,0.0,0.699,0.8311
K00208,C0090,0.75,0.556,0.0,0.8841,0.8502
K00208,C0027,0.75,0.3254,0.0,0.6082,0.7412
K00203,C0019,1.0,0.5798,0.0,0.7263,0.9662
K00203,C0005,1.0,0.2341,0.0,0.7289,0.978
K00203,C0018,1.0,0.1186,0.0,0.7505,0.9813
K00549,C0054,1.0,0.4997,0.0,0.5659,0.878
K00549,C0049,1.0,0.642,0.0,0.8541,0.9259
K00549,C0072,1.0,0.5483,0.0,0.5677,0.9232
K00241,C0116,1.0,0.3323,0.0,0.8453,0.897
K00241,C0052,0.5,0.2053,0.0,0.8302,0.9579
K00241,C0046,0.5,0.8995,0.0,0.7953,0.9706
K00518,C0004,0.75,0.4518,0.0,0.8858,0.8049
K00518,C0060,1.0,0.5578,0.0,0.6231,0.6919
K00518,C0068,0.75,0.6102,0.0,0.7619,0.7724
K00163,C0051,1.0,0.6798,1.0,0.681,0.7487
K00163,C0119,1.0,0.4456,0.0,0.7149,0.7824
K00163,C0027,1.0,0.3254,1.0,0.789,0.9095
K00594,C0007,1.0,0.6328,1.0,0.7052,0.8834
K00594,C0103,1.0,0.7432,1.0,0.7396,0.9318
K00594,C0037,0.5,0.1961,0.0,0.6187,0.9885
K00106,C0033,1.0,0.2507,0.0,0.7391,0.9106
K00106,C0056,1.0,0.567,1.0,0.7151,0.9226
K00106,C0059,1.0,0.6274,0.0,0.7362,0.9692
K00136,C0031,0.75,0.3135,0.0,0.7452,0.8539
K00136,C0114,0.75,0.2468,0.0,0.9131,0.8836
K00136,C0045,0.75,0.7126,0.0,0.7307,0.911
K00156,C0089,1.0,0.9804,0.0,0.7425,0.9699
K00156,C0052,1.0,0.4897,0.0,0.9339,0.952
K00156,C0106,1.0,0.813,0.0,0.7509,0.9417
K00410,C0119,1.0,0.4171,0.0,0.7305,0.907
K00410,C0016,1.0,0.6363,0.0,0.8045,0.9321
K00410,C0083,1.0,0.3713,0.0,0.8087,0.8629
K00388,C0054,1.0,0.4997,0.0,0.7156,0.871
K00388,C0049,1.0,0.642,0.0,0.6414,0.8157
K00388,C0022,1.0,0.6116,0.0,0.7704,0.7606
K00567,C0045,0.75,0.7126,0.0,0.8779,0.8438
K00567,C0112,0.75,0.39,0.0,0.8063,0.7128
K00567,C0120,0.5,0.2787,0.0,0.7771,0.959
K00120,C0045,1.0,0.7126,0.0,0.9222,0.8795
K00120,C0085,1.0,0.7735,0.0,0.7289,0.9512
K00120,C0006,1.0,0.6363,0.0,0.8631,0.9646
K00378,C0071,1.0,0.4341,0.0,0.8051,0.7704
K00378,C0088,1.0,0.5845,0.0,0.6627,0.8714
K00378,C0006,1.0,0.6843,0.0,0.5794,0.7758
K00599,C0032,0.75,0.7354,0.0,0.6141,0.9718
K00599,C0037,0.75,0.6155,0.0,0.7751,0.9524
K00599,C0055,0.75,0.6411,0.0,0.681,0.934
K00489,C0042,1.0,0.1769,0.0,0.7611,0.8437
K00489,C0119,1.0,0.4171,0.0,0.5547,0.8119
K00489,C0066,0.25,0.4566,0.0,0.8324,0.9408
K00130,C0054,0.75,0.5085,0.0,0.8592,0.9804
K00130,C0100,0.25,0.3374,0.0,0.6506,0.951
K00130,C0071,0.5,0.1277,0.0,0.7776,0.9325
K00475,C0071,1.0,0.2298,0.0,0.7307,0.9
K00475,C0020,1.0,0.2874,0.0,0.8387,0.9347
K00475,C0036,1.0,0.5764,0.0,0.8423,0.9128
K00209,C0060,1.0,0.6895,0.0,0.7002,0.836
K00209,C0058,1.0,0.8854,0.0,0.6154,0.8921
K00209,C0040,1.0,0.6862,0.0,0.6433,0.8452
K00080,C0116,1.0,0.3323,0.0,0.7792,0.9973
K00080,C0064,0.75,0.1512,0.0,0.8773,0.9618
K00080,C0032,1.0,0.2994,0.0,0.8056,0.9655
K00118,C0052,0.875,0.5104,0.0,0.7529,0.92
K00118,C0093,0.875,0.6502,0.0,0.6339,0.9132
K00118,C0040,0.875,0.6094,0.0,0.6435,0.9174
K00572,C0007,1.0,0.6328,0.0,0.5933,0.9548
K00572,C0114,1.0,0.2468,0.0,0.7513,0.9549
K00572,C0033,1.0,0.2507,0.0,0.5699,0.9292
K00125,C0006,0.8333,0.6843,0.0,0.7201,0.9777
K00125,C0101,0.8333,0.6266,0.0,0.8016,0.9642
K00125,C0082,0.8333,0.5063,0.0,0.7463,0.8949
K00177,C0052,1.0,0.4897,0.0,0.8246,0.9644
K00177,C0089,1.0,0.9804,0.0,0.7884,0.8481
K00177,C0008,1.0,0.5669,1.0,0.9259,0.7917
K00419,C0042,1.0,0.2224,0.0,0.7664,0.9149
K00419,C0119,1.0,0.4456,0.0,0.7497,0.9333
K00419,C0043,0.0,0.2595,0.0,0.8454,0.984
K00338,C0009,1.0,0.6638,1.0,0.6524,0.9011
K00338,C0055,1.0,0.5709,1.0,0.7154,0.9679
K00338,C0117,1.0,0.4618,0.0,0.602,0.9874
K00596,C0004,1.0,0.2368,0.0,0.8759,0.9474
K00596,C0060,1.0,0.2525,0.0,0.7209,0.9405
K00596,C0032,0.0,0.7354,0.0,0.8049,0.9712
K00055,C0004,1.0,0.4518,0.0,0.8996,0.9448
K00055,C0045,0.25,0.236,0.0,0.8978,0.9619
K00055,C0060,1.0,0.5578,0.0,0.7238,0.9433
K00191,C0067,1.0,0.5524,0.0,0.6665,0.6911
K00191,C0004,1.0,0.2038,0.0,0.8516,0.9535
K00191,C0089,1.0,0.3079,0.0,0.716,0.8465
K00264,C0040,0.625,0.6862,0.0,0.854,0.8648
K00264,C0060,0.75,0.6895,0.0,0.6637,0.6963
K00264,C0058,0.625,0.8854,0.0,0.8143,0.8699
K00139,C0004,0.6667,0.5342,0.0,0.7934,0.9846
K00139,C0075,0.6667,0.8681,0.0,0.7074,0.9396
K00139,C0109,0.6667,0.418,0.0,0.7824,0.9675
K00641,C0038,0.3333,0.0555,0.0,0.7883,0.9907
K00641,C0007,1.0,0.1322,0.0,0.6288,0.9491
K00641,C0024,0.6667,0.7644,0.0,0.7282,0.8754
K00573,C0065,1.0,0.3575,0.0,0.6643,0.9535
K00573,C0048,1.0,0.5787,0.0,0.7741,0.9387
K00573,C0091,1.0,0.7874,0.0,0.8189,0.94
K00043,C0040,1.0,0.6094,0.0,0.6267,0.924
K00043,C0060,1.0,0.5958,0.0,0.6161,0.8129
K00043,C0058,1.0,0.8374,0.0,0.5313,0.9069
K00290,C0060,1.0,0.5578,0.0,0.8224,0.8881
K00290,C0052,1.0,0.4897,0.0,0.6828,0.9206
K00290,C0022,1.0,0.5559,0.0,0.5035,0.8806
K00038,C0008,1.0,0.2513,0.0,0.734,0.9345
K00038,C0004,1.0,0.0656,0.0,0.7747,0.8882
K00038,C0110,0.0,0.6702,0.0,0.7883,0.9684
K00149,C0007,1.0,0.6102,0.0,0.747,0.7548
K00149,C0114,1.0,0.3236,0.0,0.8486,0.9078
K00149,C0006,1.0,0.3088,0.0,0.752,0.9321
K00294,C0040,0.875,0.6862,0.0,0.6595,0.9221
K00294,C0060,0.875,0.6895,0.0,0.5564,0.8366
K00294,C0058,0.875,0.8854,0.0,0.4716,0.8309
K00469,C0093,0.8333,0.6502,0.0,0.6884,0.9189
K00469,C0053,0.8333,0.6641,0.0,0.5465,0.9429
K00469,C0060,0.8333,0.5958,0.0,0.5962,0.9138
K00057,C0007,1.0,0.6328,0.0,0.6235,0.8775
K00057,C0114,1.0,0.2468,0.0,0.7748,0.8472
K00057,C0055,0.5,0.2783,0.0,0.7084,0.9185
K00381,C0032,0.875,0.6018,0.0,0.6227,0.9228
K00381,C0076,0.875,0.8752,0.0,0.5918,0.9313
K00381,C0095,0.875,0.7331,0.0,0.6962,0.95
K00451,C0006,1.0,0.6363,1.0,0.8977,0.9412
K00451,C0101,1.0,0.719,1.0,0.6192,0.9266
K00451,C0084,1.0,0.4192,0.0,0.7068,0.9305
K00238,C0006,0.75,0.6843,0.0,0.7378,0.9808
K00238,C0101,0.75,0.6266,0.0,0.6648,0.8922
K00238,C0073,0.75,0.4377,0.0,0.6961,0.7562
K00036,C0006,1.0,0.6445,1.0,0.7598,0.8559
K00036,C0012,1.0,0.6014,0.0,0.8155,0.715
K00036,C0101,1.0,0.5686,0.0,0.7968,0.6789
K00071,C0054,0.875,0.5377,0.0,0.8728,0.8681
K00071,C0109,0.5,0.3128,0.0,0.7787,0.9832
K00071,C0066,0.5,0.2049,0.0,0.6749,0.9293
K00386,C0081,1.0,0.6119,0.0,0.7838,0.9218
K00386,C0006,1.0,0.6363,1.0,0.7819,0.9493
K00386,C0085,1.0,0.7735,0.0,0.6609,0.9703
K00346,C0081,1.0,0.6106,0.0,0.8892,0.8912
K00346,C0077,1.0,0.5528,1.0,0.8054,0.7911
K00346,C0002,1.0,0.6233,0.0,0.7397,0.875
K00048,C0054,0.8333,0.5085,0.0,0.7921,0.7745
K00048,C0060,0.8333,0.6895,1.0,0.8886,0.9205
K00048,C0004,0.5,0.5342,1.0,0.7066,0.9217
K00320,C0112,1.0,0.39,0.0,0.7388,0.9313
K00320,C0078,1.0,0.6291,0.0,0.8313,0.945
K00320,C0073,1.0,0.4327,0.0,0.6345,0.9673
K00224,C0048,0.75,0.4966,0.0,0.6998,0.9477
K00224,C0028,0.75,0.735,0.0,0.8432,0.8967
K00224,C0032,0.75,0.7354,0.0,0.8769,0.9034
K00527,C0019,1.0,0.5798,0.0,0.8056,0.9203
K00527,C0004,1.0,0.1639,0.0,0.6695,0.9873
K00527,C0030,0.75,0.189,0.0,0.8333,0.895
K00272,C0039,1.0,0.2504,0.0,0.8152,0.9363
K00272,C0094,1.0,0.3683,0.0,0.688,0.7926
K00272,C0033,0.3333,0.1183,0.0,0.7353,0.9594
K00621,C0087,0.8333,0.6218,0.0,0.8456,0.891
K00621,C0017,0.8333,0.4955,0.0,0.6813,0.8656
K00621,C0119,0.8333,0.4171,0.0,0.8379,0.8946
K00570,C0087,0.5,0.6218,0.0,0.7917,0.9948
K00570,C0053,0.6667,0.3802,0.0,0.6075,0.9045
K00570,C0009,1.0,0.3103,0.0,0.6455,0.9791
K00132,C0007,1.0,0.6102,0.0,0.6552,0.845
K00132,C0114,1.0,0.3236,1.0,0.7678,0.9427
K00132,C0033,0.5,0.085,0.0,0.6318,0.9469
K00222,C0054,1.0,0.5085,0.0,0.6845,0.9452
K00222,C0004,0.75,0.5342,0.0,0.8249,0.9302
K00222,C0109,0.75,0.418,0.0,0.661,0.944
K00117,C0004,1.0,0.4518,0.0,0.8372,0.9659
K00117,C0060,1.0,0.5578,0.0,0.7371,0.8956
K00117,C0008,1.0,0.5669,1.0,0.8778,0.9048
K00283,C0084,1.0,0.3213,0.0,0.6719,0.9719
K00283,C0031,1.0,0.2498,0.0,0.8208,0.9652
K00283,C0114,1.0,0.1733,0.0,0.6123,0.9296
K00266,C0031,0.5,0.3135,0.0,0.793,0.9207
K00266,C0084,0.5,0.4192,0.0,0.612,0.7527
K00266,C0005,0.5,0.2173,0.0,0.7437,0.9371
K00308,C0055,1.0,0.6411,0.0,0.7651,0.9235
K00308,C0092,1.0,0.48,0.0,0.8503,0.8783
K00308,C0108,1.0,0.3287,0.0,0.6859,0.8827
K00411,C0081,1.0,0.6119,0.0,0.7391,0.9517
K00411,C0002,1.0,0.622,0.0,0.7988,0.8405
K00411,C0031,1.0,0.3135,0.0,0.7462,0.8674
K00292,C0083,1.0,0.3713,0.0,0.6957,0.936
K00292,C0016,1.0,0.6363,0.0,0.8152,0.8993
K00292,C0046,1.0,0.8995,0.0,0.8473,0.8387
K00359,C0006,0.6667,0.6363,1.0,0.6885,0.9667
K00359,C0063,0.6667,0.5504,0.0,0.829,0.9299
K00359,C0101,0.6667,0.719,1.0,0.7888,0.9462
K00273,C0060,0.8333,0.5578,0.0,0.7659,0.8288
K00273,C0052,0.8333,0.4897,0.0,0.8119,0.9566
K00273,C0022,0.8333,0.5559,0.0,0.7978,0.7884
K00575,C0007,1.0,0.6102,0.0,0.6662,0.8505
K00575,C0059,0.5,0.2286,0.0,0.8943,0.9514
K00575,C0114,1.0,0.3236,0.0,0.71,0.836
K00363,C0053,0.75,0.6641,0.0,0.7077,0.9434
K00363,C0060,0.75,0.5958,0.0,0.7574,0.8985
K00363,C0032,1.0,0.6018,0.0,0.8414,0.9604
K00503,C0009,0.5,0.761,0.0,0.7209,0.9143
K00503,C0090,0.5,0.4987,0.0,0.7378,0.9574
K00503,C0027,0.5,0.3074,0.0,0.7456,0.8753
K00192,C0054,0.75,0.5377,0.0,0.7858,0.8784
K00192,C0087,0.5,0.2753,0.0,0.7651,0.9102
K00192,C0060,0.75,0.2255,0.0,0.8355,0.898
K00069,C0019,1.0,0.5798,0.0,0.6918,0.8766
K00069,C0004,1.0,0.1639,0.0,0.7588,0.9342
K00069,C0016,0.0,0.2778,0.0,0.6767,0.9234
K00466,C0006,0.75,0.6363,0.0,0.738,0.9877
K00466,C0101,0.75,0.719,0.0,0.7872,0.9222
K00466,C0012,0.75,0.6397,1.0,0.7164,0.7031
K00544,C0007,1.0,0.6102,0.0,0.5192,0.8439
K00544,C0114,1.0,0.3236,0.0,0.6772,0.9626
K00544,C0096,1.0,0.2015,0.0,0.7838,0.9861
K00365,C0018,0.75,0.3264,0.0,0.593,0.9163
K00365,C0040,0.75,0.6094,0.0,0.8571,0.8822
K00365,C0032,1.0,0.6018,0.0,0.5641,0.9148
K00021,C0055,0.5,0.1884,0.0,0.7855,0.9832
K00021,C0032,0.5,0.303,1.0,0.7316,0.9908
K00021,C0089,0.5,0.9804,0.0,0.7818,0.9544
K00265,C0024,1.0,0.7644,1.0,0.6508,0.7817
K00265,C0012,0.75,0.6014,0.0,0.5988,0.8948
K00265,C0112,0.5,0.1421,0.0,0.7646,0.8589
K00207,C0088,0.375,0.5919,0.0,0.6507,0.892
K00207,C0024,0.5,0.7644,0.0,0.8544,0.8783
K00207,C0034,0.625,0.2927,0.0,0.7575,0.9228
K00402,C0084,1.0,0.4192,0.0,0.7094,0.9549
K00402,C0031,1.0,0.3135,0.0,0.7418,0.8438
K00402,C0114,1.0,0.2468,0.0,0.7631,0.9614
K00019,C0049,0.5,0.642,0.0,0.7087,0.9591
K00019,C0054,1.0,0.4997,0.0,0.7558,0.9678
K00019,C0072,0.5,0.5483,0.0,0.7345,0.9357
K00193,C0045,1.0,0.7126,0.0,0.8284,0.97
K00193,C0033,1.0,0.2507,0.0,0.694,0.9712
K00193,C0096,1.0,0.3502,0.0,0.8487,0.9375
K00146,C0004,0.8333,0.4518,0.0,0.7451,0.9074
K00146,C0060,1.0,0.5578,0.0,0.8963,0.8079
K00146,C0068,0.8333,0.6102,0.0,0.7036,0.7637
K00494,C0039,1.0,0.2408,0.0,0.6672,0.8816
K00494,C0094,1.0,0.2578,0.0,0.7163,0.7624
K00494,C0035,0.6667,0.2707,0.0,0.6814,0.9767
K00568,C0055,1.0,0.5709,0.0,0.722,0.9769
K00568,C0108,1.0,0.3466,0.0,0.5971,0.9888
K00568,C0027,1.0,0.3254,0.0,0.7008,0.9399
K00261,C0022,1.0,0.5947,0.0,0.7747,0.9901
K00261,C0088,0.0,0.5845,0.0,0.8651,0.9469
K00261,C0064,0.0,0.4449,0.0,0.8027,0.9816
K00115,C0032,0.75,0.7354,0.0,0.774,0.9724
K00115,C0095,0.75,0.743,0.0,0.8304,0.9648
K00115,C0076,0.75,0.9584,0.0,0.853,0.9533
K00336,C0096,1.0,0.3502,0.0,0.8302,0.9342
K00336,C0006,1.0,0.6363,0.0,0.7675,0.993
K00336,C0081,1.0,0.6119,0.0,0.8773,0.8979
K00495,C0007,1.0,0.5627,0.0,0.6159,0.735
K00495,C0103,1.0,0.8055,0.0,0.7957,0.8363
K00495,C0070,0.625,0.4244,1.0,0.6285,0.9538
K00395,C0082,1.0,0.5546,0.0,0.7516,0.9031
K00395,C0006,1.0,0.6363,0.0,0.8479,0.9213
K00395,C0107,1.0,0.513,0.0,0.8541,0.8248
K00454,C0043,1.0,0.5586,0.0,0.65,0.997
K00454,C0091,1.0,0.7874,0.0,0.578,0.9797
K00454,C0081,1.0,0.6106,0.0,0.7679,0.9845
K00093,C0060,0.8333,0.6895,0.0,0.7124,0.8092
K00093,C0040,0.8333,0.6862,0.0,0.6347,0.706
K00093,C0025,0.8333,0.5468,0.0,0.7575,0.7505
K00330,C0109,0.6667,0.418,0.0,0.7069,0.9162
K00330,C0087,0.6667,0.5538,1.0,0.6808,0.9481
K00330,C0004,0.8333,0.5342,1.0,0.787,0.9483
K00643,C0110,1.0,0.6991,0.0,0.8851,0.9566
K00643,C0091,1.0,0.7874,0.0,0.5188,0.9408
K00643,C0016,1.0,0.6363,0.0,0.663,0.895
K00039,C0048,0.5,0.4966,0.0,0.8242,0.9627
K00039,C0087,0.6667,0.3218,0.0,0.6785,0.9751
K00039,C0028,0.5,0.735,0.0,0.859,0.9469
K00612,C0055,0.5,0.2287,0.0,0.8418,0.9822
K00612,C0088,0.3333,0.5919,0.0,0.8547,0.9242
K00612,C0032,0.8333,0.1594,0.0,0.7766,0.9274
K00407,C0055,1.0,0.1492,0.0,0.7859,0.9371
K00407,C0027,1.0,0.0776,1.0,0.7573,0.922
K00407,C0022,0.5,0.6116,0.0,0.8845,0.8798
K00167,C0038,1.0,0.1521,0.0,0.8696,0.9253
K00167,C0092,1.0,0.2595,0.0,0.8491,0.9304
K00167,C0055,1.0,0.5709,0.0,0.7047,0.8692
K00354,C0067,1.0,0.5524,0.0,0.669,0.8552
K00354,C0055,0.5,0.5709,0.0,0.9275,0.9355
K00354,C0009,0.5,0.6638,0.0,0.8729,0.885
K00650,C0060,1.0,0.6895,0.0,0.6154,0.9239
K00650,C0004,1.0,0.5342,0.0,0.8782,0.9338
K00650,C0068,1.0,0.676,0.0,0.7542,0.7054
K00418,C0007,1.0,0.6328,0.0,0.8148,0.8534
K00418,C0103,1.0,0.7432,0.0,0.8554,0.7765
K00418,C0048,0.125,0.3137,0.0,0.8991,0.9147
K00155,C0004,0.25,0.1828,1.0,0.9495,0.9539
K00155,C0060,0.875,0.2255,1.0,0.7597,0.9318
K00155,C0106,0.25,0.3847,1.0,0.7824,0.9853
K00640,C0034,1.0,0.8531,1.0,0.6842,0.7801
K00640,C0072,1.0,0.4228,1.0,0.7119,0.8931
K00640,C0110,1.0,0.6991,0.0,0.6927,0.9452
K00580,C0054,1.0,0.5085,0.0,0.696,0.9198
K00580,C0087,0.8333,0.5538,1.0,0.6397,0.9557
K00580,C0005,0.8333,0.5118,0.0,0.9238,0.9185
K00270,C0048,0.875,0.5787,1.0,0.8549,0.9727
K00270,C0110,0.875,0.6991,0.0,0.7001,0.8748
K00270,C0091,0.375,0.7874,0.0,0.4737,0.9649
K00396,C0039,1.0,0.2504,0.0,0.7045,0.8223
K00396,C0094,1.0,0.3683,0.0,0.6455,0.8664
K00396,C0004,1.0,0.4518,0.0,0.8492,0.9678
K00484,C0007,1.0,0.6102,1.0,0.5067,0.9052
K00484,C0114,1.0,0.3236,0.0,0.6083,0.9494
K00484,C0078,1.0,0.2638,0.0,0.5683,0.9824
K00175,C0060,1.0,0.5958,0.0,0.8206,0.8649
K00175,C0022,1.0,0.5947,1.0,0.7167,0.7905
K00175,C0052,1.0,0.5104,0.0,0.8554,0.9539
K00287,C0107,1.0,0.4681,0.0,0.675,0.8857
K00287,C0073,1.0,0.4377,0.0,0.6568,0.8816
K00287,C0006,1.0,0.6843,0.0,0.7381,0.8282
K00431,C0022,1.0,0.5947,1.0,0.776,0.9019
K00431,C0011,0.25,0.5341,0.0,0.8299,0.9409
K00431,C0021,0.25,0.4724,1.0,0.6412,0.9055
K00181,C0007,1.0,0.6328,0.0,0.7643,0.9057
K00181,C0103,1.0,0.7432,0.0,0.8783,0.9188
K00181,C0048,0.0,0.3137,0.0,0.9421,0.9833
K00122,C0016,1.0,0.6363,0.0,0.9308,0.9374
K00122,C0046,1.0,0.8995,0.0,0.8956,0.9518
K00122,C0002,1.0,0.6233,0.0,0.6022,0.9226
K00623,C0040,1.0,0.6094,0.0,0.6703,0.9753
K00623,C0006,1.0,0.6843,0.0,0.6987,0.9708
K00623,C0032,0.8333,0.6018,0.0,0.9313,0.8458
K00174,C0068,0.5,0.2216,0.0,0.6145,0.9136
K00174,C0004,0.5,0.1828,0.0,0.8098,0.946
K00174,C0054,0.75,0.5377,0.0,0.5297,0.9566
K00637,C0087,0.75,0.5538,0.0,0.6453,0.8581
K00637,C0017,0.75,0.3955,0.0,0.8875,0.9585
K00637,C0109,0.75,0.418,0.0,0.7238,0.8331
K00370,C0042,1.0,0.1769,0.0,0.8657,0.9549
K00370,C0119,1.0,0.4171,0.0,0.791,0.9384
K00370,C0048,0.6667,0.5787,0.0,0.8672,0.9201
K00483,C0033,1.0,0.2507,0.0,0.5594,0.9674
K00483,C0059,1.0,0.6274,0.0,0.9484,0.9443
K00483,C0081,1.0,0.6119,0.0,0.7056,0.935
K00313,C0006,1.0,0.3022,1.0,0.6584,0.9589
K00313,C0053,0.75,0.2446,0.0,0.5463,0.8821
K00313,C0025,1.0,0.2206,0.0,0.7186,0.9785
K00355,C0055,1.0,0.5709,0.0,0.9233,0.9285
K00355,C0027,1.0,0.3254,0.0,0.901,0.9248
K00355,C0038,1.0,0.1521,0.0,0.6445,0.8843
K00505,C0022,1.0,0.5559,0.0,0.8106,0.8398
K00505,C0072,1.0,0.4356,0.0,0.622,0.9018
K00505,C0067,1.0,0.5637,0.0,0.7151,0.9764
K00023,C0067,1.0,0.5637,0.0,0.6661,0.9433
K00023,C0004,1.0,0.4518,0.0,0.7822,0.8951
K00023,C0106,1.0,0.813,0.0,0.7409,0.9916
K00622,C0016,0.8333,0.6363,0.0,0.8082,0.926
K00622,C0002,0.8333,0.6233,0.0,0.7424,0.9229
K00622,C0048,0.8333,0.5787,0.0,0.8491,0.9298
K00587,C0040,0.6667,0.6094,0.0,0.6901,0.8452
K00587,C0060,0.8333,0.5958,1.0,0.792,0.8171
K00587,C0025,0.6667,0.3868,0.0,0.7388,0.8911
K00464,C0067,0.625,0.5637,0.0,0.7998,0.9683
K00464,C0032,0.375,0.303,0.0,0.6689,0.9903
K00464,C0048,0.375,0.2209,0.0,0.7766,0.9587
K00651,C0019,1.0,0.5798,0.0,0.8153,0.7913
K00651,C0004,1.0,0.1639,1.0,0.8974,0.8601
K00651,C0030,0.3333,0.189,0.0,0.7104,0.9319
K00577,C0077,1.0,0.5911,0.0,0.7774,0.9732
K00577,C0059,1.0,0.6274,0.0,0.7138,0.9109
K00577,C0107,1.0,0.513,0.0,0.8421,0.909
K00278,C0032,1.0,0.6018,0.0,0.7917,0.8781
K00278,C0095,1.0,0.7331,0.0,0.6971,0.924
K00278,C0076,1.0,0.8752,0.0,0.656,0.9903
K00391,C0004,0.8333,0.5342,0.0,0.8653,0.9366
K00391,C0109,0.6667,0.418,0.0,0.864,0.8316
K00391,C0015,0.6667,0.581,0.0,0.8299,0.9344
K00430,C0027,1.0,0.3254,0.0,0.7282,0.9757
K00430,C0071,0.25,0.1312,0.0,0.7453,0.9731
K00430,C0088,0.25,0.3774,0.0,0.6906,0.924
K00510,C0033,1.0,0.2507,1.0,0.9114,0.9504
K00510,C0081,1.0,0.6119,0.0,0.8679,0.9342
K00510,C0002,1.0,0.622,0.0,0.7914,0.9287
K00198,C0020,1.0,0.2874,0.0,0.8948,0.9401
K00198,C0097,1.0,0.6437,0.0,0.8487,0.8812
K00198,C0006,1.0,0.6445,1.0,0.8372,0.8991
K00593,C0004,0.75,0.5342,0.0,0.7483,0.9105
K00593,C0054,0.625,0.5085,0.0,0.7241,0.9769
K00593,C0015,0.625,0.581,0.0,0.6923,0.965
K00314,C0004,1.0,0.4518,0.0,0.9091,0.8996
K00314,C0068,1.0,0.6102,0.0,0.6763,0.8827
K00314,C0035,1.0,0.7568,0.0,0.6186,0.7847
K00074,C0040,0.5,0.6094,0.0,0.7284,0.9063
K00074,C0060,0.75,0.5958,1.0,0.6517,0.7182
K00074,C0025,0.5,0.3868,0.0,0.8513,0.8121
K00609,C0022,1.0,0.5559,0.0,0.8374,0.7816
K00609,C0072,1.0,0.4356,0.0,0.7924,0.9425
K00609,C0054,0.6667,0.2124,0.0,0.7906,0.9363
K00088,C0004,1.0,0.4518,0.0,0.6849,0.7879
K00088,C0068,1.0,0.6102,0.0,0.7974,0.7346
K00088,C0060,1.0,0.5578,0.0,0.7177,0.8563
K00413,C0108,1.0,0.3466,0.0,0.622,0.8765
K00413,C0055,1.0,0.5709,0.0,0.8084,0.8941
K00413,C0007,1.0,0.6102,1.0,0.8443,0.8373
K00472,C0119,0.8333,0.4453,0.0,0.5813,0.7243
K00472,C0025,0.8333,0.5468,0.0,0.8281,0.8844
K00472,C0114,0.8333,0.1733,0.0,0.7676,0.9108
K00210,C0006,1.0,0.6363,0.0,0.749,0.9614
K00210,C0012,1.0,0.6397,0.0,0.7756,0.8437
K00210,C0101,1.0,0.719,0.0,0.893,0.9322
K00647,C0063,0.8333,0.5504,0.0,0.8127,0.9062
K00647,C0107,0.8333,0.513,0.0,0.8094,0.7985
K00647,C0082,0.8333,0.5546,0.0,0.8126,0.9196
K00635,C0110,0.0,0.6702,0.0,0.7855,0.9182
K00635,C0035,1.0,0.2334,0.0,0.7533,0.8724
K00635,C0034,1.0,0.3451,0.0,0.777,0.9423
K00032,C0039,1.0,0.2504,0.0,0.6878,0.9859
K00032,C0094,1.0,0.3683,0.0,0.8154,0.7752
K00032,C0002,0.0,0.2328,0.0,0.6483,0.9828
K00232,C0054,0.75,0.5377,0.0,0.5769,0.9688
K00232,C0119,0.25,0.0916,0.0,0.9147,0.9882
K00232,C0109,0.0,0.3128,0.0,0.8455,0.9362
K00541,C0006,0.8333,0.6843,0.0,0.7096,0.9755
K00541,C0082,0.8333,0.5063,0.0,0.7357,0.9502
K00541,C0107,0.8333,0.4681,0.0,0.7465,0.7591
K00479,C0012,1.0,0.2456,0.0,0.7701,0.9328
K00479,C0035,0.0,0.7568,0.0,0.8314,0.8615
K00479,C0097,1.0,0.3383,0.0,0.7229,0.7928
K00225,C0071,0.5,0.1004,0.0,0.8767,0.9393
K00225,C0002,0.75,0.6233,0.0,0.7433,0.9615
K00225,C0097,0.5,0.2698,0.0,0.8428,0.9498
K00277,C0110,0.8333,0.7183,0.0,0.8679,0.9125
K00277,C0048,0.8333,0.4966,0.0,0.8606,0.8125
K00277,C0043,0.5,0.2929,0.0,0.8111,0.9256
K00513,C0006,1.0,0.6843,0.0,0.6893,0.9082
K00513,C0032,1.0,0.6018,0.0,0.688,0.894
K00513,C0064,1.0,0.4449,0.0,0.7227,0.8215
K00342,C0119,0.8333,0.4453,0.0,0.6473,0.9232
K00342,C0087,0.8333,0.5538,0.0,0.682,0.8487
K00342,C0031,0.8333,0.2498,0.0,0.748,0.9578
K00437,C0110,0.75,0.2489,0.0,0.6088,0.9654
K00437,C0095,1.0,0.3696,0.0,0.7336,0.9751
K00437,C0028,0.75,0.38,0.0,0.6437,0.9259
K00618,C0004,1.0,0.4518,0.0,0.7366,0.8811
K00618,C0008,1.0,0.5669,0.0,0.7621,0.9867
K00618,C0035,1.0,0.7568,0.0,0.6988,0.9824
K00440,C0071,0.875,0.0568,0.0,0.9079,0.962
K00440,C0110,0.625,0.6702,0.0,0.7463,0.896
K00440,C0054,1.0,0.146,0.0,0.6455,0.947
K00113,C0084,0.75,0.4192,0.0,0.7284,0.9211
K00113,C0114,0.75,0.2468,1.0,0.8796,0.8671
K00113,C0031,0.75,0.3135,0.0,0.6646,0.8715
K00262,C0022,1.0,0.5559,0.0,0.7291,0.9687
K00262,C0052,1.0,0.4897,0.0,0.9084,0.8849
K00262,C0094,1.0,0.3683,0.0,0.7389,0.8412
K00097,C0032,0.6667,0.7354,0.0,0.8662,0.8511
K00097,C0095,0.6667,0.743,0.0,0.7687,0.905
K00097,C0076,0.6667,0.9584,1.0,0.6644,0.8376
K00096,C0022,1.0,0.5947,0.0,0.9143,0.879
K00096,C0107,0.3333,0.4681,0.0,0.9663,0.9874
K00096,C0102,0.3333,0.7671,0.0,0.7518,0.9341
K00034,C0022,0.8333,0.5559,1.0,0.7896,0.7761
K00034,C0094,0.8333,0.3683,0.0,0.7739,0.8871
K00034,C0052,0.8333,0.4897,0.0,0.7503,0.8889
K00384,C0110,0.75,0.6702,0.0,0.6396,0.8944
K00384,C0108,0.75,0.3852,0.0,0.6893,0.9193
K00384,C0028,0.0,0.2443,0.0,0.6745,0.987
K00150,C0107,0.8333,0.513,0.0,0.8305,0.9507
K00150,C0006,0.8333,0.6363,0.0,0.8937,0.8875
K00150,C0073,0.8333,0.4327,0.0,0.7761,0.8815
K00157,C0006,1.0,0.6363,0.0,0.9123,0.9502
K00157,C0107,1.0,0.513,0.0,0.8492,0.9478
K00157,C0101,1.0,0.719,0.0,0.627,0.8872
K00477,C0055,0.75,0.5709,0.0,0.856,0.8534
K00477,C0092,0.75,0.2595,0.0,0.7339,0.8334
K00477,C0007,1.0,0.6102,0.0,0.8947,0.9465
K00257,C0006,1.0,0.6843,1.0,0.6677,0.94
K00257,C0101,1.0,0.6266,1.0,0.963,0.9983
K00257,C0107,1.0,0.4681,0.0,0.7617,0.75
K00091,C0090,1.0,0.556,0.0,0.674,0.9618
K00091,C0119,1.0,0.4456,0.0,0.6028,0.923
K00091,C0009,1.0,0.6638,1.0,0.5691,0.9295
K00578,C0027,0.875,0.3254,0.0,0.824,0.9507
K00578,C0117,0.5,0.4618,0.0,0.9309,0.9195
K00578,C0071,0.375,0.1312,0.0,0.7086,0.9367
K00406,C0087,0.75,0.5538,1.0,0.5898,0.9259
K00406,C0100,0.75,0.3374,0.0,0.7811,0.9046
K00406,C0119,0.75,0.4453,0.0,0.6275,0.9418
K00248,C0071,1.0,0.2298,0.0,0.9428,0.9268
K00248,C0006,1.0,0.6445,0.0,0.8237,0.9612
K00248,C0097,1.0,0.6437,0.0,0.9155,0.9313
K00548,C0006,0.5,0.3534,1.0,0.7281,0.9871
K00548,C0105,0.5,0.9176,1.0,0.8065,0.9091
K00548,C0054,0.5,0.2124,0.0,0.7892,0.9302
K00218,C0067,1.0,0.5637,0.0,0.5758,0.9393
K00218,C0119,0.3333,0.1805,0.0,0.4733,0.9733
K00218,C0117,0.3333,0.1342,0.0,0.7036,0.992
K00296,C0033,1.0,0.2507,1.0,0.8299,0.9916
K00296,C0116,1.0,0.4451,0.0,0.8563,0.94
K00296,C0056,1.0,0.567,0.0,0.7895,0.9573
K00633,C0002,1.0,0.622,0.0,0.6814,0.9151
K00633,C0033,1.0,0.2507,0.0,0.5624,0.8772
K00633,C0120,1.0,0.2787,0.0,0.8462,0.9337
K00648,C0097,0.875,0.6437,0.0,0.8429,0.9509
K00648,C0071,0.875,0.2298,0.0,0.8565,0.8374
K00648,C0006,0.875,0.6445,0.0,0.7901,0.9379
K00082,C0013,1.0,0.8026,0.0,0.8902,0.9468
K00082,C0056,1.0,0.567,0.0,0.7645,0.9844
K00082,C0078,1.0,0.6291,0.0,0.8673,0.9185
K00376,C0008,1.0,0.5669,0.0,0.8737,0.9355
K00376,C0105,1.0,0.9176,0.0,0.7861,0.8543
K00376,C0052,1.0,0.4897,0.0,0.8917,0.9114
K00063,C0071,0.0,0.2298,0.0,0.8852,0.9232
K00063,C0008,1.0,0.2141,0.0,0.8689,0.8886
K00063,C0097,0.0,0.6437,0.0,0.9161,0.9827
K00631,C0052,0.875,0.5104,0.0,0.8343,0.9381
K00631,C0022,0.875,0.5947,0.0,0.7793,0.7511
K00631,C0060,0.875,0.5958,0.0,0.8278,0.9025
K00044,C0094,1.0,0.3683,0.0,0.5376,0.6824
K00044,C0039,1.0,0.2504,0.0,0.8616,0.7758
K00044,C0056,0.3333,0.1943,0.0,0.907,0.9511
K00652,C0032,0.875,0.2432,0.0,0.9075,0.8582
K00652,C0101,0.875,0.1768,0.0,0.9164,0.9384
K00652,C0053,0.75,0.2759,0.0,0.7739,0.8429
K00488,C0049,1.0,0.642,0.0,0.7298,0.8559
K00488,C0022,1.0,0.6116,0.0,0.8294,0.8378
K00488,C0054,1.0,0.4997,0.0,0.5373,0.9049
K00545,C0027,0.8333,0.3254,0.0,0.7599,0.8846
K00545,C0090,0.8333,0.556,0.0,0.8751,0.6502
K00545,C0009,0.8333,0.6638,0.0,0.9173,0.5239
K00077,C0032,0.0,0.7354,0.0,0.7215,0.9369
K00077,C0048,0.0,0.4966,0.0,0.7955,0.951
K00077,C0008,1.0,0.14,1.0,0.82,0.9005
K00300,C0031,0.6667,0.3135,0.0,0.8121,0.9054
K00300,C0114,0.6667,0.2468,0.0,0.8334,0.8743
K00300,C0084,0.6667,0.4192,0.0,0.7918,0.9029
K00281,C0116,1.0,0.4451,0.0,0.7986,0.8933
K00281,C0107,1.0,0.513,0.0,0.872,0.9048
K00281,C0073,1.0,0.4327,0.0,0.79,0.8681
K00075,C0094,0.5,0.2578,0.0,0.6223,0.7653
K00075,C0101,0.5,0.719,0.0,0.6884,0.7957
K00075,C0082,0.5,0.5546,0.0,0.7386,0.9277
K00534,C0052,0.8333,0.4897,0.0,0.9278,0.9797
K00534,C0022,0.8333,0.5559,1.0,0.8749,0.8407
K00534,C0094,0.8333,0.3683,0.0,0.8017,0.7501
K00379,C0040,0.8333,0.6094,0.0,0.835,0.8613
K00379,C0009,0.8333,0.761,0.0,0.7839,0.8746
K00379,C0090,0.8333,0.4987,0.0,0.8303,0.8668
K00286,C0022,1.0,0.6116,0.0,0.749,0.8011
K00286,C0032,0.0,0.2201,0.0,0.6424,0.8996
K00286,C0040,0.0,0.176,0.0,0.8022,0.9724
K00284,C0110,1.0,0.7183,0.0,0.9466,0.9458
K00284,C0032,1.0,0.7354,0.0,0.7531,0.8961
K00284,C0048,1.0,0.4966,0.0,0.7918,0.9034
K00426,C0119,1.0,0.4456,0.0,0.633,0.9877
K00426,C0042,1.0,0.2224,0.0,0.7727,0.9687
K00426,C0087,0.5,0.2311,0.0,0.6714,0.9771
K00629,C0012,0.8333,0.6014,0.0,0.6507,0.8281
K00629,C0006,0.8333,0.6445,0.0,0.7669,0.9713
K00629,C0101,0.8333,0.5686,0.0,0.7154,0.9067
K00380,C0103,1.0,0.7432,0.0,0.6804,0.9879
K00380,C0120,1.0,0.2787,0.0,0.756,0.9164
K00380,C0033,1.0,0.2507,0.0,0.4773,0.8638
K00542,C0110,0.5,0.2278,0.0,0.9129,0.9427
K00542,C0008,0.5,0.5669,0.0,0.8256,0.9507
K00542,C0103,0.5,0.2533,0.0,0.8979,0.9136
K00417,C0114,1.0,0.3236,0.0,0.776,0.8925
K00417,C0007,1.0,0.6102,0.0,0.7438,0.7434
K00417,C0085,1.0,0.3673,0.0,0.7677,0.9447
K00142,C0083,1.0,0.3713,0.0,0.8003,0.8828
K00142,C0043,1.0,0.5586,0.0,0.6727,0.9144
K00142,C0091,1.0,0.7874,0.0,0.7475,0.9047
K00293,C0058,0.8333,0.8374,0.0,0.4325,0.8183
K00293,C0040,0.8333,0.6094,0.0,0.6866,0.752
K00293,C0084,0.8333,0.3056,0.0,0.747,0.7389
K00141,C0119,1.0,0.4453,0.0,0.4982,0.8962
K00141,C0114,1.0,0.1733,0.0,0.7412,0.9052
K00141,C0025,1.0,0.5468,0.0,0.9077,0.8869
K00530,C0027,1.0,0.3254,1.0,0.7379,0.8428
K00530,C0117,1.0,0.4618,0.0,0.7945,0.8336
K00530,C0119,1.0,0.4456,0.0,0.7264,0.8842
K00002,C0024,0.75,0.7065,0.0,0.93,0.8911
K00002,C0079,0.5,0.7034,1.0,0.8204,0.785
K00002,C0111,0.75,0.6158,0.0,0.7772,0.7854
K00516,C0032,1.0,0.6018,0.0,0.7346,0.8819
K00516,C0095,1.0,0.7331,0.0,0.8296,0.888
K00516,C0076,1.0,0.8752,0.0,0.7252,0.8161
K00138,C0111,0.75,0.6158,0.0,0.863,0.9557
K00138,C0045,0.5,0.635,0.0,0.8827,0.9255
K00138,C0079,0.5,0.7034,0.0,0.7822,0.8669
K00103,C0119,1.0,0.4171,0.0,0.6464,0.9423
K00103,C0042,1.0,0.1769,0.0,0.7948,0.8766
K00103,C0110,0.5,0.6991,0.0,0.9302,0.9714
K00243,C0101,0.8333,0.719,0.0,0.8917,0.808
K00243,C0006,0.8333,0.6363,1.0,0.7504,0.9075
K00243,C0012,0.8333,0.6397,0.0,0.7986,0.4682
K00482,C0007,1.0,0.5627,0.0,0.7994,0.8694
K00482,C0055,0.8333,0.6411,0.0,0.7212,0.8508
K00482,C0108,0.8333,0.3287,0.0,0.7394,0.8398
K00221,C0113,0.6667,0.646,0.0,0.454,0.9141
K00221,C0027,0.6667,0.3074,0.0,0.7288,0.9237
K00221,C0104,0.6667,0.5871,0.0,0.7318,0.955
K00062,C0045,1.0,0.7126,0.0,0.7767,0.9501
K00062,C0078,1.0,0.6291,0.0,0.7442,0.9682
K00062,C0082,1.0,0.5546,0.0,0.694,0.9307
K00072,C0088,0.6667,0.5845,0.0,0.6354,0.9792
K00072,C0104,0.6667,0.5871,0.0,0.679,0.966
K00072,C0022,0.6667,0.5947,0.0,0.8048,0.9285
K00061,C0007,1.0,0.6328,0.0,0.87,0.8266
K00061,C0114,1.0,0.2468,0.0,0.7598,0.878
K00061,C0082,0.75,0.5546,0.0,0.7819,0.9173
K00644,C0097,0.8333,0.6437,0.0,0.7564,0.9353
K00644,C0101,0.8333,0.5686,0.0,0.8389,0.8976
K00644,C0024,1.0,0.7644,0.0,0.8065,0.9808
K00608,C0082,0.875,0.5546,0.0,0.6414,0.9353
K00608,C0101,0.875,0.719,0.0,0.5517,0.9212
K00608,C0063,0.875,0.5504,0.0,0.7406,0.8667
K00049,C0082,1.0,0.5546,0.0,0.75,0.9144
K00049,C0101,1.0,0.719,0.0,0.7537,0.9202
K00049,C0006,1.0,0.6363,0.0,0.813,0.9775
K00603,C0009,0.75,0.6638,0.0,0.7357,0.9147
K00603,C0090,0.75,0.556,0.0,0.8406,0.9032
K00603,C0027,0.75,0.3254,0.0,0.7256,0.7522
K00327,C0084,0.875,0.4192,0.0,0.6331,0.9294
K00327,C0031,0.875,0.3135,0.0,0.9002,0.9771
K00327,C0114,0.875,0.2468,0.0,0.8702,0.8699
K00375,C0110,0.3333,0.7183,0.0,0.8148,0.944
K00375,C0036,0.6667,0.1876,0.0,0.8625,0.9786
K00375,C0032,1.0,0.7354,0.0,0.845,0.917
K00322,C0117,1.0,0.4618,0.0,0.8215,0.9671
K00322,C0027,1.0,0.3254,0.0,0.867,0.9332
K00322,C0119,1.0,0.4456,0.0,0.7554,0.9902
K00182,C0078,1.0,0.6291,0.0,0.6469,0.9519
K00182,C0082,1.0,0.5546,0.0,0.8193,0.9703
K00182,C0033,1.0,0.2507,0.0,0.7527,0.9524
K00064,C0040,0.875,0.6862,0.0,0.672,0.8407
K00064,C0058,0.875,0.8854,1.0,0.4725,0.7877
K00064,C0084,0.875,0.3213,0.0,0.7372,0.8797
K00361,C0114,1.0,0.2468,0.0,0.7139,0.964
K00361,C0007,1.0,0.6328,0.0,0.7131,0.8581
K00361,C0033,0.5,0.2507,0.0,0.6897,0.938
K00161,C0093,0.8333,0.6502,0.0,0.8137,0.9622
K00161,C0101,0.8333,0.6266,0.0,0.7886,0.9708
K00161,C0095,1.0,0.7331,0.0,0.7759,0.9624
K00571,C0022,1.0,0.6116,0.0,0.8479,0.8029
K00571,C0058,0.5,0.2828,0.0,0.5961,0.9918
K00571,C0053,0.25,0.2663,0.0,0.7165,0.9602
K00559,C0078,1.0,0.6291,0.0,0.9353,0.9646
K00559,C0096,1.0,0.3502,0.0,0.8354,0.9562
K00559,C0002,1.0,0.622,0.0,0.7867,0.9128
K00205,C0051,1.0,0.6798,1.0,0.6284,0.9557
K00205,C0055,1.0,0.5709,1.0,0.7905,0.9359
K00205,C0042,1.0,0.2224,0.0,0.7998,0.8978
K00017,C0058,1.0,0.8854,1.0,0.5961,0.794
K00017,C0040,1.0,0.6862,0.0,0.5971,0.7718
K00017,C0025,1.0,0.5468,0.0,0.7111,0.8451
K00310,C0107,1.0,0.513,1.0,0.8359,0.9696
K00310,C0056,1.0,0.567,1.0,0.7216,0.877
K00310,C0078,1.0,0.6291,1.0,0.8307,0.9639
K00051,C0058,0.75,0.8374,0.0,0.6745,0.9018
K00051,C0040,0.75,0.6094,0.0,0.7788,0.8432
K00051,C0060,0.875,0.5958,0.0,0.6615,0.9058
K00318,C0095,0.8333,0.7331,1.0,0.7827,0.9586
K00318,C0032,0.8333,0.6018,0.0,0.7419,0.8975
K00318,C0076,0.8333,0.8752,0.0,0.7337,0.8984
K00586,C0058,0.5,0.8374,0.0,0.8368,0.9691
K00586,C0076,1.0,0.8752,0.0,0.5894,0.9585
K00586,C0027,0.5,0.3074,0.0,0.7882,0.9346
K00083,C0070,0.6667,0.1282,0.0,0.7405,0.9518
K00083,C0097,0.0,0.6437,0.0,0.9643,0.9659
K00083,C0048,0.6667,0.2234,0.0,0.8376,0.9453
K00581,C0056,1.0,0.567,0.0,0.6447,0.9666
K00581,C0002,1.0,0.622,0.0,0.6639,0.9673
K00581,C0059,1.0,0.6274,0.0,0.7643,0.9017
K00584,C0048,0.8333,0.5787,0.0,0.5817,0.9659
K00584,C0110,0.8333,0.6991,0.0,0.6225,0.906
K00584,C0002,0.5,0.6233,0.0,0.4675,0.9692
K00214,C0097,0.625,0.6437,0.0,0.781,0.9877
K00214,C0054,0.875,0.5377,0.0,0.5251,0.9146
K00214,C0019,0.25,0.1989,0.0,0.6921,0.8436
K00556,C0071,0.6667,0.4341,0.0,0.8866,0.9624
K00556,C0101,0.8333,0.6266,0.0,0.8458,0.8725
K00556,C0006,0.8333,0.6843,0.0,0.7962,0.9797
K00434,C0110,1.0,0.6991,0.0,0.7375,0.963
K00434,C0081,1.0,0.6106,0.0,0.8078,0.9607
K00434,C0042,1.0,0.1769,0.0,0.7438,0.9767
K00639,C0090,1.0,0.556,0.0,0.6732,0.9189
K00639,C0009,1.0,0.6638,0.0,0.6563,0.8964
K00639,C0027,1.0,0.3254,0.0,0.7621,0.849
K00085,C0024,1.0,0.7644,1.0,0.615,0.7908
K00085,C0036,1.0,0.5764,1.0,0.6601,0.9808
K00085,C0112,0.6667,0.1421,0.0,0.7265,0.8976
K00109,C0084,0.75,0.4192,0.0,0.7354,0.8302
K00109,C0114,0.75,0.2468,0.0,0.7713,0.8418
K00109,C0031,0.75,0.3135,0.0,0.8664,0.6916
K00285,C0101,1.0,0.719,0.0,0.9128,0.8388
K00285,C0006,1.0,0.6363,0.0,0.6656,0.9442
K00285,C0012,1.0,0.6397,0.0,0.8183,0.4964
K00239,C0027,0.75,0.3074,1.0,0.6985,0.7808
K00239,C0090,0.75,0.4987,0.0,0.904,0.6861
K00239,C0009,0.75,0.761,1.0,0.7893,0.6282
K00195,C0097,0.5,0.6437,0.0,0.8927,0.9664
K00195,C0052,0.8333,0.2114,0.0,0.7881,0.9474
K00195,C0067,0.3333,0.1265,0.0,0.8003,0.8996
K00555,C0101,0.75,0.6266,1.0,0.6317,0.9581
K00555,C0116,1.0,0.4339,0.0,0.8511,0.9
K00555,C0073,0.75,0.4377,0.0,0.6836,0.9057
K00356,C0052,0.8333,0.5104,0.0,0.7985,0.8776
K00356,C0064,0.6667,0.4449,0.0,0.8291,0.8444
K00356,C0032,0.8333,0.6018,0.0,0.6732,0.8869
K00242,C0054,0.75,0.5377,0.0,0.6879,0.9337
K00242,C0097,0.75,0.6437,0.0,0.9375,0.8431
K00242,C0071,0.75,0.2298,0.0,0.9719,0.9581
K00423,C0039,1.0,0.2504,0.0,0.6269,0.9126
K00423,C0094,1.0,0.3683,0.0,0.8588,0.6261
K00423,C0120,0.375,0.1379,0.0,0.6324,0.9632
K00560,C0052,0.75,0.5104,0.0,0.7309,0.9586
K00560,C0064,0.75,0.4449,1.0,0.7902,0.9449
K00560,C0032,1.0,0.6018,0.0,0.6777,0.9586
K00009,C0116,1.0,0.4451,0.0,0.6066,0.8979
K00009,C0107,0.8333,0.513,0.0,0.6345,0.8607
K00009,C0073,0.8333,0.4327,0.0,0.8466,0.7299
K00013,C0040,1.0,0.6862,0.0,0.6725,0.9745
K00013,C0058,1.0,0.8854,0.0,0.5694,0.7728
K00013,C0025,1.0,0.5468,0.0,0.4426,0.8169
K00642,C0052,1.0,0.4897,0.0,0.8379,0.9365
K00642,C0022,1.0,0.5559,0.0,0.838,0.8002
K00642,C0060,1.0,0.5578,0.0,0.6952,0.8825
K00152,C0048,0.75,0.4966,0.0,0.8114,0.9298
K00152,C0028,0.75,0.735,0.0,0.6843,0.9695
K00152,C0070,0.75,0.4244,0.0,0.6961,0.9826
K00653,C0081,0.75,0.311,0.0,0.7683,0.956
K00653,C0091,0.5,0.2613,0.0,0.5684,0.9191
K00653,C0099,0.5,0.171,0.0,0.8667,0.9539
K00372,C0016,1.0,0.6363,0.0,0.8274,0.9225
K00372,C0083,1.0,0.3713,0.0,0.7545,0.9251
K00372,C0091,1.0,0.7874,0.0,0.6845,0.9939
K00188,C0060,1.0,0.5958,0.0,0.5931,0.9602
K00188,C0058,1.0,0.8374,1.0,0.744,0.8401
K00188,C0025,1.0,0.3868,0.0,0.764,0.8706
K00076,C0022,1.0,0.5559,1.0,0.7243,0.9339
K00076,C0052,1.0,0.4897,0.0,0.8055,0.8493
K00076,C0094,1.0,0.3683,0.0,0.9702,0.7545
K00014,C0052,1.0,0.4897,0.0,0.7588,0.9711
K00014,C0019,1.0,0.6336,0.0,0.6853,0.934
K00014,C0022,1.0,0.5559,0.0,0.6001,0.9208
K00054,C0031,0.8333,0.2498,0.0,0.7146,0.9515
K00054,C0114,0.8333,0.1733,0.0,0.7425,0.9191
K00054,C0084,0.8333,0.3213,0.0,0.8185,0.8534
K00280,C0038,1.0,0.1521,0.0,0.8221,0.9417
K00280,C0090,1.0,0.556,0.0,0.8079,0.9539
K00280,C0007,1.0,0.6102,0.0,0.5606,0.9404
K00329,C0112,0.5,0.34,0.0,0.8624,0.8428
K00329,C0079,0.5,0.7034,1.0,0.8202,0.7565
K00329,C0045,0.5,0.635,0.0,0.7423,0.7598
K00583,C0004,1.0,0.4518,0.0,0.8308,0.9071
K00583,C0105,1.0,0.9176,0.0,0.6275,0.9535
K00583,C0022,1.0,0.5559,0.0,0.7645,0.8581
K00073,C0075,0.6667,0.8681,0.0,0.7138,0.9616
K00073,C0015,0.6667,0.581,0.0,0.779,0.9192
K00073,C0109,0.6667,0.418,0.0,0.9053,0.9181
K00619,C0027,1.0,0.3254,0.0,0.5933,0.9418
K00619,C0055,1.0,0.5709,0.0,0.5651,0.9294
K00619,C0042,1.0,0.2224,0.0,0.526,0.8891
K00090,C0007,1.0,0.6102,0.0,0.7227,0.9472
K00090,C0055,1.0,0.5709,0.0,0.8594,0.9256
K00090,C0108,1.0,0.3466,0.0,0.6839,0.898
K00597,C0089,1.0,0.9804,0.0,0.6602,0.9183
K00597,C0004,1.0,0.4518,1.0,0.767,0.9291
K00597,C0052,1.0,0.4897,0.0,0.7736,0.8998
K00405,C0037,0.75,0.6155,0.0,0.82,0.9803
K00405,C0032,0.75,0.7354,0.0,0.664,0.9771
K00405,C0007,1.0,0.5627,0.0,0.6745,0.9289
K00102,C0081,1.0,0.6106,0.0,0.8097,0.8802
K00102,C0002,1.0,0.6233,1.0,0.7794,0.8118
K00102,C0077,1.0,0.5528,0.0,0.7116,0.654
K00081,C0039,1.0,0.2504,0.0,0.6411,0.7666
K00081,C0094,1.0,0.3683,0.0,0.8156,0.8621
K00081,C0033,0.5,0.1183,1.0,0.8915,0.9416
K00324,C0027,0.75,0.3074,0.0,0.7829,0.9689
K00324,C0032,1.0,0.6018,0.0,0.8034,0.9724
K00324,C0052,0.75,0.5104,0.0,0.9046,0.9517
K00271,C0004,1.0,0.4518,0.0,0.7716,0.9676
K00271,C0030,1.0,0.6724,0.0,0.7727,0.9362
K00271,C0008,1.0,0.5669,0.0,0.731,0.8948
K00347,C0032,1.0,0.6018,0.0,0.8783,0.8608
K00347,C0076,1.0,0.8752,0.0,0.608,0.8505
K00347,C0095,1.0,0.7331,0.0,0.649,0.9389
K00445,C0066,0.75,0.5472,0.0,0.8547,0.9566
K00445,C0109,0.75,0.418,0.0,0.8559,0.9013
K00445,C0025,0.75,0.5468,0.0,0.6582,0.9595
K00432,C0059,1.0,0.6274,0.0,0.8167,0.9631
K00432,C0081,1.0,0.6119,0.0,0.6593,0.9155
K00432,C0033,1.0,0.2507,0.0,0.5131,0.9337
K00604,C0067,1.0,0.5524,0.0,0.9196,0.8967
K00604,C0052,0.0,0.2515,0.0,0.819,0.9495
K00604,C0034,0.5,0.3268,0.0,0.7953,0.9888
K00066,C0072,1.0,0.4356,0.0,0.8472,0.9532
K00066,C0034,1.0,0.6993,0.0,0.7853,0.8985
K00066,C0052,0.3333,0.4897,0.0,0.7114,0.9835
K00110,C0072,1.0,0.5483,0.0,0.5468,0.8381
K00110,C0065,1.0,0.1848,0.0,0.6208,0.9526
K00110,C0066,1.0,0.2119,0.0,0.8752,0.8935
K00297,C0052,0.75,0.4897,0.0,0.8533,0.9654
K00297,C0022,0.75,0.5559,0.0,0.7494,0.836
K00297,C0060,0.75,0.5578,1.0,0.7765,0.8272
K00107,C0034,1.0,0.8531,0.0,0.806,0.9343
K00107,C0072,1.0,0.4228,0.0,0.5106,0.9358
K00107,C0048,0.3333,0.5787,0.0,0.7187,0.9815
K00387,C0027,1.0,0.2245,0.0,0.587,0.9506
K00387,C0042,0.6667,0.081,0.0,0.702,0.935
K00387,C0054,0.6667,0.5377,0.0,0.7677,0.9876
K00364,C0073,1.0,0.4327,0.0,0.8761,0.9444
K00364,C0033,1.0,0.2507,0.0,0.6975,0.9189
K00364,C0007,1.0,0.6328,0.0,0.7047,0.8956
K00491,C0101,1.0,0.5686,0.0,0.6242,0.7488
K00491,C0012,1.0,0.6014,0.0,0.8095,0.5891
K00491,C0006,1.0,0.6445,1.0,0.7779,0.7351
K00201,C0116,1.0,0.4339,0.0,0.7314,0.7684
K00201,C0090,0.5,0.4987,0.0,0.8993,0.9786
K00201,C0009,0.5,0.761,0.0,0.7142,0.9763
K00536,C0027,0.75,0.3254,0.0,0.4474,0.9496
K00536,C0090,0.75,0.556,0.0,0.7234,0.8424
K00536,C0025,0.75,0.6046,0.0,0.8595,0.9308
K00040,C0052,1.0,0.4897,0.0,0.8378,0.9739
K00040,C0035,1.0,0.7568,0.0,0.7883,0.853
K00040,C0008,1.0,0.5669,0.0,0.7906,0.8757
K00443,C0027,1.0,0.3254,0.0,0.8012,0.9269
K00443,C0054,0.3333,0.1795,0.0,0.7796,0.9634
K00443,C0097,0.3333,0.2121,0.0,0.896,0.8784
K00508,C0032,0.8333,0.6018,1.0,0.6704,0.9019
K00508,C0095,0.8333,0.7331,0.0,0.9067,0.8474
K00508,C0076,0.8333,0.8752,1.0,0.8582,0.7437
K00398,C0088,0.875,0.5919,1.0,0.6479,0.8846
K00398,C0101,1.0,0.5686,0.0,0.6858,0.8325
K00398,C0006,1.0,0.6445,1.0,0.7919,0.8689
K00408,C0037,0.6667,0.6155,0.0,0.5521,0.8664
K00408,C0032,0.6667,0.7354,0.0,0.6165,0.9204
K00408,C0070,0.6667,0.4244,0.0,0.6746,0.9457
K00158,C0108,0.875,0.3852,0.0,0.75,0.9187
K00158,C0009,1.0,0.3671,0.0,0.6381,0.9419
K00158,C0090,1.0,0.1962,0.0,0.743,0.9828
K00539,C0097,1.0,0.6437,0.0,0.9164,0.9387
K00539,C0012,1.0,0.6014,0.0,0.7365,0.892
K00539,C0101,1.0,0.5686,1.0,0.7356,0.9633
K00421,C0120,1.0,0.2787,0.0,0.7168,0.9239
K00421,C0056,1.0,0.567,0.0,0.5473,0.8951
K00421,C0033,1.0,0.2507,0.0,0.6866,0.8212
K00279,C0054,0.875,0.5085,0.0,0.8693,0.889
K00279,C0066,0.875,0.5472,1.0,0.6412,0.9286
K00279,C0031,0.875,0.2498,0.0,0.6885,0.8925
K00588,C0101,0.75,0.6266,0.0,0.8251,0.8982
K00588,C0082,0.75,0.5063,0.0,0.8477,0.8778
K00588,C0006,0.75,0.6843,0.0,0.7405,0.9704
K00153,C0007,1.0,0.6328,0.0,0.846,0.9185
K00153,C0114,1.0,0.2468,0.0,0.9386,0.8852
K00153,C0056,1.0,0.567,0.0,0.697,0.9366
K00341,C0036,0.8333,0.5764,1.0,0.7777,0.9317
K00341,C0020,0.8333,0.2874,1.0,0.7525,0.9842
K00341,C0054,0.8333,0.5377,0.0,0.749,0.9474
K00079,C0119,0.8333,0.4456,0.0,0.8113,0.9375
K00079,C0025,0.8333,0.6046,0.0,0.5407,0.9179
K00079,C0114,0.8333,0.3236,0.0,0.7065,0.9177
K00420,C0007,0.5,0.5627,0.0,0.6326,0.9655
K00420,C0087,0.5,0.3218,1.0,0.7944,0.8977
K00420,C0017,0.5,0.1379,0.0,0.7613,0.8751
K00140,C0007,1.0,0.6328,0.0,0.7465,0.8222
K00140,C0114,1.0,0.2468,0.0,0.8481,0.9635
K00140,C0085,0.5,0.7735,0.0,0.8411,0.9749
K00227,C0097,1.0,0.6437,0.0,0.7769,0.9144
K00227,C0054,1.0,0.5377,0.0,0.6009,0.9443
K00227,C0020,1.0,0.2874,0.0,0.6867,0.9453
K00439,C0007,1.0,0.6328,0.0,0.7885,0.7842
K00439,C0114,1.0,0.2468,0.0,0.9465,0.9748
K00439,C0078,1.0,0.6291,0.0,0.8494,0.9814
K00133,C0032,0.75,0.6018,0.0,0.6887,0.9733
K00133,C0076,0.75,0.8752,0.0,0.9002,0.9486
K00133,C0095,0.75,0.7331,0.0,0.9161,0.9749
K00480,C0048,0.8333,0.4966,0.0,0.6624,0.8391
K00480,C0110,0.8333,0.7183,0.0,0.5983,0.8115
K00480,C0043,0.3333,0.2929,0.0,0.615,0.9617
K00029,C0043,1.0,0.5586,1.0,0.6571,0.9588
K00029,C0080,1.0,0.6273,0.0,0.7655,0.9194
K00029,C0048,1.0,0.5787,0.0,0.8482,0.9061
K00024,C0032,0.8333,0.7354,0.0,0.5756,0.8656
K00024,C0076,0.8333,0.9584,0.0,0.7181,0.8107
K00024,C0095,0.8333,0.743,0.0,0.8304,0.8655
K00428,C0027,1.0,0.3254,1.0,0.6089,0.935
K00428,C0117,1.0,0.4618,0.0,0.5141,0.9093
K00428,C0055,1.0,0.5709,1.0,0.6683,0.9411
K00252,C0080,1.0,0.6273,0.0,0.8945,0.9864
K00252,C0031,1.0,0.1852,0.0,0.8497,0.9066
K00252,C0043,1.0,0.5586,0.0,0.8197,0.9068
K00194,C0090,1.0,0.1063,0.0,0.7567,0.8797
K00194,C0097,0.6667,0.6437,0.0,0.6333,0.9674
K00194,C0007,1.0,0.1322,0.0,0.5584,0.8144
K00098,C0101,1.0,0.719,0.0,0.7301,0.9017
K00098,C0107,1.0,0.513,0.0,0.7828,0.8874
K00098,C0082,1.0,0.5546,0.0,0.7388,0.842
K00323,C0120,1.0,0.2787,0.0,0.7333,0.9737
K00323,C0085,1.0,0.7735,0.0,0.7869,0.9852
K00323,C0002,1.0,0.622,0.0,0.8477,0.9719
K00309,C0101,1.0,0.5686,0.0,0.6996,0.892
K00309,C0006,1.0,0.6445,0.0,0.7675,0.9662
K00309,C0012,1.0,0.6014,0.0,0.8598,0.5533
K00065,C0079,0.5,0.7034,0.0,0.7435,0.9463
K00065,C0111,0.75,0.6158,0.0,0.8995,0.9208
K00065,C0045,0.5,0.635,0.0,0.856,0.9742
K00303,C0054,0.75,0.5377,0.0,0.6911,0.9354
K00303,C0015,0.375,0.2334,0.0,0.8091,0.9793
K00303,C0004,0.5,0.1828,0.0,0.8254,0.9493
K00304,C0052,0.8333,0.5104,0.0,0.7935,0.9768
K00304,C0064,0.8333,0.4449,0.0,0.8127,0.9784
K00304,C0021,0.8333,0.4724,1.0,0.7518,0.9318
K00628,C0101,0.75,0.5686,0.0,0.7215,0.9704
K00628,C0006,0.75,0.6445,0.0,0.8791,0.9229
K00628,C0088,0.75,0.5919,0.0,0.8369,0.8227
K00229,C0052,0.6667,0.4897,0.0,0.8767,0.9595
K00229,C0022,0.6667,0.5559,0.0,0.8164,0.821
K00229,C0060,0.6667,0.5578,0.0,0.7532,0.9582
K00562,C0073,1.0,0.4327,0.0,0.6774,0.8572
K00562,C0101,1.0,0.719,0.0,0.6914,0.9722
K00562,C0063,1.0,0.5504,0.0,0.7038,0.9125
K00591,C0101,1.0,0.5686,0.0,0.8323,0.8751
K00591,C0006,1.0,0.6445,0.0,0.8097,0.8728
K00591,C0012,1.0,0.6014,1.0,0.7215,0.6919
K00058,C0067,1.0,0.5637,0.0,0.7647,0.9648
K00058,C0052,0.6667,0.4897,0.0,0.8811,0.9612
K00058,C0119,0.3333,0.1805,0.0,0.6461,0.974
K00337,C0085,1.0,0.7735,0.0,0.7852,0.9762
K00337,C0120,1.0,0.2787,0.0,0.5648,0.9603
K00337,C0078,1.0,0.6291,0.0,0.8584,0.9246
K00441,C0007,1.0,0.6102,0.0,0.8162,0.7101
K00441,C0114,1.0,0.3236,0.0,0.9139,0.8004
K00441,C0056,1.0,0.28,0.0,0.6583,0.9323
K00610,C0004,1.0,0.1828,0.0,0.8103,0.9592
K00610,C0072,1.0,0.2506,0.0,0.7187,0.9867
K00610,C0068,1.0,0.2216,0.0,0.8017,0.928
K00020,C0031,1.0,0.1852,0.0,0.6063,0.9651
K00020,C0081,1.0,0.6106,0.0,0.7333,0.9231
K00020,C0013,1.0,0.7336,0.0,0.7065,0.7856
K00514,C0031,0.8333,0.3135,0.0,0.9092,0.914
K00514,C0084,0.8333,0.4192,0.0,0.5999,0.9526
K00514,C0114,0.8333,0.2468,0.0,0.7851,0.9613
K00404,C0032,0.8333,0.6018,0.0,0.7759,0.8173
K00404,C0076,0.8333,0.8752,0.0,0.8506,0.7675
K00404,C0095,0.8333,0.7331,0.0,0.901,0.8367
K00519,C0088,1.0,0.5919,0.0,0.7023,0.9623
K00519,C0006,1.0,0.6445,0.0,0.6447,0.9132
K00519,C0071,1.0,0.2298,0.0,0.8498,0.9139
K00481,C0004,1.0,0.5342,0.0,0.7875,0.9676
K00481,C0015,1.0,0.581,0.0,0.8435,0.955
K00481,C0005,1.0,0.5118,0.0,0.8663,0.9466
K00412,C0032,0.875,0.7354,0.0,0.7561,0.9759
K00412,C0037,0.875,0.6155,0.0,0.6595,0.9316
K00412,C0048,0.875,0.4966,0.0,0.9498,0.8664
K00316,C0032,1.0,0.6018,0.0,0.9857,0.9545
K00316,C0076,1.0,0.8752,0.0,0.6341,0.812
K00316,C0095,1.0,0.7331,0.0,0.6752,0.9315
K00172,C0039,1.0,0.2408,0.0,0.5685,0.8613
K00172,C0094,1.0,0.2578,0.0,0.8302,0.7702
K00172,C0052,0.6667,0.1828,0.0,0.7996,0.9776
K00148,C0054,0.5,0.5085,0.0,0.9062,0.866
K00148,C0109,0.5,0.418,0.0,0.7522,0.8868
K00148,C0119,0.5,0.4453,0.0,0.5532,0.9774
K00089,C0107,0.8333,0.513,0.0,0.6852,0.9341
K00089,C0073,0.8333,0.4327,0.0,0.8973,0.8121
K00089,C0116,1.0,0.4451,0.0,0.6316,0.9424
K00169,C0078,1.0,0.6291,0.0,0.7782,0.9702
K00169,C0096,1.0,0.3502,0.0,0.9163,0.9295
K00169,C0033,1.0,0.2507,1.0,0.7603,0.8776
K00053,C0004,0.75,0.4518,0.0,0.8106,0.959
K00053,C0060,1.0,0.5578,0.0,0.8961,0.938
K00053,C0068,0.75,0.6102,0.0,0.5721,0.8063
K00383,C0049,1.0,0.642,0.0,0.8657,0.9181
K00383,C0054,1.0,0.4997,0.0,0.5982,0.8762
K00383,C0072,1.0,0.5483,0.0,0.7431,0.9322
K00452,C0039,1.0,0.2504,0.0,0.6017,0.966
K00452,C0052,1.0,0.4897,0.0,0.7274,0.9312
K00452,C0008,1.0,0.5669,1.0,0.6704,0.9203
K00627,C0119,1.0,0.4171,0.0,0.4692,0.997
K00627,C0042,1.0,0.1769,0.0,0.6734,0.959
K00627,C0043,1.0,0.5586,0.0,0.5649,0.9672
K00492,C0052,0.875,0.5104,0.0,0.8678,0.9753
K00492,C0021,0.75,0.4724,0.0,0.657,0.9552
K00492,C0093,0.75,0.6502,0.0,0.7684,0.9534
K00237,C0109,0.5,0.418,0.0,0.7664,0.9493
K00237,C0068,0.75,0.676,0.0,0.8312,0.8877
K00237,C0004,0.75,0.5342,0.0,0.8396,0.9415
K00129,C0052,0.0,0.2515,0.0,0.867,0.9221
K00129,C0106,0.0,0.4092,0.0,0.7852,0.9259
K00129,C0004,0.0,0.2038,0.0,0.923,0.8874
K00018,C0052,0.8333,0.2114,0.0,0.8232,0.8968
K00018,C0039,0.6667,0.0411,0.0,0.6768,0.9858
K00018,C0097,0.5,0.6437,0.0,0.7494,0.9393
K00111,C0028,0.25,0.735,0.0,0.8649,0.9851
K00111,C0004,0.75,0.2368,1.0,0.8085,0.96
K00111,C0048,0.25,0.4966,1.0,0.7301,0.9182
K00394,C0104,0.75,0.5871,0.0,0.7209,0.9868
K00394,C0011,0.75,0.5341,0.0,0.623,0.9392
K00394,C0027,0.75,0.3074,0.0,0.7433,0.9359
K00554,C0108,0.6667,0.3466,0.0,0.612,0.8491
K00554,C0027,0.8333,0.3254,0.0,0.8419,0.8743
K00554,C0119,0.8333,0.4456,0.0,0.8075,0.8466
K00223,C0012,0.6667,0.6014,0.0,0.7523,0.972
K00223,C0054,1.0,0.5377,0.0,0.7212,0.877
K00223,C0097,0.6667,0.6437,0.0,0.9399,0.8556
K00340,C0032,1.0,0.6018,0.0,0.6356,0.9017
K00340,C0076,1.0,0.8752,0.0,0.6763,0.786
K00340,C0095,1.0,0.7331,0.0,0.7885,0.9183
K00068,C0007,1.0,0.5627,1.0,0.4332,0.8895
K00068,C0103,1.0,0.8055,1.0,0.7626,0.8937
K00068,C0048,0.75,0.4966,1.0,0.7183,0.9511
K00260,C0039,1.0,0.2408,1.0,0.812,0.8712
K00260,C0094,1.0,0.2578,1.0,0.472,0.7727
K00260,C0078,0.5,0.6291,0.0,0.713,0.9607
K00458,C0031,1.0,0.3135,0.0,0.7917,0.8505
K00458,C0084,1.0,0.4192,0.0,0.7782,0.9331
K00458,C0114,1.0,0.2468,0.0,0.8131,0.8445
K00321,C0022,1.0,0.6116,0.0,0.8788,0.8807
K00321,C0104,0.25,0.2645,0.0,0.7737,0.972
K00321,C0021,0.25,0.1396,0.0,0.8286,0.9545
K00493,C0012,1.0,0.6397,0.0,0.738,0.6584
K00493,C0101,1.0,0.719,1.0,0.8016,0.7519
K00493,C0006,1.0,0.6363,1.0,0.6456,0.715
K00251,C0008,0.5,0.5669,0.0,0.9216,0.9575
K00251,C0106,0.5,0.813,0.0,0.7624,0.9571
K00251,C0052,0.75,0.4897,0.0,0.8442,0.8823
K00197,C0004,1.0,0.4518,0.0,0.7672,0.9285
K00197,C0060,1.0,0.5578,0.0,0.9338,0.9649
K00197,C0068,1.0,0.6102,0.0,0.5858,0.8299
K00254,C0106,0.3333,0.3847,0.0,0.7051,0.9891
K00254,C0052,0.8333,0.2114,0.0,0.7869,0.9782
K00254,C0089,0.3333,0.3481,0.0,0.7414,0.9065
K00611,C0116,1.0,0.4339,0.0,0.7178,0.7441
K00611,C0048,0.5,0.2216,0.0,0.7947,0.953
K00611,C0087,0.625,0.292,0.0,0.6381,0.9542
K00331,C0048,0.875,0.4966,0.0,0.8476,0.9158
K00331,C0110,0.875,0.7183,0.0,0.8316,0.9577
K00331,C0083,0.375,0.1728,0.0,0.8023,0.97
K00045,C0032,1.0,0.7354,0.0,0.8811,0.9793
K00045,C0048,0.0,0.4966,0.0,0.84,0.9723
K00045,C0103,0.75,0.8055,0.0,0.7762,0.9465
K00162,C0040,0.75,0.6862,0.0,0.4961,0.9026
K00162,C0060,0.75,0.6895,0.0,0.8903,0.8075
K00162,C0058,0.75,0.8854,0.0,0.7764,0.917
K00468,C0022,1.0,0.5559,1.0,0.9142,0.775
K00468,C0072,1.0,0.4356,0.0,0.7952,0.8941
K00468,C0008,0.5,0.5669,1.0,0.8652,0.9523
K00476,C0054,1.0,0.5377,0.0,0.7724,0.9097
K00476,C0036,1.0,0.5764,1.0,0.753,0.8659
K00476,C0020,1.0,0.2874,1.0,0.7781,0.8759
K00027,C0093,0.875,0.3275,0.0,0.8968,0.9639
K00027,C0032,0.875,0.308,0.0,0.7945,0.9451
K00027,C0052,1.0,0.2043,0.0,0.8079,0.9589
K00114,C0081,1.0,0.6106,0.0,0.7518,0.8885
K00114,C0031,1.0,0.1852,0.0,0.7589,0.8353
K00114,C0002,1.0,0.6233,0.0,0.7015,0.9155
K00401,C0103,1.0,0.7432,0.0,0.8828,0.9597
K00401,C0045,1.0,0.7126,1.0,0.8849,0.9467
K00401,C0078,1.0,0.6291,0.0,0.7089,0.931
K00524,C0004,1.0,0.4518,0.0,0.8661,0.9666
K00524,C0106,1.0,0.813,0.0,0.8359,0.9616
K00524,C0008,1.0,0.5669,0.0,0.8255,0.9412
K00326,C0027,0.75,0.3254,0.0,0.8423,0.8144
K00326,C0009,0.75,0.6638,0.0,0.6992,0.7473
K00326,C0090,0.75,0.556,0.0,0.7161,0.7968
K00128,C0097,1.0,0.6437,0.0,0.8953,0.9224
K00128,C0054,1.0,0.5377,0.0,0.7825,0.9019
K00128,C0012,1.0,0.6014,0.0,0.8144,0.8035
K00490,C0004,1.0,0.4518,0.0,0.8584,0.9743
K00490,C0052,1.0,0.4897,0.0,0.956,0.9154
K00490,C0106,1.0,0.813,0.0,0.7326,0.9305
K00357,C0004,1.0,0.4518,0.0,0.8255,0.9537
K00357,C0106,1.0,0.813,0.0,0.5943,0.9481
K00357,C0019,1.0,0.6336,0.0,0.7879,0.9122
K00006,C0031,0.8333,0.1852,0.0,0.7911,0.9585
K00006,C0099,0.8333,0.4657,0.0,0.828,0.8682
K00006,C0119,0.8333,0.4171,0.0,0.5695,0.7583
K00247,C0006,1.0,0.6445,0.0,0.8377,0.9684
K00247,C0101,1.0,0.5686,0.0,0.6592,0.9603
K00247,C0071,1.0,0.2298,0.0,0.7915,0.8604
K00498,C0029,1.0,0.2133,0.0,0.6231,0.9601
K00498,C0027,1.0,0.2245,0.0,0.7057,0.8642
K00498,C0119,1.0,0.0916,0.0,0.6165,0.9168
K00268,C0048,1.0,0.5787,0.0,0.887,0.9722
K00268,C0046,1.0,0.8995,0.0,0.7296,0.9307
K00268,C0065,1.0,0.3575,0.0,0.8204,0.9632
K00345,C0071,0.75,0.2298,0.0,0.8483,0.9754
K00345,C0088,0.75,0.5919,0.0,0.6577,0.8809
K00345,C0006,0.75,0.6445,0.0,0.8285,0.9415
K00050,C0096,1.0,0.3502,0.0,0.7611,0.9504
K00050,C0078,1.0,0.6291,0.0,0.7462,0.8618
K00050,C0045,1.0,0.7126,0.0,0.8898,0.8739
K00233,C0096,0.5,0.1316,0.0,0.5629,0.9196
K00233,C0120,0.5,0.0415,0.0,0.3268,0.9453
K00233,C0059,0.5,0.2261,0.0,0.5498,0.8618
K00614,C0012,1.0,0.6014,0.0,0.8108,0.9661
K00614,C0101,1.0,0.5686,0.0,0.7472,0.8747
K00614,C0006,1.0,0.6445,0.0,0.8205,0.8711
K00574,C0052,0.75,0.4897,0.0,0.6564,0.8149
K00574,C0060,0.75,0.5578,0.0,0.5137,0.8891
K00574,C0094,0.75,0.3683,0.0,0.5194,0.815
K00137,C0087,1.0,0.6218,0.0,0.6476,0.9104
K00137,C0048,1.0,0.5787,0.0,0.8143,0.9532
K00137,C0043,1.0,0.5586,0.0,0.8099,0.9432
K00211,C0039,1.0,0.2408,0.0,0.7982,0.9136
K00211,C0094,1.0,0.2578,0.0,0.705,0.814
K00211,C0052,1.0,0.1828,0.0,0.8597,0.9886
K00160,C0004,0.75,0.5342,0.0,0.7476,0.9182
K00160,C0087,0.5,0.5538,0.0,0.7034,0.8281
K00160,C0109,0.5,0.418,0.0,0.7977,0.8545
K00263,C0015,0.75,0.581,0.0,0.7829,0.9872
K00263,C0109,0.75,0.418,0.0,0.6345,0.9704
K00263,C0100,0.75,0.3374,0.0,0.6379,0.9871
K00112,C0027,1.0,0.3254,0.0,0.5422,0.9541
K00112,C0029,1.0,0.5823,0.0,0.4596,0.8646
K00112,C0009,1.0,0.6638,0.0,0.633,0.8234
K00350,C0022,1.0,0.5559,0.0,0.7001,0.8621
K00350,C0052,1.0,0.4897,0.0,0.8294,0.9246
K00350,C0060,1.0,0.5578,0.0,0.8957,0.8916
K00576,C0100,0.6667,0.3374,0.0,0.7287,0.9373
K00576,C0028,0.0,0.2365,0.0,0.8222,0.9734
K00576,C0015,0.6667,0.581,0.0,0.8009,0.9207
K00168,C0100,0.6667,0.3374,0.0,0.5899,0.899
K00168,C0015,0.6667,0.581,0.0,0.6548,0.8764
K00168,C0087,0.6667,0.5538,1.0,0.6332,0.8469
K00566,C0007,1.0,0.6102,0.0,0.5864,0.9199
K00566,C0114,1.0,0.3236,0.0,0.688,0.908
K00566,C0096,0.6667,0.2015,0.0,0.8457,0.9201
K00460,C0078,1.0,0.6291,0.0,0.9378,0.9476
K00460,C0056,1.0,0.567,0.0,0.8808,0.9466
K00460,C0112,1.0,0.39,0.0,0.8874,0.9401
K00059,C0027,0.75,0.3074,0.0,0.6107,0.9505
K00059,C0009,0.75,0.761,0.0,0.7015,0.855
K00059,C0090,0.75,0.4987,0.0,0.8786,0.9236
K00521,C0084,0.75,0.4192,0.0,0.7106,0.7941
K00521,C0031,0.75,0.3135,0.0,0.9529,0.7072
K00521,C0081,0.75,0.6119,0.0,0.9015,0.952
K00400,C0119,1.0,0.4456,0.0,0.5653,0.8802
K00400,C0042,1.0,0.2224,0.0,0.6634,0.9308
K00400,C0007,1.0,0.6102,0.0,0.6046,0.9494
K00552,C0081,1.0,0.6106,0.0,0.8752,0.857
K00552,C0116,1.0,0.3323,0.0,0.7514,0.925
K00552,C0002,1.0,0.6233,0.0,0.5608,0.9
K00213,C0039,1.0,0.2408,0.0,0.8023,0.8216
K00213,C0094,1.0,0.2578,0.0,0.5792,0.7552
K00213,C0004,0.6667,0.2343,1.0,0.7896,0.9651
K00557,C0060,0.875,0.6895,0.0,0.8976,0.9245
K00557,C0025,0.75,0.5468,0.0,0.6656,0.956
K00557,C0058,0.75,0.8854,0.0,0.9133,0.978
K00352,C0001,1.0,0.7166,0.0,0.8805,0.934
K00352,C0054,1.0,0.5377,0.0,0.7344,0.8917
K00352,C0020,1.0,0.2874,0.0,0.8273,0.9302
K00448,C0059,1.0,0.6274,0.0,0.6288,0.9423
K00448,C0056,1.0,0.567,0.0,0.9147,0.8951
K00448,C0096,1.0,0.3502,1.0,0.6419,0.8769
K00501,C0001,1.0,0.7166,0.0,0.7128,0.9855
K00501,C0054,1.0,0.5377,0.0,0.7349,0.9304
K00501,C0097,1.0,0.6437,0.0,0.7362,0.9924
K00369,C0119,0.6667,0.4453,0.0,0.5699,0.9147
K00369,C0025,0.6667,0.5468,0.0,0.7777,0.8207
K00369,C0114,0.6667,0.1733,0.0,0.6403,0.8903
K00565,C0001,1.0,0.6869,0.0,0.9033,0.9886
K00565,C0032,1.0,0.7354,0.0,0.8351,0.9553
K00565,C0076,1.0,0.9584,0.0,0.7461,0.8626
K00159,C0067,1.0,0.5637,0.0,0.8423,0.986
K00159,C0029,0.6667,0.2661,0.0,0.7488,0.9788
K00159,C0052,0.3333,0.4897,0.0,0.8918,0.9355
K00525,C0006,1.0,0.6363,0.0,0.7351,0.9955
K00525,C0101,1.0,0.719,0.0,0.6602,0.9223
K00525,C0012,1.0,0.6397,0.0,0.5698,0.6636
K00052,C0020,1.0,0.2874,0.0,0.7729,0.9171
K00052,C0054,1.0,0.5377,0.0,0.6618,0.9172
K00052,C0001,1.0,0.7166,0.0,0.8403,0.8064
K00500,C0087,0.6667,0.5538,0.0,0.7218,0.9089
K00500,C0119,0.6667,0.4453,0.0,0.6549,0.9491
K00500,C0017,0.6667,0.3955,0.0,0.8014,0.9288
K00084,C0016,1.0,0.6363,0.0,0.6577,0.8677
K00084,C0046,1.0,0.8995,0.0,0.7159,0.8708
K00084,C0043,1.0,0.5586,0.0,0.684,0.8244
K00226,C0039,1.0,0.2408,1.0,0.7957,0.8305
K00226,C0004,0.75,0.2343,0.0,0.8644,0.8907
K00226,C0120,0.375,0.2787,1.0,0.7663,0.9255
K00515,C0111,0.6667,0.6158,0.0,0.7808,0.9018
K00515,C0079,0.1667,0.7034,0.0,0.6965,0.7822
K00515,C0045,0.3333,0.635,0.0,0.8384,0.8729
K00649,C0001,1.0,0.7166,0.0,0.8269,0.7944
K00649,C0088,0.75,0.5919,0.0,0.6968,0.8611
K00649,C0006,0.75,0.6445,0.0,0.8259,0.8023
K00180,C0054,0.75,0.5377,0.0,0.6724,0.8671
K00180,C0020,0.75,0.2874,0.0,0.7582,0.8979
K00180,C0001,1.0,0.7166,0.0,0.8994,0.8882
K00184,C0102,0.8333,0.3832,1.0,0.7588,0.9812
K00184,C0113,0.8333,0.2064,0.0,0.8101,0.9038
K00184,C0032,0.8333,0.2432,1.0,0.8722,0.9259
K00008,C0001,1.0,0.7166,0.0,0.527,0.7413
K00008,C0054,0.1667,0.5377,0.0,0.8815,0.9044
K00008,C0076,1.0,0.3926,0.0,0.8382,0.962
K00585,C0087,1.0,0.6218,0.0,0.8846,0.9005
K00585,C0065,1.0,0.3575,0.0,0.6588,0.8929
K00585,C0048,1.0,0.5787,0.0,0.7685,0.9298
K00371,C0108,0.75,0.3852,0.0,0.6447,0.9225
K00371,C0110,0.75,0.6702,0.0,0.8043,0.9288
K00371,C0042,0.0,0.072,0.0,0.7807,0.9762
K00126,C0112,1.0,0.39,0.0,0.9648,0.944
K00126,C0059,1.0,0.6274,0.0,0.7922,0.9104
K00126,C0107,1.0,0.513,1.0,0.8371,0.991
K00010,C0082,1.0,0.5546,0.0,0.714,0.9601
K00010,C0073,1.0,0.4327,0.0,0.8334,0.9137
K00010,C0107,1.0,0.513,0.0,0.7248,0.8498
K00523,C0100,0.5,0.3374,0.0,0.6405,0.9947
K00523,C0109,0.5,0.418,0.0,0.7575,0.9528
K00523,C0054,0.5,0.5085,0.0,0.5876,0.9697
K00535,C0016,1.0,0.6363,0.0,0.659,0.9011
K00535,C0043,1.0,0.5586,0.0,0.6084,0.9234
K00535,C0081,1.0,0.6106,0.0,0.7263,0.9095
K00288,C0054,0.875,0.5377,0.0,0.8812,0.9937
K00288,C0020,0.875,0.2874,0.0,0.9212,0.9212
K00288,C0001,1.0,0.7166,0.0,0.6791,0.9319
K00343,C0101,0.8333,0.5686,0.0,0.6978,0.8348
K00343,C0006,0.8333,0.6445,0.0,0.7629,0.8656
K00343,C0012,0.8333,0.6014,0.0,0.8552,0.6458
K00590,C0052,1.0,0.4897,0.0,0.855,0.9159
K00590,C0106,1.0,0.813,0.0,0.641,0.8779
K00590,C0034,1.0,0.6993,1.0,0.7515,0.9184
K00436,C0107,0.75,0.4681,0.0,0.9473,0.9106
K00436,C0082,0.75,0.5063,0.0,0.8448,0.8897
K00436,C0101,0.75,0.6266,0.0,0.7515,0.858
K00625,C0009,1.0,0.761,0.0,0.6698,0.7865
K00625,C0027,1.0,0.3074,1.0,0.7485,0.784
K00625,C0090,1.0,0.4987,0.0,0.5727,0.8149
K00478,C0101,1.0,0.6266,0.0,0.7597,0.9425
K00478,C0073,1.0,0.4377,0.0,0.7579,0.8696
K00478,C0082,1.0,0.5063,0.0,0.7684,0.8562
K00512,C0096,1.0,0.3502,1.0,0.6693,0.9759
K00512,C0081,1.0,0.6119,0.0,0.7764,0.9072
K00512,C0059,1.0,0.6274,0.0,0.6562,0.9702
K00442,C0032,0.5,0.2389,0.0,0.9243,0.95
K00442,C0054,0.6667,0.5085,0.0,0.6339,0.9507
K00442,C0028,0.3333,0.2365,0.0,0.9229,0.9358
K00328,C0052,1.0,0.5104,0.0,0.7943,0.9755
K00328,C0022,1.0,0.5947,0.0,0.665,0.9233
K00328,C0060,1.0,0.5958,0.0,0.8956,0.7253
K00579,C0081,1.0,0.6119,0.0,0.858,0.8778
K00579,C0007,1.0,0.6328,1.0,0.8176,0.8541
K00579,C0078,1.0,0.6291,0.0,0.86,0.8143
K00026,C0060,1.0,0.5958,0.0,0.8181,0.9244
K00026,C0052,1.0,0.5104,0.0,0.9158,0.8265
K00026,C0022,1.0,0.5947,0.0,0.7365,0.7652
K00289,C0030,1.0,0.6724,0.0,0.7041,0.9835
K00289,C0004,1.0,0.4518,0.0,0.8445,0.9224
K00289,C0106,1.0,0.813,0.0,0.6909,0.9304
K00275,C0112,0.8333,0.34,0.0,0.8956,0.7746
K00275,C0045,0.8333,0.635,0.0,0.8078,0.7772
K00275,C0120,0.6667,0.2218,0.0,0.6765,0.9126
K00116,C0072,1.0,0.4228,0.0,0.6049,0.9456
K00116,C0034,1.0,0.8531,0.0,0.6838,0.839
K00116,C0048,0.3333,0.5787,1.0,0.714,0.9565
K00414,C0007,1.0,0.6102,0.0,0.8511,0.6676
K00414,C0027,0.5,0.3254,0.0,0.8426,0.9768
K00414,C0096,1.0,0.2015,0.0,0.7237,0.9702
K00551,C0009,0.625,0.761,0.0,0.7801,0.9459
K00551,C0060,0.75,0.5958,0.0,0.6784,0.9716
K00551,C0032,0.875,0.6018,0.0,0.7098,0.9095
K00131,C0042,1.0,0.2224,0.0,0.7316,0.5807
K00131,C0119,1.0,0.4456,0.0,0.5274,0.7129
K00131,C0066,1.0,0.2444,0.0,0.7047,0.9441
K00025,C0060,0.75,0.5958,0.0,0.8603,0.8018
K00025,C0058,0.75,0.8374,0.0,0.8277,0.9416
K00025,C0040,0.75,0.6094,0.0,0.4962,0.7296
K00319,C0031,0.75,0.3135,0.0,0.9109,0.9684
K00319,C0084,1.0,0.4192,0.0,0.7094,0.8773
K00319,C0078,0.75,0.6291,0.0,0.7145,0.9928
K00258,C0007,1.0,0.6102,1.0,0.5901,0.8706
K00258,C0114,1.0,0.3236,0.0,0.7854,0.961
K00258,C0081,1.0,0.3596,0.0,0.7013,0.9445
K00617,C0052,1.0,0.4897,0.0,0.6318,0.9819
K00617,C0004,1.0,0.4518,0.0,0.7549,0.8273
K00617,C0089,1.0,0.9804,0.0,0.5797,0.8439
K00465,C0054,0.8333,0.5377,0.0,0.7812,0.8779
K00465,C0020,0.8333,0.2874,0.0,0.8333,0.9448
K00465,C0101,0.8333,0.5686,0.0,0.7822,0.9078
K00624,C0048,1.0,0.4966,0.0,0.7927,0.9385
K00624,C0110,1.0,0.7183,0.0,0.7286,0.8778
K00624,C0099,1.0,0.2326,0.0,0.7966,0.9907
K00393,C0087,0.75,0.5538,0.0,0.8571,0.9806
K00393,C0054,0.75,0.5085,0.0,0.5228,0.8898
K00393,C0060,0.875,0.6895,0.0,0.5983,0.9618
K00269,C0007,1.0,0.6102,0.0,0.7824,0.8633
K00269,C0114,1.0,0.3236,1.0,0.884,0.8914
K00269,C0027,0.75,0.3254,0.0,0.8744,0.9131
K00245,C0102,0.6667,0.7671,1.0,0.6011,0.9633
K00245,C0027,0.6667,0.3074,1.0,0.8062,0.9635
K00245,C0011,0.6667,0.5341,0.0,0.8299,0.9094
K00533,C0027,0.5,0.3074,1.0,0.597,0.8969
K00533,C0025,0.75,0.3868,0.0,0.7813,0.9467
K00533,C0009,0.5,0.761,1.0,0.6878,0.8308
K00035,C0060,0.875,0.5958,0.0,0.796,0.8262
K00035,C0025,0.875,0.3868,0.0,0.7546,0.9091
K00035,C0040,0.875,0.6094,0.0,0.7216,0.8733
K00353,C0103,1.0,0.7432,0.0,0.8287,0.9058
K00353,C0007,1.0,0.6328,0.0,0.8416,0.8566
K00353,C0032,0.75,0.1988,0.0,0.6808,0.9799
K00101,C0004,1.0,0.4518,1.0,0.8198,0.936
K00101,C0106,1.0,0.813,1.0,0.5886,0.9326
K00101,C0030,1.0,0.6724,0.0,0.6296,0.8492
K00291,C0111,0.8333,0.6158,0.0,0.724,0.6896
K00291,C0021,0.3333,0.2965,1.0,0.5714,0.941
K00291,C0018,0.3333,0.0782,0.0,0.7052,0.9396
K00558,C0039,1.0,0.2504,0.0,0.6352,0.8763
K00558,C0120,0.5,0.1379,0.0,0.8124,0.9467
K00558,C0004,0.5,0.4518,0.0,0.9162,0.8982
K00389,C0072,1.0,0.4228,1.0,0.7984,0.9447
K00389,C0034,1.0,0.8531,1.0,0.8284,0.8581
K00389,C0004,0.6667,0.1785,0.0,0.7734,0.9288
K00509,C0108,0.8333,0.3852,0.0,0.6027,0.8765
K00509,C0009,0.8333,0.3671,0.0,0.7935,0.8805
K00509,C0038,0.6667,0.1491,0.0,0.5585,0.8519
K00645,C0001,0.875,0.6869,0.0,0.851,0.7824
K00645,C0048,0.625,0.4966,0.0,0.8818,0.8947
K00645,C0092,0.625,0.48,1.0,0.7646,0.9004
K00001,C0001,1.0,0.7166,0.0,0.9378,0.8896
K00001,C0071,1.0,0.2298,0.0,0.8375,0.9016
K00001,C0006,1.0,0.6445,0.0,0.6314,0.9003
K00349,C0052,1.0,0.5104,0.0,0.6921,0.9369
K00349,C0060,1.0,0.5958,0.0,0.5494,0.7658
K00349,C0022,1.0,0.5947,0.0,0.8214,0.9016
K00392,C0060,0.75,0.5958,0.0,0.953,0.9278
K00392,C0040,0.75,0.6094,0.0,0.5378,0.7633
K00392,C0025,0.75,0.3868,0.0,0.6166,0.9129
K00031,C0037,0.75,0.6155,0.0,0.6933,0.9406
K00031,C0028,0.75,0.735,1.0,0.575,0.8406
K00031,C0108,0.75,0.3287,0.0,0.9279,0.946
K00367,C0067,1.0,0.5637,0.0,0.7339,0.8994
K00367,C0089,0.3333,0.9804,0.0,0.6827,0.9851
K00367,C0027,0.6667,0.1034,1.0,0.87,0.9531
K00638,C0116,1.0,0.3323,0.0,0.6504,0.7658
K00638,C0083,0.25,0.3713,0.0,0.6872,0.9741
K00638,C0099,0.5,0.4657,0.0,0.7991,0.9619
K00616,C0007,1.0,0.6328,0.0,0.7974,0.858
K00616,C0114,1.0,0.2468,0.0,0.9039,0.9466
K00616,C0059,0.5,0.6274,0.0,0.6963,0.9486
K00127,C0081,1.0,0.6119,0.0,0.7962,0.889
K00127,C0002,1.0,0.622,1.0,0.6055,0.8658
K00127,C0077,1.0,0.5911,0.0,0.5378,0.941
K00200,C0052,0.75,0.5104,0.0,0.7598,0.9828
K00200,C0022,0.75,0.5947,0.0,0.8836,0.884
K00200,C0060,0.75,0.5958,1.0,0.6202,0.8658
K00315,C0076,1.0,0.9584,1.0,0.7609,0.9293
K00315,C0032,1.0,0.7354,0.0,0.7463,0.8254
K00315,C0001,1.0,0.6869,0.0,0.7986,0.8265
K00301,C0082,1.0,0.5546,0.0,0.8521,0.9162
K00301,C0078,1.0,0.6291,0.0,0.7445,0.979
K00301,C0085,1.0,0.7735,0.0,0.595,0.8327
K00334,C0067,1.0,0.5637,0.0,0.7519,0.9248
K00334,C0092,0.0,0.1679,0.0,0.8335,0.942
K00334,C0038,0.0,0.0498,0.0,0.6932,0.9055
K00435,C0076,0.75,0.8752,0.0,0.744,0.8998
K00435,C0032,0.75,0.6018,0.0,0.7199,0.9346
K00435,C0001,0.75,0.6209,0.0,0.8234,0.981
K00543,C0020,0.375,0.2874,1.0,0.9293,0.9517
K00543,C0042,0.625,0.081,0.0,0.839,0.9599
K00543,C0024,0.75,0.7644,0.0,0.8743,0.9577
K00295,C0101,1.0,0.719,1.0,0.7641,0.934
K00295,C0012,1.0,0.6397,0.0,0.8738,0.8695
K00295,C0006,1.0,0.6363,1.0,0.7864,0.9671
K00305,C0080,1.0,0.6273,0.0,0.7817,0.9791
K00305,C0042,1.0,0.1769,0.0,0.8073,0.9121
K00305,C0091,1.0,0.7874,0.0,0.5593,0.937
K00311,C0083,1.0,0.3713,0.0,0.7483,0.95
K00311,C0048,1.0,0.5787,0.0,0.7935,0.8941
K00311,C0091,1.0,0.7874,0.0,0.7995,0.9626
K00004,C0084,0.8333,0.3213,0.0,0.7179,0.9844
K00004,C0114,0.8333,0.1733,0.0,0.9395,0.899
K00004,C0031,0.8333,0.2498,0.0,0.7263,0.9147
K00046,C0006,1.0,0.6363,1.0,0.8029,0.9299
K00046,C0012,1.0,0.6397,0.0,0.8527,0.7169
K00046,C0101,1.0,0.719,1.0,0.8391,0.8102
K00547,C0116,1.0,0.4339,0.0,0.8656,0.7088
K00547,C0111,1.0,0.652,0.0,0.8793,0.9649
K00547,C0099,0.75,0.2136,0.0,0.9219,0.9501
K00151,C0040,0.75,0.6094,0.0,0.7548,0.681
K00151,C0025,0.75,0.3868,0.0,0.6247,0.853
K00151,C0060,0.875,0.5958,1.0,0.5368,0.8181
K00531,C0082,1.0,0.5063,0.0,0.7941,0.9569
K00531,C0107,1.0,0.4681,0.0,0.8869,0.89
K00531,C0073,1.0,0.4377,0.0,0.7264,0.9343
K00499,C0089,0.5,0.9804,0.0,0.5249,0.9855
K00499,C0032,0.5,0.303,0.0,0.4746,0.9709
K00499,C0092,0.5,0.1679,0.0,0.6968,0.896
K00230,C0032,1.0,0.6018,0.0,0.8086,0.9142
K00230,C0076,1.0,0.8752,0.0,0.8261,0.8982
K00230,C0001,1.0,0.6209,0.0,0.68,0.8986
K00185,C0004,1.0,0.4518,0.0,0.7402,0.9496
K00185,C0068,1.0,0.6102,0.0,0.7338,0.8203
K00185,C0060,1.0,0.5578,0.0,0.8661,0.7872
K00325,C0099,0.6667,0.2326,0.0,0.7461,0.9974
K00325,C0086,0.6667,0.2229,0.0,0.8111,0.9839
K00325,C0054,0.6667,0.2068,0.0,0.7621,0.9832
K00517,C0054,0.1667,0.2124,0.0,0.9062,0.9554
K00517,C0024,0.3333,0.4237,0.0,0.7603,0.9467
K00517,C0088,0.1667,0.2292,0.0,0.7429,0.9601
K00450,C0054,0.8333,0.5377,0.0,0.7172,0.9461
K00450,C0024,0.3333,0.7644,0.0,0.7543,0.9693
K00450,C0075,0.5,0.3126,0.0,0.8688,0.9409
K00217,C0082,1.0,0.5546,0.0,0.7639,0.9616
K00217,C0073,1.0,0.4327,1.0,0.7616,0.9231
K00217,C0006,1.0,0.6363,0.0,0.7693,0.9214
K00099,C0039,1.0,0.2504,0.0,0.6323,0.9148
K00099,C0094,1.0,0.3683,0.0,0.6963,0.6639
K00099,C0085,0.75,0.2724,0.0,0.8837,0.9358
K00497,C0089,0.3333,0.4212,0.0,0.7524,0.9281
K00497,C0004,1.0,0.0656,0.0,0.8297,0.8964
K00497,C0106,0.3333,0.3706,0.0,0.866,0.9546
K00589,C0024,0.875,0.7644,0.0,0.8682,0.7752
K00589,C0088,0.75,0.5919,0.0,0.7397,0.9806
K00589,C0112,0.625,0.1421,0.0,0.8379,0.8767
K00215,C0006,1.0,0.6445,1.0,0.8025,0.987
K00215,C0101,1.0,0.5686,1.0,0.7164,0.9229
K00215,C0012,1.0,0.6014,0.0,0.626,0.807
K00108,C0055,1.0,0.5709,0.0,0.859,0.8503
K00108,C0027,1.0,0.3254,0.0,0.8377,0.9186
K00108,C0108,1.0,0.3466,0.0,0.5717,0.9352
K00028,C0032,1.0,0.6018,1.0,0.8651,0.9738
K00028,C0053,0.75,0.6641,0.0,0.8367,0.9711
K00028,C0027,0.75,0.3074,1.0,0.909,0.9151
K01319,C0054,1.0,0.4997,0.0,0.6554,0.9214
K01319,C0049,0.5,0.642,0.0,0.7777,0.7659
K01319,C0022,1.0,0.6116,0.0,0.8783,0.8351
K00698,C0054,1.0,0.2,0.0,0.6873,0.8711
K00698,C0049,1.0,0.2053,0.0,0.8849,0.9376
K00698,C0019,0.0,0.5798,0.0,0.7192,0.912
K01190,C0094,1.0,0.2578,0.0,0.6589,0.8338
K01190,C0039,1.0,0.2408,0.0,0.7723,0.9369
K01190,C0096,0.8333,0.3502,0.0,0.8945,0.9682
K01472,C0034,1.0,0.6993,0.0,0.778,0.9426
K01472,C0072,1.0,0.4356,0.0,0.8097,0.9755
K01472,C0048,0.3333,0.2209,0.0,0.6811,0.9858
K01036,C0027,0.75,0.3074,0.0,0.7595,0.8619
K01036,C0064,0.75,0.4449,0.0,0.808,0.8572
K01036,C0102,0.75,0.7671,0.0,0.7711,0.7783
K00758,C0110,0.75,0.6702,0.0,0.5762,0.9324
K00758,C0108,0.75,0.3852,0.0,0.6294,0.8802
K00758,C0111,1.0,0.2833,0.0,0.6239,0.9908
K01055,C0042,1.0,0.2224,0.0,0.8645,0.8889
K01055,C0119,1.0,0.4456,0.0,0.8487,0.8934
K01055,C0055,1.0,0.5709,0.0,0.8921,0.9802
K00794,C0054,1.0,0.5377,0.0,0.725,0.9716
K00794,C0091,0.0,0.2613,0.0,0.6145,0.9727
K00794,C0043,0.0,0.2417,0.0,0.7688,0.9452
K01136,C0055,1.0,0.6411,0.0,0.7594,0.857
K01136,C0108,1.0,0.3287,0.0,0.776,0.9224
K01136,C0092,1.0,0.48,0.0,0.8697,0.6343
K00845,C0096,1.0,0.3502,0.0,0.8088,0.9953
K00845,C0002,1.0,0.622,0.0,0.7403,0.9626
K00845,C0120,1.0,0.2787,0.0,0.5726,0.9007
K01395,C0018,1.0,0.3264,0.0,0.7918,0.9885
K01395,C0021,1.0,0.4724,1.0,0.658,0.9526
K01395,C0063,1.0,0.5314,0.0,0.8299,0.9611
K01028,C0031,0.6667,0.3135,0.0,0.8407,0.9223
K01028,C0114,0.6667,0.2468,0.0,0.8118,0.9059
K01028,C0084,0.8333,0.4192,0.0,0.833,0.9173
K00994,C0099,0.6667,0.4377,0.0,0.867,0.9901
K00994,C0075,0.6667,0.8681,0.0,0.9416,0.9657
K00994,C0004,1.0,0.5342,0.0,0.7751,0.9173
K01493,C0009,0.75,0.6638,0.0,0.7684,0.9677
K01493,C0090,0.75,0.556,0.0,0.7696,0.9522
K01493,C0025,0.75,0.6046,0.0,0.5735,0.8979
K01497,C0053,0.6667,0.2759,0.0,0.7867,0.9318
K01497,C0032,0.8333,0.2432,1.0,0.9268,0.9264
K01497,C0064,0.6667,0.1558,0.0,0.7756,0.9206
K00732,C0040,0.8333,0.6094,0.0,0.5568,0.8951
K00732,C0025,0.8333,0.3868,0.0,0.6796,0.8583
K00732,C0058,0.8333,0.8374,0.0,0.7549,0.877
K00967,C0034,1.0,0.8531,0.0,0.8715,0.9036
K00967,C0072,1.0,0.4228,0.0,0.8097,0.9348
K00967,C0004,0.3333,0.1785,0.0,0.8165,0.9369
K01049,C0087,0.75,0.1312,0.0,0.6895,0.9511
K01049,C0099,0.75,0.1956,0.0,0.8315,0.9517
K01049,C0109,0.75,0.1833,0.0,0.9035,0.9681
K01063,C0108,1.0,0.3466,0.0,0.6692,0.8859
K01063,C0117,0.5,0.4618,0.0,0.8135,0.9612
K01063,C0029,0.5,0.5823,0.0,0.6837,0.9788
K00921,C0092,0.75,0.48,0.0,0.9556,0.9592
K00921,C0048,0.75,0.4966,0.0,0.6717,0.936
K00921,C0032,0.75,0.7354,0.0,0.8096,0.9018
K01406,C0054,0.75,0.4997,0.0,0.6419,0.9028
K01406,C0024,1.0,0.1559,1.0,0.9108,0.8097
K01406,C0097,0.75,0.228,0.0,0.8509,0.8992
K00810,C0085,1.0,0.7735,0.0,0.728,0.9593
K00810,C0002,1.0,0.622,0.0,0.8372,0.9404
K00810,C0103,1.0,0.7432,0.0,0.7834,0.9595
K01444,C0103,1.0,0.8055,0.0,0.5767,0.7837
K01444,C0007,1.0,0.5627,0.0,0.6811,0.6531
K01444,C0070,0.75,0.4244,1.0,0.8249,0.9768
K01433,C0096,1.0,0.3502,0.0,0.811,0.9717
K01433,C0081,1.0,0.6119,0.0,0.86,0.9273
K01433,C0002,1.0,0.622,0.0,0.5193,0.9773
K00882,C0052,1.0,0.4897,0.0,0.7788,0.9728
K00882,C0022,1.0,0.5559,0.0,0.696,0.9035
K00882,C0094,1.0,0.3683,0.0,0.5618,0.7959
K00675,C0009,0.8333,0.6638,0.0,0.7437,0.7941
K00675,C0025,1.0,0.6046,0.0,0.824,0.9524
K00675,C0027,0.8333,0.3254,1.0,0.665,0.8055
K00878,C0079,0.3333,0.7034,0.0,0.7315,0.9224
K00878,C0111,0.8333,0.6158,0.0,0.7508,0.902
K00878,C0045,0.3333,0.635,0.0,0.6781,0.9377
K01233,C0054,1.0,0.4997,0.0,0.7538,0.8706
K01233,C0049,1.0,0.642,0.0,0.5075,0.9004
K01233,C0072,1.0,0.5483,0.0,0.8987,0.9152
K00723,C0114,0.75,0.2468,0.0,0.8169,0.9713
K00723,C0031,0.75,0.3135,0.0,0.7894,0.9134
K00723,C0054,0.25,0.2287,0.0,0.7328,0.9838
K01299,C0058,0.875,0.8854,1.0,0.5421,0.8571
K01299,C0040,0.875,0.6862,0.0,0.7854,0.6752
K01299,C0060,0.875,0.6895,0.0,0.6269,0.9115
K01411,C0042,1.0,0.2224,0.0,0.8761,0.9508
K01411,C0119,1.0,0.4456,0.0,0.698,0.9421
K01411,C0117,1.0,0.4618,0.0,0.7611,0.9247
K00937,C0054,1.0,0.5377,0.0,0.8394,0.8266
K00937,C0088,1.0,0.5919,0.0,0.6934,0.8919
K00937,C0071,1.0,0.2298,0.0,0.7995,0.9102
K01381,C0019,1.0,0.5798,0.0,0.8348,0.9347
K01381,C0032,1.0,0.2432,0.0,0.8483,0.9779
K01381,C0055,0.0,0.1986,0.0,0.86,0.9593
K00680,C0071,0.75,0.4341,0.0,0.8503,0.9547
K00680,C0088,0.75,0.5845,0.0,0.7957,0.8994
K00680,C0001,0.75,0.6209,0.0,0.9061,0.8258
K00685,C0048,0.75,0.4966,0.0,0.7315,0.9295
K00685,C0032,0.75,0.7354,0.0,0.8171,0.9578
K00685,C0055,0.75,0.6411,0.0,0.8159,0.9171
K01206,C0055,1.0,0.5709,0.0,0.6924,0.9862
K01206,C0119,1.0,0.4456,0.0,0.5158,0.9881
K01206,C0042,1.0,0.2224,0.0,0.72,0.9539
K00905,C0107,0.8333,0.4681,0.0,0.8704,0.9544
K00905,C0063,0.8333,0.5314,0.0,0.9483,0.7771
K00905,C0073,0.8333,0.4377,0.0,0.7827,0.9225
K00971,C0119,0.5,0.0916,0.0,0.7907,0.9258
K00971,C0002,1.0,0.2409,0.0,0.655,0.9571
K00971,C0087,0.5,0.2753,1.0,0.7485,0.9084
K01345,C0103,1.0,0.7432,0.0,0.6547,0.8492
K01345,C0007,1.0,0.6328,0.0,0.7682,0.9599
K01345,C0112,0.75,0.39,0.0,0.8284,0.9602
K01446,C0054,0.75,0.5085,0.0,0.7722,0.9038
K01446,C0075,0.625,0.8681,0.0,0.8919,0.9247
K01446,C0040,0.75,0.6862,0.0,0.8749,0.937
K00691,C0103,0.75,0.8055,0.0,0.7377,0.9646
K00691,C0028,0.75,0.735,0.0,0.7522,0.984
K00691,C0110,0.75,0.7183,0.0,0.7173,0.906
K00719,C0110,0.6667,0.6702,0.0,0.8274,0.8888
K00719,C0108,0.6667,0.3852,1.0,0.6565,0.875
K00719,C0117,0.0,0.0657,0.0,0.7612,0.9412
K00945,C0055,0.75,0.6411,0.0,0.6954,0.8066
K00945,C0108,0.75,0.3287,0.0,0.7644,0.8709
K00945,C0092,0.75,0.48,0.0,0.5915,0.6115
K01300,C0119,1.0,0.4453,0.0,0.7792,0.9576
K01300,C0087,1.0,0.5538,0.0,0.7536,0.9697
K01300,C0017,1.0,0.3955,0.0,0.7963,0.9566
K01339,C0004,0.3333,0.1828,0.0,0.7417,0.9747
K01339,C0054,0.6667,0.5377,0.0,0.8447,0.9165
K01339,C0030,0.3333,0.2705,0.0,0.7706,0.9138
K01376,C0052,1.0,0.4897,0.0,0.8482,0.9722
K01376,C0022,1.0,0.5559,0.0,0.7263,0.9734
K01376,C0034,1.0,0.6993,0.0,0.7044,0.8485
K00888,C0006,1.0,0.6843,0.0,0.8593,0.9904
K00888,C0082,1.0,0.5063,0.0,0.8292,0.9005
K00888,C0063,1.0,0.5314,0.0,0.8591,0.8381
K00778,C0031,0.75,0.3135,0.0,0.7387,0.9114
K00778,C0114,0.75,0.2468,0.0,0.7535,0.9157
K00778,C0033,0.75,0.2507,0.0,0.6987,0.9874
K00861,C0091,1.0,0.7874,0.0,0.7291,0.8538
K00861,C0081,1.0,0.6106,0.0,0.7136,0.8911
K00861,C0119,1.0,0.4171,0.0,0.5293,0.8662
K01163,C0022,1.0,0.6116,0.0,0.8548,0.6574
K01163,C0102,0.0,0.3679,1.0,0.7459,0.9676
K01163,C0053,0.0,0.2663,0.0,0.5712,0.9535
K01384,C0117,1.0,0.4618,0.0,0.4481,0.8856
K01384,C0119,1.0,0.4456,0.0,0.5992,0.9118
K01384,C0038,1.0,0.1521,0.0,0.7245,0.8774
K01215,C0006,0.8333,0.6363,1.0,0.7098,0.919
K01215,C0082,0.8333,0.5546,0.0,0.8415,0.8473
K01215,C0101,0.8333,0.719,1.0,0.7904,0.9281
K01132,C0027,1.0,0.3254,1.0,0.6745,0.97
K01132,C0090,1.0,0.556,0.0,0.8848,0.9089
K01132,C0009,1.0,0.6638,0.0,0.7654,0.8194
K00926,C0031,0.5,0.2498,0.0,0.9097,0.9972
K00926,C0086,0.5,0.569,0.0,0.7658,0.9347
K00926,C0075,0.5,0.8681,0.0,0.7156,0.8976
K01170,C0054,1.0,0.1739,0.0,0.6768,0.9729
K01170,C0091,0.5,0.7874,0.0,0.6223,0.9908
K01170,C0119,0.5,0.4171,0.0,0.6294,0.9594
K01357,C0054,0.8333,0.5377,0.0,0.5676,0.8588
K01357,C0020,0.8333,0.2874,0.0,0.6076,0.936
K01357,C0071,0.8333,0.2298,0.0,0.5403,0.894
K01259,C0055,1.0,0.6411,0.0,0.7786,0.9258
K01259,C0108,1.0,0.3287,0.0,0.7568,0.9042
K01259,C0092,1.0,0.48,0.0,0.8935,0.5213
K01459,C0034,1.0,0.6993,0.0,0.7272,0.9937
K01459,C0035,1.0,0.7568,0.0,0.7247,0.9156
K01459,C0008,1.0,0.5669,0.0,0.7037,0.9397
K00995,C0075,0.8333,0.8681,0.0,0.8855,0.8647
K00995,C0086,0.8333,0.569,0.0,0.7005,0.8139
K00995,C0054,0.8333,0.5085,0.0,0.7369,0.8338
K01188,C0032,0.8333,0.303,1.0,0.8496,0.9858
K01188,C0055,0.8333,0.1884,0.0,0.8491,0.9785
K01188,C0034,0.3333,0.6993,0.0,0.8439,0.9142
K01307,C0052,0.75,0.5104,0.0,0.7758,0.9651
K01307,C0022,0.75,0.5947,0.0,0.8072,0.9478
K01307,C0094,0.75,0.3064,1.0,0.7282,0.8638
K01422,C0116,1.0,0.4339,0.0,0.7956,0.6353
K01422,C0087,0.625,0.292,0.0,0.6771,0.8804
K01422,C0065,0.625,0.226,0.0,0.6155,0.9366
K00889,C0085,0.5,0.3839,0.0,0.9801,0.9521
K00889,C0002,0.5,0.2392,0.0,0.6595,0.9521
K00889,C0110,0.3333,0.6702,0.0,0.775,0.8761
K01435,C0022,0.8333,0.6116,0.0,0.6987,0.8834
K01435,C0018,0.3333,0.0974,0.0,0.7916,0.9137
K01435,C0032,0.5,0.2201,0.0,0.592,0.8391
K01469,C0004,0.5,0.2368,0.0,0.6694,0.9571
K01469,C0110,0.6667,0.7183,0.0,0.5998,0.9575
K01469,C0095,0.6667,0.743,0.0,0.8054,0.8903
K01011,C0109,0.75,0.418,0.0,0.7954,0.9698
K01011,C0119,0.75,0.4453,0.0,0.7129,0.9387
K01011,C0004,0.75,0.5342,0.0,0.8417,0.9264
K01150,C0055,0.75,0.5709,0.0,0.7492,0.9838
K01150,C0007,1.0,0.6102,0.0,0.7759,0.8957
K01150,C0108,0.75,0.3466,0.0,0.496,0.9346
K00725,C0053,0.8333,0.6641,0.0,0.7948,0.9513
K00725,C0032,1.0,0.6018,0.0,0.9191,0.8993
K00725,C0102,0.8333,0.7671,0.0,0.7258,0.9119
K01142,C0055,0.75,0.5709,0.0,0.6886,0.8492
K01142,C0007,1.0,0.6102,0.0,0.8212,0.9475
K01142,C0092,0.75,0.2595,0.0,0.7725,0.7403
K00755,C0034,1.0,0.6993,1.0,0.7512,0.936
K00755,C0052,1.0,0.4897,0.0,0.9267,0.985
K00755,C0004,1.0,0.4518,0.0,0.8292,0.8857
K01398,C0095,1.0,0.7331,0.0,0.6725,0.922
K01398,C0102,0.8333,0.7671,1.0,0.5568,0.9208
K01398,C0032,1.0,0.6018,1.0,0.7043,0.9394
K01310,C0073,0.75,0.4377,1.0,0.6951,0.7793
K01310,C0006,0.75,0.6843,0.0,0.7835,0.8424
K01310,C0082,0.75,0.5063,0.0,0.7505,0.8855
K01442,C0119,0.5,0.4456,0.0,0.8464,0.9513
K01442,C0114,0.5,0.3236,0.0,0.8176,0.9587
K01442,C0025,0.5,0.6046,0.0,0.5248,0.9294
K01432,C0028,0.0,0.3571,0.0,0.8733,0.9344
K01432,C0030,1.0,0.6724,0.0,0.6407,0.9538
K01432,C0110,0.0,0.2278,0.0,0.9316,0.8299
K01066,C0104,1.0,0.5871,0.0,0.7156,0.9314
K01066,C0102,1.0,0.7671,0.0,0.7935,0.9617
K01066,C0032,1.0,0.6018,0.0,0.7732,0.9689
K01158,C0116,1.0,0.3323,0.0,0.7442,0.7065
K01158,C0017,1.0,0.4955,0.0,0.7863,0.8942
K01158,C0119,1.0,0.4171,0.0,0.8525,0.8261
K01071,C0033,1.0,0.2507,1.0,0.7166,0.9757
K01071,C0078,1.0,0.6291,0.0,0.8196,0.9331
K01071,C0045,1.0,0.7126,0.0,0.8287,0.9241
K00965,C0114,1.0,0.2468,0.0,0.7394,0.791
K00965,C0007,1.0,0.6328,0.0,0.6736,0.7246
K00965,C0059,1.0,0.6274,0.0,0.7375,0.9416
K00814,C0104,0.75,0.5871,1.0,0.6272,0.888
K00814,C0032,1.0,0.6018,0.0,0.8637,0.832
K00814,C0064,0.75,0.4449,0.0,0.8006,0.8666
K00892,C0054,0.75,0.5377,0.0,0.6362,0.9387
K00892,C0097,0.75,0.6437,0.0,0.7766,0.8785
K00892,C0006,0.75,0.6445,0.0,0.7835,0.9209
K00907,C0114,1.0,0.3236,0.0,0.9008,0.9954
K00907,C0007,1.0,0.6102,1.0,0.8074,0.8418
K00907,C0013,0.6667,0.2091,0.0,0.9707,0.9175
K01087,C0032,1.0,0.303,1.0,0.9294,0.876
K01087,C0055,1.0,0.1884,0.0,0.8625,0.8305
K01087,C0048,1.0,0.2209,1.0,0.7061,0.9069
K01162,C0110,0.8333,0.6702,0.0,0.7377,0.8186
K01162,C0108,0.8333,0.3852,0.0,0.7137,0.8625
K01162,C0028,0.0,0.2443,0.0,0.8317,0.9864
K00682,C0103,1.0,0.7432,0.0,0.7455,0.8985
K00682,C0007,1.0,0.6328,0.0,0.7675,0.6557
K00682,C0013,0.875,0.8026,0.0,0.7133,0.9419
K00981,C0077,0.3333,0.2198,0.0,0.525,0.9775
K00981,C0072,1.0,0.5483,0.0,0.6714,0.7456
K00981,C0016,0.3333,0.2874,0.0,0.8462,0.983
K01501,C0087,0.5,0.5538,1.0,0.7909,0.9309
K01501,C0004,0.75,0.5342,1.0,0.7945,0.9632
K01501,C0109,0.5,0.418,0.0,0.807,0.9248
K01056,C0078,0.6667,0.6291,0.0,0.7517,0.9452
K01056,C0110,0.3333,0.2685,0.0,0.7445,0.9515
K01056,C0033,0.6667,0.2507,0.0,0.8325,0.8903
K01035,C0034,1.0,0.6993,0.0,0.7445,0.9711
K01035,C0072,1.0,0.4356,0.0,0.6963,0.9196
K01035,C0087,0.5,0.3023,1.0,0.7593,0.9868
K00819,C0039,1.0,0.2504,1.0,0.7943,0.9873
K00819,C0094,1.0,0.3683,1.0,0.38,0.8717
K00819,C0033,0.6667,0.1183,0.0,0.6254,0.9455
K00974,C0052,1.0,0.4897,0.0,0.8754,0.9805
K00974,C0022,1.0,0.5559,0.0,0.7771,0.9095
K00974,C0060,1.0,0.5578,0.0,0.8449,0.7803
K01017,C0108,1.0,0.3852,0.0,0.5769,0.6141
K01017,C0038,1.0,0.1491,0.0,0.5144,0.9228
K01017,C0092,1.0,0.0676,0.0,0.6538,0.9646
K01164,C0110,0.5,0.6702,0.0,0.8875,0.8213
K01164,C0010,0.5,0.5897,0.0,0.814,0.6613
K01164,C0108,0.5,0.3852,0.0,0.7767,0.7508
K00931,C0052,1.0,0.4897,0.0,0.7459,0.9091
K00931,C0060,1.0,0.5578,0.0,0.7142,0.9487
K00931,C0094,1.0,0.3683,0.0,0.6403,0.8641
K01184,C0034,1.0,0.6993,0.0,0.8116,0.8914
K01184,C0072,1.0,0.4356,0.0,0.7588,0.962
K01184,C0004,0.5,0.4518,0.0,0.8896,0.9821
K01414,C0031,0.5,0.3135,0.0,0.752,0.9448
K01414,C0114,0.5,0.2468,0.0,0.8253,0.9021
K01414,C0059,0.5,0.6274,0.0,0.6849,0.9719
K00828,C0067,1.0,0.5524,0.0,0.7128,0.7741
K00828,C0089,0.3333,0.3079,0.0,0.5996,0.8684
K00828,C0034,0.3333,0.3268,0.0,0.8922,0.92
K01391,C0032,0.8333,0.7354,0.0,0.901,0.9441
K01391,C0048,0.8333,0.4966,0.0,0.8069,0.9538
K01391,C0028,0.8333,0.735,0.0,0.9085,0.9069
K00686,C0031,0.6667,0.3135,0.0,0.6294,0.9648
K00686,C0114,0.6667,0.2468,0.0,0.8107,0.9003
K00686,C0078,0.6667,0.6291,0.0,0.7853,0.9647
K00883,C0054,0.8333,0.5377,0.0,0.5488,0.9634
K00883,C0005,0.3333,0.1123,0.0,0.8699,0.8442
K00883,C0075,0.3333,0.3126,0.0,0.6864,0.9406
K01447,C0093,1.0,0.6502,0.0,0.8483,0.9377
K01447,C0040,1.0,0.6094,0.0,0.7247,0.9208
K01447,C0032,1.0,0.6018,0.0,0.6968,0.9072
K01439,C0004,1.0,0.4518,0.0,0.8071,0.9049
K01439,C0060,1.0,0.5578,0.0,0.7449,0.8969
K01439,C0068,1.0,0.6102,0.0,0.6118,0.7087
K01257,C0071,0.75,0.2298,1.0,0.7748,0.9535
K01257,C0006,0.875,0.6445,1.0,0.5523,0.8779
K01257,C0001,0.875,0.7166,0.0,0.7885,0.8409
K00771,C0110,0.875,0.6991,0.0,0.7219,0.8326
K00771,C0048,0.875,0.5787,0.0,0.7887,0.8328
K00771,C0083,0.5,0.3713,0.0,0.8655,0.958
K00894,C0110,1.0,0.6991,0.0,0.8109,0.9444
K00894,C0081,1.0,0.6106,0.0,0.6972,0.9117
K00894,C0087,1.0,0.6218,1.0,0.883,0.8986
K00876,C0006,1.0,0.6843,0.0,0.7337,0.9791
K00876,C0082,1.0,0.5063,0.0,0.6374,0.8605
K00876,C0101,1.0,0.6266,0.0,0.6057,0.8644
K01370,C0052,0.75,0.5104,0.0,0.8693,0.7718
K01370,C0060,0.75,0.5958,0.0,0.7266,0.8897
K01370,C0094,0.75,0.3064,0.0,0.7324,0.7523
K01366,C0022,1.0,0.6116,0.0,0.7975,0.8392
K01366,C0089,0.0,0.3505,0.0,0.5696,0.9111
K01366,C0034,0.0,0.3365,0.0,0.8696,0.937
K01147,C0007,1.0,0.6328,0.0,0.6442,0.8868
K01147,C0114,1.0,0.2468,0.0,0.8433,0.8264
K01147,C0081,1.0,0.6119,0.0,0.7554,0.9897
K01120,C0004,1.0,0.4518,0.0,0.8265,0.8779
K01120,C0052,1.0,0.4897,0.0,0.7688,0.8698
K01120,C0008,1.0,0.5669,0.0,0.852,0.798
K01130,C0097,1.0,0.6437,0.0,0.7874,0.9874
K01130,C0054,1.0,0.5377,0.0,0.8075,0.8748
K01130,C0001,1.0,0.7166,0.0,0.6582,0.9701
K00962,C0054,0.625,0.4997,0.0,0.7834,0.9287
K00962,C0032,0.375,0.2201,0.0,0.7211,0.9118
K00962,C0055,0.875,0.1492,0.0,0.7863,0.9226
K01265,C0058,0.8333,0.8854,0.0,0.4708,0.8874
K01265,C0040,0.8333,0.6862,0.0,0.711,0.6792
K01265,C0060,1.0,0.6895,0.0,0.5556,0.9108
K01108,C0032,1.0,0.6018,0.0,0.8372,0.8949
K01108,C0111,1.0,0.652,0.0,0.7556,0.9095
K01108,C0018,0.8333,0.3264,0.0,0.7232,0.9584
K01292,C0054,0.75,0.5085,0.0,0.7319,0.9185
K01292,C0087,0.25,0.5538,1.0,0.8805,0.9519
K01292,C0004,0.5,0.5342,1.0,0.7267,0.9223
K01330,C0064,0.75,0.4449,0.0,0.7798,0.9944
K01330,C0102,0.75,0.7671,0.0,0.8918,0.8787
K01330,C0032,0.75,0.6018,0.0,0.6239,0.9626
K01129,C0071,0.8333,0.4341,0.0,0.8109,0.7927
K01129,C0001,1.0,0.6209,0.0,0.7152,0.7198
K01129,C0088,0.8333,0.5845,0.0,0.5379,0.6971
K01138,C0052,1.0,0.4897,0.0,0.6664,0.8909
K01138,C0060,1.0,0.5578,0.0,0.5267,0.9268
K01138,C0022,1.0,0.5559,1.0,0.7861,0.8101
K01209,C0119,1.0,0.4456,0.0,0.6624,0.8287
K01209,C0090,1.0,0.556,0.0,0.9298,0.9346
K01209,C0038,1.0,0.1521,0.0,0.7446,0.786
K00847,C0090,0.75,0.4987,0.0,0.8768,0.9575
K00847,C0111,1.0,0.652,0.0,0.682,0.944
K00847,C0104,0.75,0.5871,1.0,0.6553,0.98
K00815,C0025,0.875,0.5468,0.0,0.6232,0.9559
K00815,C0058,0.875,0.8854,0.0,0.5051,0.8783
K00815,C0040,0.875,0.6862,0.0,0.6617,0.7993
K01374,C0064,0.8333,0.4449,0.0,0.7847,0.9535
K01374,C0052,0.8333,0.5104,0.0,0.7655,0.9885
K01374,C0032,1.0,0.6018,0.0,0.659,0.9909
K00721,C0112,0.8333,0.39,0.0,0.6056,0.6584
K00721,C0045,0.8333,0.7126,0.0,0.8219,0.6732
K00721,C0079,0.1667,0.2898,0.0,0.7531,0.8457
K00940,C0054,0.8333,0.5377,0.0,0.6339,0.8879
K00940,C0012,0.8333,0.6014,0.0,0.7392,0.9122
K00940,C0036,0.8333,0.5764,0.0,0.6925,0.8509
K01275,C0101,0.8333,0.5686,0.0,0.642,0.9428
K01275,C0001,1.0,0.7166,0.0,0.6414,0.9027
K01275,C0006,0.8333,0.6445,0.0,0.857,0.8846
K00826,C0119,1.0,0.4171,0.0,0.6011,0.9757
K00826,C0042,1.0,0.1769,0.0,0.7384,0.9722
K00826,C0081,1.0,0.6106,0.0,0.8025,0.9779
K00773,C0116,1.0,0.3323,0.0,0.8561,0.7492
K00773,C0013,0.8333,0.7336,0.0,0.7685,0.9663
K00773,C0066,0.8333,0.4566,0.0,0.7769,0.9464
K01069,C0091,1.0,0.7874,0.0,0.7836,0.9651
K01069,C0016,1.0,0.6363,0.0,0.9278,0.9676
K01069,C0065,1.0,0.3575,0.0,0.5549,0.9506
K00656,C0109,0.5,0.418,0.0,0.7963,0.9261
K00656,C0075,0.5,0.8681,0.0,0.842,0.9236
K00656,C0087,0.5,0.5538,1.0,0.744,0.8746
K00715,C0052,0.75,0.5104,0.0,0.788,0.9673
K00715,C0022,0.75,0.5947,0.0,0.8066,0.9215
K00715,C0060,0.75,0.5958,0.0,0.8036,0.8459
K00748,C0090,0.75,0.556,0.0,0.8375,0.8945
K00748,C0009,0.75,0.6638,0.0,0.8253,0.8667
K00748,C0025,0.875,0.6046,0.0,0.6858,0.9914
K00966,C0053,0.5,0.6641,0.0,0.8088,0.943
K00966,C0073,0.75,0.4377,0.0,0.8125,0.8774
K00966,C0093,0.5,0.6502,0.0,0.7162,0.9626
K01331,C0039,1.0,0.2408,0.0,0.748,0.9481
K01331,C0094,1.0,0.2578,0.0,0.6856,0.9453
K01331,C0033,1.0,0.2507,0.0,0.6438,0.9388
K01173,C0101,1.0,0.5686,0.0,0.6658,0.8203
K01173,C0006,1.0,0.6445,0.0,0.7786,0.8833
K01173,C0012,1.0,0.6014,1.0,0.8978,0.6202
K00807,C0101,1.0,0.6266,1.0,0.7981,0.9856
K00807,C0001,0.8333,0.6209,0.0,0.8496,0.9735
K00807,C0006,1.0,0.6843,1.0,0.8081,0.9596
K00955,C0034,1.0,0.6993,0.0,0.6602,0.7425
K00955,C0004,0.6667,0.4518,0.0,0.7383,0.9687
K00955,C0083,0.3333,0.1612,0.0,0.6728,0.9255
K01030,C0054,1.0,0.5085,0.0,0.674,0.9192
K01030,C0015,0.25,0.581,0.0,0.7044,0.9593
K01030,C0068,0.25,0.676,0.0,0.4848,0.9753
K00871,C0001,1.0,0.6869,0.0,0.8627,0.9026
K00871,C0028,0.0,0.735,0.0,0.8636,0.9014
K00871,C0103,0.75,0.8055,0.0,0.6874,0.9257
K00657,C0052,0.8333,0.5104,0.0,0.7852,0.9288
K00657,C0040,0.8333,0.6094,0.0,0.5518,0.9222
K00657,C0021,0.6667,0.4724,0.0,0.7917,0.9496
K00887,C0031,0.6667,0.2498,0.0,0.7149,0.9097
K00887,C0084,0.6667,0.3213,0.0,0.6743,0.8427
K00887,C0114,0.6667,0.1733,0.0,0.93,0.8245
K01076,C0086,0.625,0.569,0.0,0.6085,0.9549
K01076,C0015,0.625,0.581,0.0,0.6743,0.905
K01076,C0004,0.875,0.5342,0.0,0.6813,0.9483
K01102,C0081,0.5,0.6119,0.0,0.6715,0.8952
K01102,C0101,0.0,0.719,0.0,0.6936,0.9571
K01102,C0033,0.0,0.2507,0.0,0.5253,0.859
K01020,C0081,1.0,0.6106,0.0,0.7536,0.9613
K01020,C0013,1.0,0.7336,0.0,0.7267,0.9024
K01020,C0077,1.0,0.5528,0.0,0.4483,0.8637
K01060,C0001,1.0,0.6869,0.0,0.8073,0.9323
K01060,C0054,1.0,0.2068,0.0,0.8046,0.9525
K01060,C0032,1.0,0.7354,0.0,0.7254,0.9854
K00954,C0013,0.0,0.8026,0.0,0.7958,0.9582
K00954,C0078,0.0,0.6291,0.0,0.6905,0.8983
K00954,C0096,0.0,0.3502,0.0,0.8365,0.9303
K01436,C0091,0.6667,0.7874,0.0,0.9091,0.9874
K01436,C0054,1.0,0.1739,0.0,0.722,0.9701
K01436,C0034,0.6667,0.8531,0.0,0.6301,0.9624
K01263,C0054,0.8333,0.5377,0.0,0.5557,0.9752
K01263,C0097,0.8333,0.6437,0.0,0.8331,0.9085
K01263,C0101,0.8333,0.5686,0.0,0.7792,0.879
K01189,C0054,0.8333,0.5085,0.0,0.5919,0.9698
K01189,C0075,0.8333,0.8681,0.0,0.783,0.9918
K01189,C0004,1.0,0.5342,0.0,0.8009,0.926
K00789,C0011,0.8333,0.5341,0.0,0.845,0.975
K00789,C0073,1.0,0.4377,0.0,0.8694,0.8643
K00789,C0107,1.0,0.4681,0.0,0.8933,0.9451
K00757,C0033,1.0,0.2507,0.0,0.7227,0.9986
K00757,C0081,1.0,0.6119,0.0,0.869,0.9774
K00757,C0096,1.0,0.3502,0.0,0.8634,0.9625
K00925,C0103,1.0,0.7432,1.0,0.6729,0.9621
K00925,C0007,1.0,0.6328,1.0,0.7885,0.8027
K00925,C0028,0.0,0.2466,0.0,0.8055,0.9775
K00699,C0011,0.75,0.5341,0.0,0.6629,0.9833
K00699,C0027,0.75,0.3074,0.0,0.6797,0.9385
K00699,C0104,0.75,0.5871,0.0,0.7537,0.9441
K01458,C0025,0.6667,0.6046,0.0,0.5767,0.9773
K01458,C0119,0.6667,0.4456,0.0,0.72,0.8148
K01458,C0114,0.6667,0.3236,0.0,0.7904,0.9553
K01040,C0109,1.0,0.0837,0.0,0.5885,0.9896
K01040,C0087,1.0,0.3218,0.0,0.9004,0.9529
K01040,C0099,1.0,0.2326,0.0,0.8443,0.9411
K01393,C0054,0.8333,0.5377,0.0,0.6747,0.9763
K01393,C0001,1.0,0.7166,0.0,0.8768,0.9181
K01393,C0036,0.8333,0.5764,1.0,0.8124,0.767
K00868,C0034,1.0,0.6993,0.0,0.8019,0.9076
K00868,C0091,0.5,0.2962,0.0,0.4918,0.9386
K00868,C0019,0.5,0.6336,0.0,0.7613,0.9328
K01046,C0091,0.5,0.3285,0.0,0.716,0.9777
K01046,C0065,0.5,0.1848,0.0,0.7411,0.9411
K01046,C0054,1.0,0.4997,0.0,0.7496,0.931
K01248,C0004,0.8333,0.5342,0.0,0.8894,0.7521
K01248,C0068,0.8333,0.676,0.0,0.8187,0.8701
K01248,C0060,0.8333,0.6895,0.0,0.7812,0.5715
K01223,C0099,1.0,0.4657,0.0,0.7983,0.9852
K01223,C0119,1.0,0.4171,0.0,0.4968,0.93
K01223,C0066,1.0,0.4566,0.0,0.6956,0.8847
K01125,C0101,0.75,0.5686,1.0,0.8421,0.9738
K01125,C0054,0.75,0.5377,0.0,0.6648,0.8841
K01125,C0097,0.75,0.6437,0.0,0.7596,0.9228
K00960,C0040,0.75,0.6094,0.0,0.844,0.9681
K00960,C0018,0.75,0.3264,0.0,0.7291,0.9353
K00960,C0001,1.0,0.6209,0.0,0.8406,0.9103
K01098,C0007,1.0,0.6328,0.0,0.8807,0.851
K01098,C0114,1.0,0.2468,0.0,0.9118,0.917
K01098,C0033,1.0,0.2507,0.0,0.8573,0.9686
K01117,C0090,1.0,0.556,0.0,0.7615,0.9162
K01117,C0055,1.0,0.5709,0.0,0.8055,0.9374
K01117,C0009,1.0,0.6638,0.0,0.6566,0.8478
K01224,C0027,0.75,0.3074,1.0,0.8296,0.9383
K01224,C0090,0.75,0.4987,0.0,0.7217,0.8017
K01224,C0009,0.75,0.761,0.0,0.7459,0.6948
K01289,C0106,1.0,0.813,0.0,0.7658,0.949
K01289,C0004,1.0,0.4518,0.0,0.9638,0.9356
K01289,C0068,1.0,0.6102,0.0,0.7586,0.9531
K00837,C0004,1.0,0.4518,0.0,0.8489,0.9809
K00837,C0019,1.0,0.6336,0.0,0.6917,0.9102
K00837,C0106,1.0,0.813,0.0,0.9073,0.9044
K01467,C0025,0.8333,0.5468,0.0,0.4456,0.9452
K01467,C0060,0.8333,0.6895,0.0,0.71,0.9581
K01467,C0058,0.8333,0.8854,0.0,0.6252,0.8863
K01360,C0119,1.0,0.4453,0.0,0.7932,0.9579
K01360,C0025,1.0,0.5468,0.0,0.6163,0.8641
K01360,C0114,1.0,0.1733,0.0,0.9016,0.901
K01241,C0045,0.875,0.7126,0.0,0.8379,0.877
K01241,C0112,0.875,0.39,0.0,0.7253,0.5605
K01241,C0082,0.875,0.5546,0.0,0.7551,0.9712
K00718,C0101,1.0,0.5686,0.0,0.6706,0.7641
K00718,C0012,1.0,0.6014,1.0,0.8981,0.6499
K00718,C0006,1.0,0.6445,0.0,0.7865,0.7412
K01352,C0101,0.8333,0.5686,0.0,0.564,0.8421
K01352,C0006,0.8333,0.6445,0.0,0.7661,0.9332
K01352,C0012,0.8333,0.6014,0.0,0.5895,0.6264
K01377,C0019,0.75,0.2609,0.0,0.7224,0.9265
K01377,C0033,0.5,0.2507,0.0,0.7499,0.9064
K01377,C0073,1.0,0.4327,1.0,0.9091,0.899
K01221,C0108,0.75,0.3466,0.0,0.8837,0.9342
K01221,C0051,0.5,0.6798,0.0,0.744,0.8665
K01221,C0042,0.5,0.2224,0.0,0.714,0.9076
K00963,C0028,1.0,0.735,0.0,0.8041,0.8371
K00963,C0001,1.0,0.6869,0.0,0.7841,0.7844
K00963,C0070,1.0,0.4244,0.0,0.709,0.9004
K00992,C0004,1.0,0.5342,0.0,0.9187,0.9201
K00992,C0068,1.0,0.676,0.0,0.7899,0.799
K00992,C0060,1.0,0.6895,0.0,0.7189,0.921
K00690,C0031,1.0,0.3135,0.0,0.6591,0.9621
K00690,C0114,1.0,0.2468,0.0,0.6871,0.9611
K00690,C0084,1.0,0.4192,0.0,0.9204,0.9309
K01012,C0001,0.875,0.6869,0.0,0.8368,0.8984
K01012,C0048,0.875,0.4966,1.0,0.6867,0.9378
K01012,C0070,0.875,0.4244,0.0,0.7471,0.9476
K01293,C0009,0.75,0.6638,0.0,0.6126,0.8952
K01293,C0090,0.75,0.556,0.0,0.7977,0.944
K01293,C0027,0.75,0.3254,0.0,0.5217,0.8967
K01427,C0001,0.875,0.6209,0.0,0.6458,0.9184
K01427,C0011,0.75,0.5341,0.0,0.7949,0.8071
K01427,C0082,0.875,0.5063,0.0,0.7543,0.9498
K01219,C0087,1.0,0.6218,0.0,0.6583,0.9578
K01219,C0091,1.0,0.7874,0.0,0.739,0.9605
K01219,C0002,1.0,0.6233,0.0,0.7313,0.9936
K01417,C0001,0.75,0.7166,0.0,0.6949,0.8209
K01417,C0101,1.0,0.5686,1.0,0.7674,0.8262
K01417,C0071,0.75,0.2298,0.0,0.8144,0.7778
K00909,C0089,1.0,0.9804,0.0,0.7611,0.8574
K00909,C0001,0.0,0.1936,0.0,0.7893,0.8693
K00909,C0048,0.0,0.2209,0.0,0.7558,0.8899
K00932,C0073,0.75,0.4377,0.0,0.7848,0.9066
K00932,C0053,0.75,0.6641,0.0,0.7027,0.9461
K00932,C0011,0.75,0.5341,0.0,0.7996,0.8097
K01193,C0111,0.8333,0.6158,0.0,0.7765,0.8905
K01193,C0079,0.3333,0.7034,0.0,0.5085,0.9689
K01193,C0011,0.5,0.0759,0.0,0.5876,0.98
K01258,C0001,1.0,0.2415,0.0,0.7071,0.937
K01258,C0054,0.75,0.146,0.0,0.7156,0.898
K01258,C0036,0.5,0.2673,1.0,0.6843,0.8328
K01256,C0007,1.0,0.6328,1.0,0.7676,0.8328
K01256,C0114,1.0,0.2468,0.0,0.8075,0.9391
K01256,C0033,1.0,0.2507,1.0,0.8414,0.978
K00886,C0052,1.0,0.5104,0.0,0.7101,0.9809
K00886,C0060,1.0,0.5958,1.0,0.5705,0.8899
K00886,C0022,1.0,0.5947,0.0,0.8894,0.8519
K00670,C0001,0.6667,0.1936,0.0,0.8858,0.9292
K00670,C0048,0.6667,0.2209,0.0,0.7357,0.9837
K00670,C0052,0.3333,0.4897,0.0,0.861,0.9441
K01202,C0001,1.0,0.6209,0.0,0.742,0.9726
K01202,C0032,1.0,0.6018,0.0,0.7283,0.9899
K01202,C0113,0.75,0.646,0.0,0.7569,0.9262
K00780,C0051,0.6667,0.248,1.0,0.7998,0.9652
K00780,C0029,0.6667,0.2133,0.0,0.6864,0.9557
K00780,C0038,0.6667,0.0555,0.0,0.8031,0.9342
K00989,C0001,1.0,0.7166,0.0,0.768,0.8054
K00989,C0036,0.5,0.5764,0.0,0.9752,0.9112
K00989,C0020,0.5,0.2874,0.0,0.9548,0.9379
K01388,C0094,1.0,0.2578,0.0,0.6736,0.9205
K01388,C0039,1.0,0.2408,0.0,0.7141,0.8468
K01388,C0033,0.5,0.2507,0.0,0.8643,0.9566
K00901,C0039,1.0,0.2408,0.0,0.743,0.909
K00901,C0094,1.0,0.2578,0.0,0.6941,0.8169
K00901,C0033,0.75,0.2507,0.0,0.6523,0.9595
K01277,C0042,1.0,0.2224,0.0,0.8079,0.8044
K01277,C0119,1.0,0.4456,0.0,0.6037,0.7
K01277,C0091,0.3333,0.3338,0.0,0.5217,0.8722
K01355,C0004,0.6667,0.5342,0.0,0.852,0.9439
K01355,C0086,0.6667,0.569,0.0,0.8571,0.966
K01355,C0109,0.6667,0.418,0.0,0.6769,0.9235
K01053,C0054,1.0,0.5377,0.0,0.6637,0.9525
K01053,C0020,1.0,0.2874,0.0,0.6777,0.978
K01053,C0036,1.0,0.5764,1.0,0.6526,0.8987
K01402,C0119,1.0,0.4171,0.0,0.83,0.9245
K01402,C0042,1.0,0.1769,0.0,0.8422,0.7894
K01402,C0090,1.0,0.1921,0.0,0.6813,0.826
K01001,C0079,0.1667,0.7034,0.0,0.8845,0.9179
K01001,C0004,0.6667,0.1716,1.0,0.7725,0.8509
K01001,C0112,0.3333,0.34,0.0,0.7705,0.8845
K01007,C0077,1.0,0.5911,0.0,0.7243,0.9376
K01007,C0013,1.0,0.8026,0.0,0.7263,0.9043
K01007,C0081,1.0,0.6119,0.0,0.5934,0.915
K01474,C0022,1.0,0.5947,0.0,0.7773,0.8905
K01474,C0113,0.5,0.646,0.0,0.8262,0.9196
K01474,C0054,1.0,0.2089,0.0,0.6134,0.9454
K01380,C0101,1.0,0.719,0.0,0.7544,0.9801
K01380,C0006,1.0,0.6363,0.0,0.8252,0.9739
K01380,C0012,1.0,0.6397,0.0,0.709,0.7435
K01033,C0095,1.0,0.7331,0.0,0.8962,0.9475
K01033,C0032,1.0,0.6018,0.0,0.6871,0.9301
K01033,C0001,1.0,0.6209,0.0,0.6529,0.8463
K01101,C0091,1.0,0.292,0.0,0.639,0.9587
K01101,C0080,1.0,0.2946,0.0,0.8257,0.9269
K01101,C0087,1.0,0.1312,1.0,0.8419,0.9373
K01232,C0010,0.5,0.5897,0.0,0.7668,0.8169
K01232,C0090,0.5,0.1962,0.0,0.7683,0.8412
K01232,C0032,1.0,0.308,1.0,0.7648,0.9089
K00704,C0033,1.0,0.2507,0.0,0.5211,0.9483
K00704,C0007,1.0,0.6328,0.0,0.5445,0.9606
K00704,C0081,1.0,0.6119,0.0,0.6674,0.9455
K00674,C0010,0.5,0.2927,0.0,0.7,0.8987
K00674,C0110,0.5,0.2685,0.0,0.7439,0.9616
K00674,C0078,0.5,0.6291,0.0,0.7502,0.8785
K01203,C0054,0.875,0.5377,0.0,0.5574,0.9304
K01203,C0097,0.875,0.6437,0.0,0.8132,0.9817
K01203,C0001,1.0,0.7166,0.0,0.8891,0.9533
K00714,C0040,0.6667,0.6094,0.0,0.4901,0.9145
K00714,C0093,0.6667,0.6502,0.0,0.7734,0.9022
K00714,C0011,0.6667,0.5341,0.0,0.6225,0.7263
K01423,C0031,1.0,0.3135,0.0,0.753,0.8795
K01423,C0084,1.0,0.4192,0.0,0.6434,0.9747
K01423,C0056,0.75,0.567,0.0,0.7503,0.9864
K01431,C0060,0.875,0.5578,0.0,0.5214,0.9418
K01431,C0052,0.875,0.4897,0.0,0.6641,0.9232
K01431,C0022,0.875,0.5559,0.0,0.7934,0.7635
K01000,C0101,0.75,0.5686,1.0,0.7249,0.944
K01000,C0012,0.75,0.6014,0.0,0.9501,0.9093
K01000,C0006,0.75,0.6445,1.0,0.7854,0.8784
K00869,C0004,1.0,0.4518,0.0,0.7052,0.9539
K00869,C0030,1.0,0.6724,0.0,0.8869,0.9284
K00869,C0052,1.0,0.4897,0.0,0.8283,0.9031
K01045,C0034,1.0,0.8531,0.0,0.7305,0.9181
K01045,C0072,1.0,0.4228,0.0,0.4886,0.9347
K01045,C0091,0.0,0.7874,0.0,0.7512,0.9597
K01368,C0033,0.5,0.1183,1.0,0.6849,0.9368
K01368,C0094,1.0,0.3683,0.0,0.7268,0.7808
K01368,C0039,1.0,0.2504,0.0,0.7566,0.7499
K01237,C0088,1.0,0.5919,1.0,0.865,0.8184
K01237,C0001,1.0,0.7166,0.0,0.7617,0.9325
K01237,C0101,1.0,0.5686,0.0,0.7102,0.9073
K01037,C0007,1.0,0.6328,0.0,0.7699,0.9067
K01037,C0103,1.0,0.7432,0.0,0.7652,0.8902
K01037,C0078,0.75,0.6291,1.0,0.7817,0.9556
K00667,C0079,0.5,0.7034,0.0,0.6112,0.9278
K00667,C0024,0.75,0.7065,0.0,0.6883,0.916
K00667,C0112,0.5,0.34,0.0,0.7407,0.8928
K01230,C0007,1.0,0.5627,0.0,0.6706,0.8849
K01230,C0103,1.0,0.8055,0.0,0.5551,0.9516
K01230,C0120,0.25,0.0449,0.0,0.5836,0.9409
K00920,C0031,1.0,0.3135,0.0,0.7959,0.9228
K00920,C0084,1.0,0.4192,0.0,0.862,0.7478
K00920,C0114,1.0,0.2468,0.0,0.8397,0.8818
K00805,C0072,1.0,0.4228,0.0,0.6957,0.8807
K00805,C0087,0.5,0.6218,0.0,0.6226,0.9678
K00805,C0091,0.5,0.7874,0.0,0.5423,0.9306
K01054,C0007,1.0,0.6328,0.0,0.6295,0.8673
K01054,C0114,1.0,0.2468,0.0,0.7026,0.9781
K01054,C0082,1.0,0.5546,0.0,0.6598,0.976
K00791,C0055,0.8333,0.6411,0.0,0.8153,0.9228
K00791,C0032,0.8333,0.7354,1.0,0.8543,0.9197
K00791,C0007,1.0,0.5627,1.0,0.6062,0.8998
K01375,C0109,0.5,0.418,0.0,0.7734,0.909
K01375,C0066,0.5,0.5472,0.0,0.5146,0.9388
K01375,C0075,0.5,0.8681,0.0,0.8111,0.9557
K00991,C0116,1.0,0.4339,0.0,0.623,0.8299
K00991,C0016,0.3333,0.1915,0.0,0.7905,0.9336
K00991,C0011,0.5,0.5341,0.0,0.6786,0.9105
K01161,C0032,0.875,0.7354,1.0,0.7441,0.9186
K01161,C0001,0.875,0.6869,0.0,0.8122,0.8794
K01161,C0095,0.875,0.743,0.0,0.7819,0.8454
K00812,C0078,1.0,0.6291,0.0,0.9534,0.9745
K00812,C0033,1.0,0.2507,0.0,0.7497,0.905
K00812,C0096,1.0,0.3502,0.0,0.8174,0.9402
K01465,C0052,1.0,0.4897,0.0,0.8087,0.9928
K01465,C0022,1.0,0.5559,0.0,0.9004,0.9121
K01465,C0060,1.0,0.5578,0.0,0.669,0.8479
K01492,C0087,0.75,0.6218,0.0,0.872,0.8521
K01492,C0119,0.75,0.4171,0.0,0.6685,0.8276
K01492,C0066,0.75,0.4566,0.0,0.5542,0.8851
K00742,C0032,0.75,0.7354,0.0,0.7342,0.9514
K00742,C0048,0.75,0.4966,0.0,0.8812,0.9272
K00742,C0110,0.75,0.7183,0.0,0.9198,0.9641
K01481,C0078,0.3333,0.6291,0.0,0.7951,0.9241
K01481,C0026,0.3333,0.2667,0.0,0.7,0.8877
K01481,C0033,0.3333,0.2507,0.0,0.5934,0.8272
K01176,C0004,0.75,0.5342,0.0,0.8533,0.9371
K01176,C0054,1.0,0.5085,0.0,0.7712,0.935
K01176,C0005,0.75,0.5118,0.0,0.8127,0.9541
K00729,C0007,1.0,0.6102,0.0,0.5658,0.8733
K00729,C0056,1.0,0.28,0.0,0.378,0.9866
K00729,C0114,1.0,0.3236,0.0,0.7085,0.8647
K00863,C0084,0.75,0.4192,0.0,0.6098,0.9238
K00863,C0031,0.75,0.3135,0.0,0.7107,0.9583
K00863,C0114,0.75,0.2468,1.0,0.6083,0.9542
K01083,C0084,0.75,0.4192,0.0,0.841,0.9433
K01083,C0031,0.75,0.3135,0.0,0.7563,0.8357
K01083,C0114,0.75,0.2468,0.0,0.7842,0.9663
K01154,C0011,1.0,0.5341,0.0,0.7988,0.7691
K01154,C0027,1.0,0.3074,0.0,0.7861,0.7246
K01154,C0082,1.0,0.5063,0.0,0.7136,0.8885
K00979,C0056,1.0,0.567,0.0,0.5687,0.9267
K00979,C0033,1.0,0.2507,0.0,0.6191,0.9797
K00979,C0078,1.0,0.6291,0.0,0.642,0.9008
K01358,C0039,1.0,0.2504,0.0,0.8062,0.7873
K01358,C0004,0.6667,0.4518,0.0,0.8464,0.9725
K01358,C0094,1.0,0.3683,0.0,0.636,0.7613
K01047,C0032,0.75,0.7354,1.0,0.7837,0.9368
K01047,C0001,0.75,0.6869,0.0,0.8853,0.9748
K01047,C0095,0.75,0.743,0.0,0.7088,0.9035
K01424,C0002,1.0,0.6233,0.0,0.6634,0.925
K01424,C0081,1.0,0.6106,0.0,0.877,0.9905
K01424,C0116,1.0,0.3323,0.0,0.656,0.9371
K00827,C0116,1.0,0.4339,0.0,0.852,0.897
K00827,C0091,0.5,0.3383,0.0,0.6527,0.9621
K00827,C0048,0.5,0.2216,0.0,0.8967,0.9795
K00777,C0116,1.0,0.3323,0.0,0.6523,0.7193
K00777,C0016,0.75,0.6363,1.0,0.6457,0.875
K00777,C0110,0.75,0.6991,0.0,0.7766,0.9155
K01139,C0027,0.8333,0.3254,0.0,0.417,0.8592
K01139,C0025,1.0,0.6046,0.0,0.8824,0.9415
K01139,C0090,0.8333,0.556,0.0,0.6929,0.8389
K00975,C0007,1.0,0.5627,0.0,0.6618,0.9731
K00975,C0055,0.8333,0.6411,1.0,0.8703,0.9114
K00975,C0092,0.8333,0.48,1.0,0.7156,0.8898
K01250,C0054,0.75,0.2124,0.0,0.6877,0.8517
K01250,C0024,0.5,0.4237,1.0,0.8662,0.8937
K01250,C0106,0.5,0.813,1.0,0.7365,0.9274
K00938,C0039,1.0,0.2408,0.0,0.6087,0.8364
K00938,C0120,0.1667,0.2787,0.0,0.7673,0.9317
K00938,C0002,0.1667,0.622,1.0,0.5692,0.897
K01218,C0112,0.875,0.39,0.0,0.8029,0.9134
K01218,C0045,0.875,0.7126,0.0,0.7297,0.863
K01218,C0033,0.75,0.2507,0.0,0.6019,0.9832
K01304,C0002,1.0,0.2409,0.0,0.5385,0.9373
K01304,C0080,0.75,0.2354,0.0,0.7112,0.98
K01304,C0091,0.75,0.2613,0.0,0.6759,0.9059
K00986,C0120,1.0,0.2787,0.0,0.5729,0.9458
K00986,C0039,1.0,0.2408,0.0,0.7359,0.8646
K00986,C0002,1.0,0.622,0.0,0.6964,0.9132
K01092,C0022,1.0,0.5947,0.0,0.8853,0.7342
K01092,C0027,0.8333,0.3074,0.0,0.7677,0.9029
K01092,C0053,0.1667,0.6641,0.0,0.7702,0.9731
K00785,C0054,0.3333,0.1795,0.0,0.8263,0.9288
K00785,C0027,1.0,0.3254,0.0,0.5993,0.9248
K00785,C0029,1.0,0.5823,0.0,0.5167,0.9061
K00969,C0078,1.0,0.6291,0.0,0.6497,0.9741
K00969,C0096,1.0,0.3502,0.0,0.6275,0.8833
K00969,C0073,1.0,0.4327,0.0,0.7158,0.9478
K01372,C0027,0.8333,0.3254,0.0,0.6986,0.8528
K01372,C0090,0.8333,0.556,0.0,0.9226,0.9059
K01372,C0009,0.8333,0.6638,0.0,0.7894,0.8456
K00918,C0032,0.75,0.6018,0.0,0.882,0.9464
K00918,C0001,0.75,0.6209,0.0,0.8873,0.9182
K00918,C0095,0.75,0.7331,0.0,0.6096,0.9234
K01234,C0078,1.0,0.6291,0.0,0.7916,0.9261
K01234,C0120,1.0,0.2787,1.0,0.7429,0.8278
K01234,C0026,1.0,0.2667,1.0,0.7812,0.8258
K01121,C0048,0.75,0.4966,0.0,0.7622,0.9574
K01121,C0110,0.75,0.7183,0.0,0.8086,0.8925
K01121,C0028,0.75,0.735,0.0,0.7828,0.9426
K01262,C0051,1.0,0.6798,0.0,0.5652,0.9282
K01262,C0029,1.0,0.5823,0.0,0.427,0.9136
K01262,C0119,1.0,0.4456,0.0,0.4204,0.9241
K01361,C0073,0.75,0.4377,0.0,0.8194,0.8369
K01361,C0107,0.75,0.4681,0.0,0.6864,0.8893
K01361,C0006,0.75,0.6843,1.0,0.6495,0.888
K01298,C0082,1.0,0.5546,0.0,0.816,0.8992
K01298,C0101,1.0,0.719,0.0,0.8072,0.9208
K01298,C0006,1.0,0.6363,0.0,0.8312,0.8452
K00792,C0067,1.0,0.5524,0.0,0.9712,0.9432
K00792,C0029,0.3333,0.5823,0.0,0.5686,0.9131
K00792,C0051,0.3333,0.6798,0.0,0.689,0.9006
K01148,C0052,1.0,0.4897,0.0,0.9118,0.9848
K01148,C0022,1.0,0.5559,0.0,0.7906,0.9336
K01148,C0060,1.0,0.5578,1.0,0.8384,0.7884
K00658,C0072,1.0,0.5483,0.0,0.7015,0.946
K00658,C0048,0.6667,0.1942,0.0,0.9419,0.9764
K00658,C0054,1.0,0.4997,0.0,0.7649,0.923
K01351,C0090,0.6667,0.4987,0.0,0.8823,0.9295
K01351,C0060,0.8333,0.5958,0.0,0.7026,0.9454
K01351,C0009,0.6667,0.761,1.0,0.7912,0.9329
K01050,C0054,0.8333,0.5085,0.0,0.7355,0.943
K01050,C0109,0.6667,0.418,0.0,0.9387,0.9362
K01050,C0075,0.6667,0.8681,0.0,0.5869,0.9794
K00959,C0110,0.1667,0.6702,0.0,0.6574,0.9162
K00959,C0054,1.0,0.146,0.0,0.6202,0.8759
K00959,C0036,0.6667,0.2673,1.0,0.7022,0.8589
K00872,C0027,0.875,0.3074,0.0,0.6326,0.8011
K00872,C0090,0.875,0.4987,0.0,0.8084,0.786
K00872,C0009,0.875,0.761,0.0,0.7113,0.7335
K00790,C0033,1.0,0.2507,0.0,0.8766,0.9633
K00790,C0096,1.0,0.3502,0.0,0.7473,0.952
K00790,C0078,1.0,0.6291,0.0,0.7695,0.9136
K01338,C0073,1.0,0.4327,0.0,0.8832,0.8906
K01338,C0107,1.0,0.513,0.0,0.6711,0.9065
K01338,C0006,1.0,0.6363,0.0,0.5771,0.8322
K01311,C0054,1.0,0.4997,0.0,0.681,0.9053
K01311,C0049,1.0,0.642,0.0,0.8028,0.8923
K01311,C0072,1.0,0.5483,0.0,0.6679,0.9812
K01195,C0088,0.75,0.2292,1.0,0.8136,0.9738
K01195,C0054,0.75,0.2124,0.0,0.9003,0.8835
K01195,C0022,0.75,0.5559,0.0,0.7583,0.9576
K01315,C0027,0.8333,0.3074,1.0,0.4969,0.9033
K01315,C0053,0.8333,0.6641,0.0,0.6125,0.9305
K01315,C0032,0.8333,0.6018,1.0,0.5175,0.9144
K01347,C0051,1.0,0.6798,1.0,0.5721,0.9144
K01347,C0027,1.0,0.3254,1.0,0.654,0.8856
K01347,C0055,1.0,0.5709,1.0,0.7414,0.9683
K01389,C0004,1.0,0.5342,0.0,0.8008,0.7178
K01389,C0068,1.0,0.676,0.0,0.6336,0.775
K01389,C0060,1.0,0.6895,0.0,0.6715,0.6424
K01135,C0006,1.0,0.6363,0.0,0.8095,0.9324
K01135,C0107,1.0,0.513,0.0,0.8033,0.874
K01135,C0063,1.0,0.5504,0.0,0.7248,0.8223
K01284,C0110,0.8333,0.3157,0.0,0.7526,0.9821
K01284,C0010,0.8333,0.2586,0.0,0.8092,0.963
K01284,C0048,0.5,0.1676,0.0,0.8025,0.9025
K00999,C0054,1.0,0.5377,0.0,0.5956,0.8892
K00999,C0024,1.0,0.7644,0.0,0.8401,0.9133
K00999,C0006,1.0,0.6445,0.0,0.6743,0.8981
K00701,C0052,1.0,0.4897,0.0,0.8065,0.9324
K00701,C0035,1.0,0.7568,0.0,0.6736,0.8513
K00701,C0004,1.0,0.4518,0.0,0.8,0.8174
K00982,C0081,1.0,0.6119,0.0,0.6743,0.9572
K00982,C0002,1.0,0.622,0.0,0.9147,0.941
K00982,C0013,1.0,0.8026,0.0,0.704,0.8004
K00813,C0027,0.75,0.3074,0.0,0.7931,0.9488
K00813,C0053,0.75,0.6641,0.0,0.7239,0.9883
K00813,C0018,0.75,0.3264,0.0,0.6125,0.867
K01062,C0110,0.8333,0.7183,0.0,0.8422,0.9751
K01062,C0010,0.8333,0.4837,0.0,0.8252,0.8828
K01062,C0048,0.8333,0.4966,0.0,0.8915,0.8935
K00774,C0031,1.0,0.3135,0.0,0.628,0.9793
K00774,C0114,1.0,0.2468,0.0,0.6559,0.9237
K00774,C0084,1.0,0.4192,0.0,0.9441,0.9433
K00738,C0052,0.8333,0.5104,0.0,0.7593,0.9648
K00738,C0006,0.8333,0.6843,0.0,0.8137,0.9324
K00738,C0018,0.8333,0.3264,0.0,0.9192,0.8179
K01296,C0016,0.3333,0.6363,0.0,0.7452,0.9954
K01296,C0083,0.3333,0.3713,0.0,0.6723,0.9611
K01296,C0031,1.0,0.1852,0.0,0.791,0.9093
K01104,C0033,1.0,0.2507,0.0,0.767,0.9439
K01104,C0078,1.0,0.6291,0.0,0.9348,0.9675
K01104,C0006,1.0,0.6363,0.0,0.8874,0.9181
K01344,C0006,0.5,0.6843,1.0,0.8088,0.9937
K01344,C0018,0.5,0.3264,0.0,0.6717,0.9618
K01344,C0090,0.5,0.4987,0.0,0.917,0.8782
K01333,C0027,0.75,0.3254,0.0,0.7332,0.8832
K01333,C0025,0.75,0.6046,0.0,0.7654,0.9696
K01333,C0009,0.75,0.6638,0.0,0.8241,0.7512
K00957,C0094,1.0,0.2578,0.0,0.4893,0.8045
K00957,C0039,1.0,0.2408,0.0,0.9501,0.9627
K00957,C0033,0.6667,0.2507,1.0,0.5576,0.9323
K01496,C0054,1.0,0.4997,0.0,0.8244,0.9387
K01496,C0049,1.0,0.642,0.0,0.7095,0.9151
K01496,C0022,1.0,0.6116,1.0,0.8387,0.8266
K00784,C0027,1.0,0.3254,1.0,0.755,0.9439
K00784,C0009,1.0,0.6638,0.0,0.7749,0.8369
K00784,C0025,1.0,0.6046,0.0,0.6774,0.893
K01383,C0004,1.0,0.4518,1.0,0.8403,0.892
K01383,C0030,1.0,0.6724,0.0,0.7238,0.9325
K01383,C0052,1.0,0.4897,0.0,0.7734,0.9531
K00752,C0083,1.0,0.3713,0.0,0.5852,0.9592
K00752,C0091,1.0,0.7874,0.0,0.7028,0.9889
K00752,C0016,1.0,0.6363,0.0,0.6582,0.9585
K01282,C0024,0.25,0.1559,0.0,0.7481,0.8862
K01282,C0054,0.5,0.4997,0.0,0.5785,0.9244
K01282,C0079,0.25,0.2702,1.0,0.7679,0.822
K01336,C0001,0.8333,0.6869,0.0,0.6262,0.927
K01336,C0006,0.8333,0.2531,0.0,0.8419,0.9153
K01336,C0110,0.1667,0.7183,0.0,0.6773,0.9278
K00696,C0032,0.8333,0.6018,1.0,0.7209,0.953
K00696,C0095,0.8333,0.7331,0.0,0.786,0.9237
K00696,C0001,0.8333,0.6209,0.0,0.6919,0.9847
K01074,C0009,1.0,0.761,0.0,0.7237,0.9484
K01074,C0102,1.0,0.7671,0.0,0.6566,0.9637
K01074,C0053,1.0,0.6641,0.0,0.4819,0.9687
K00900,C0006,0.75,0.6445,1.0,0.7084,0.9819
K00900,C0101,0.75,0.5686,1.0,0.9112,0.9808
K00900,C0012,0.75,0.6014,0.0,0.8528,0.7502
K00728,C0029,1.0,0.5823,0.0,0.6533,0.992
K00728,C0042,1.0,0.2224,0.0,0.8509,0.9293
K00728,C0038,1.0,0.1521,0.0,0.5918,0.9372
K01334,C0054,1.0,0.5377,0.0,0.624,0.985
K01334,C0016,0.25,0.2477,0.0,0.7137,0.9165
K01334,C0013,0.75,0.3138,0.0,0.7525,0.9693
K00806,C0054,1.0,0.4997,0.0,0.7265,0.8743
K00806,C0049,1.0,0.642,0.0,0.7472,0.9072
K00806,C0022,1.0,0.6116,0.0,0.6653,0.7519
K00856,C0034,1.0,0.6993,0.0,0.9018,0.7978
K00856,C0072,1.0,0.4356,0.0,0.7302,0.8449
K00856,C0110,0.6667,0.2278,0.0,0.8457,0.9302
K01152,C0075,0.625,0.8681,0.0,0.8015,0.9723
K01152,C0054,0.625,0.5085,0.0,0.7177,0.9452
K01152,C0087,0.625,0.5538,1.0,0.7347,0.9701
K01441,C0054,0.375,0.2068,0.0,0.6607,0.8979
K01441,C0032,0.625,0.7354,0.0,0.6137,0.9579
K01441,C0007,1.0,0.5627,0.0,0.6223,0.9461
K00976,C0034,1.0,0.6993,0.0,0.949,0.739
K00976,C0072,1.0,0.4356,0.0,0.7296,0.9192
K00976,C0004,1.0,0.4518,0.0,0.8709,0.9552
K01067,C0013,0.6667,0.3432,0.0,0.9033,0.9603
K01067,C0056,0.6667,0.2659,0.0,0.7789,0.9392
K01067,C0078,0.6667,0.1953,0.0,0.8824,0.9604
K00776,C0060,0.75,0.5578,0.0,0.8483,0.8661
K00776,C0052,0.75,0.4897,0.0,0.9091,0.8679
K00776,C0022,0.75,0.5559,1.0,0.7798,0.8482
K01365,C0032,0.75,0.7354,0.0,0.7341,0.916
K01365,C0110,0.75,0.7183,0.0,0.7994,0.7962
K01365,C0055,0.75,0.6411,0.0,0.7621,0.8767
K01022,C0052,0.875,0.4897,0.0,0.7039,0.9743
K01022,C0060,0.875,0.5578,1.0,0.5643,0.7923
K01022,C0022,0.875,0.5559,0.0,0.7709,0.8562
K01097,C0054,1.0,0.4997,0.0,0.6928,0.9071
K01097,C0075,0.375,0.314,0.0,0.8601,0.9272
K01097,C0086,0.375,0.2064,0.0,0.6891,0.8358
K01201,C0004,1.0,0.4518,1.0,0.6993,0.9201
K01201,C0060,1.0,0.5578,1.0,0.5377,0.8962
K01201,C0008,1.0,0.5669,0.0,0.6849,0.8425
K00793,C0002,1.0,0.6233,0.0,0.6085,0.9556
K00793,C0081,1.0,0.6106,0.0,0.8546,0.9198
K00793,C0013,1.0,0.7336,0.0,0.8163,0.7666
K01082,C0004,1.0,0.5342,0.0,0.9428,0.8363
K01082,C0060,1.0,0.6895,0.0,0.7424,0.7999
K01082,C0068,1.0,0.676,0.0,0.7065,0.835
K01119,C0004,0.0,0.4518,1.0,0.8024,0.9074
K01119,C0060,0.0,0.5578,1.0,0.7445,0.8581
K01119,C0048,1.0,0.2209,1.0,0.6996,0.9151
K01041,C0110,0.8333,0.7183,0.0,0.8211,0.9409
K01041,C0032,0.8333,0.7354,0.0,0.6083,0.9364
K01041,C0048,0.8333,0.4966,0.0,0.787,0.9551
K01044,C0009,0.8333,0.761,1.0,0.8735,0.9383
K01044,C0113,0.8333,0.646,0.0,0.7561,0.9117
K01044,C0018,0.8333,0.3264,0.0,0.5926,0.8982
K01236,C0054,1.0,0.5377,0.0,0.7378,0.8615
K01236,C0109,0.5,0.3128,0.0,0.8008,0.9613
K01236,C0087,0.5,0.2753,0.0,0.5531,0.9455
K01295,C0006,0.75,0.6363,0.0,0.8549,0.9444
K01295,C0116,1.0,0.4451,0.0,0.7939,0.9837
K01295,C0107,0.75,0.513,0.0,0.7917,0.8525
K01272,C0006,1.0,0.6445,0.0,0.8753,0.8903
K01272,C0012,1.0,0.6014,0.0,0.6988,0.7409
K01272,C0101,1.0,0.5686,0.0,0.6467,0.7499
K00829,C0086,0.75,0.569,0.0,0.8935,0.8864
K00829,C0004,0.75,0.5342,0.0,0.8206,0.8745
K00829,C0017,0.75,0.3955,0.0,0.9205,0.8651
K01027,C0013,1.0,0.7336,0.0,0.8992,0.7921
K01027,C0002,1.0,0.6233,0.0,0.817,0.854
K01027,C0077,1.0,0.5528,0.0,0.758,0.865
K00849,C0006,1.0,0.6445,0.0,0.8029,0.9287
K00849,C0012,1.0,0.6014,0.0,0.8771,0.7893
K00849,C0101,1.0,0.5686,0.0,0.8391,0.8262
K01114,C0042,1.0,0.2224,0.0,0.7199,0.8089
K01114,C0119,1.0,0.4456,0.0,0.8304,0.7906
K01114,C0029,1.0,0.5823,0.0,0.7582,0.9384
K01273,C0033,1.0,0.2507,0.0,0.5063,0.9655
K01273,C0056,1.0,0.567,0.0,0.5724,0.9405
K01273,C0096,1.0,0.3502,0.0,0.7943,0.9808
K01308,C0081,1.0,0.6106,0.0,0.8547,0.9766
K01308,C0002,1.0,0.6233,1.0,0.8016,0.915
K01308,C0013,1.0,0.7336,0.0,0.9876,0.8149
K01359,C0031,1.0,0.3135,0.0,0.7588,0.9182
K01359,C0084,1.0,0.4192,0.0,0.6468,0.9712
K01359,C0114,1.0,0.2468,0.0,0.8816,0.9741
K00985,C0048,0.875,0.4966,0.0,0.8252,0.9814
K00985,C0110,0.875,0.7183,0.0,0.866,0.9151
K00985,C0032,0.875,0.7354,0.0,0.8172,0.9598
K00984,C0060,1.0,0.5958,0.0,0.7436,0.8893
K00984,C0040,0.75,0.6094,0.0,0.774,0.8578
K00984,C0025,0.75,0.3868,0.0,0.7542,0.8964
K01454,C0073,0.875,0.4327,0.0,0.7858,0.9554
K01454,C0006,0.875,0.6363,0.0,0.7771,0.7728
K01454,C0107,0.875,0.513,0.0,0.8141,0.8821
K00684,C0087,1.0,0.6218,0.0,0.712,0.9383
K00684,C0066,1.0,0.4566,0.0,0.7256,0.9176
K00684,C0099,1.0,0.4657,0.0,0.9388,0.8564
K00713,C0006,1.0,0.6843,1.0,0.8331,0.9572
K00713,C0082,1.0,0.5063,0.0,0.7268,0.9772
K00713,C0063,1.0,0.5314,0.0,0.8342,0.8673
K01118,C0116,1.0,0.4339,0.0,0.7673,0.7056
K01118,C0110,0.5,0.3516,0.0,0.6637,0.9831
K01118,C0087,0.5,0.292,0.0,0.6208,0.959
K01008,C0033,0.3333,0.2507,0.0,0.7887,0.9067
K01008,C0054,0.6667,0.2287,0.0,0.7884,0.8561
K01008,C0078,0.3333,0.6291,0.0,0.8095,0.8375
K01460,C0027,0.8333,0.3074,0.0,0.6628,0.9357
K01460,C0090,0.8333,0.4987,0.0,0.8247,0.8413
K01460,C0009,0.8333,0.761,0.0,0.7537,0.7333
K00717,C0033,0.5,0.2507,0.0,0.6749,0.881
K00717,C0056,0.5,0.567,1.0,0.7705,0.8782
K00717,C0096,0.5,0.3502,0.0,0.7682,0.944
K01032,C0007,1.0,0.6328,0.0,0.6253,0.8657
K01032,C0114,1.0,0.2468,0.0,0.7833,0.9801
K01032,C0078,1.0,0.6291,0.0,0.773,0.9401
K01405,C0060,0.75,0.6895,0.0,0.6208,0.9243
K01405,C0025,0.75,0.5468,0.0,0.6848,0.9666
K01405,C0058,0.75,0.8854,0.0,0.5069,0.9822
K00811,C0054,0.75,0.4997,0.0,0.7035,0.957
K00811,C0020,0.25,0.1304,0.0,0.7893,0.9078
K00811,C0012,0.25,0.3096,0.0,0.7346,0.8885
K00662,C0039,1.0,0.2504,0.0,0.8444,0.8069
K00662,C0094,1.0,0.3683,0.0,0.6588,0.5598
K00662,C0006,0.1667,0.3534,0.0,0.8693,0.9588
K01286,C0032,0.6667,0.6018,0.0,0.6983,0.931
K01286,C0001,0.6667,0.6209,0.0,0.7675,0.9774
K01286,C0095,0.6667,0.7331,1.0,0.7732,0.9328
K01159,C0110,0.375,0.2278,0.0,0.5996,0.961
K01159,C0008,0.625,0.5669,0.0,0.6384,0.9124
K01159,C0019,1.0,0.6336,0.0,0.612,0.9409
K00935,C0083,0.1667,0.1575,0.0,0.7264,0.9492
K00935,C0054,0.8333,0.5377,0.0,0.5711,0.9121
K00935,C0016,0.1667,0.2477,0.0,0.9332,0.9457
K01392,C0034,1.0,0.6993,0.0,0.5923,0.9153
K01392,C0072,1.0,0.4356,0.0,0.7098,0.931
K01392,C0110,0.0,0.2278,0.0,0.6008,0.9926
K00862,C0084,0.75,0.4192,0.0,0.6834,0.9604
K00862,C0031,0.625,0.3135,0.0,0.6996,0.8662
K00862,C0114,0.625,0.2468,0.0,0.9146,0.9179
K01018,C0022,1.0,0.5947,0.0,0.8876,0.9677
K01018,C0027,1.0,0.3074,0.0,0.8276,0.9624
K01018,C0113,1.0,0.646,0.0,0.5528,0.9635
K01023,C0033,1.0,0.2507,1.0,0.78,0.9664
K01023,C0078,1.0,0.6291,0.0,0.9267,0.9558
K01023,C0045,1.0,0.7126,0.0,0.7506,0.9577
K01371,C0067,1.0,0.5637,0.0,0.4834,0.8669
K01371,C0060,0.5,0.5578,0.0,0.7544,0.9805
K01371,C0019,0.5,0.6336,0.0,0.8611,0.9294
K01110,C0084,1.0,0.4192,0.0,0.6366,0.9495
K01110,C0031,0.75,0.3135,0.0,0.7395,0.8637
K01110,C0114,0.75,0.2468,0.0,0.6351,0.9098
K00858,C0031,1.0,0.3135,0.0,0.8227,0.8166
K00858,C0084,1.0,0.4192,0.0,0.6511,0.8642
K00858,C0059,1.0,0.6274,0.0,0.7744,0.952
K00733,C0094,1.0,0.2578,0.0,0.6937,0.8685
K00733,C0039,1.0,0.2408,0.0,0.8095,0.9117
K00733,C0056,0.0,0.567,1.0,0.7354,0.9265
K00908,C0042,1.0,0.1769,0.0,0.54,0.9327
K00908,C0110,1.0,0.6991,0.0,0.7004,0.9725
K00908,C0087,1.0,0.6218,0.0,0.768,0.9639
K00712,C0009,1.0,0.761,1.0,0.6712,0.8808
K00712,C0027,1.0,0.3074,1.0,0.5804,0.7915
K00712,C0090,1.0,0.4987,0.0,0.8209,0.8869
K01353,C0027,0.8333,0.3254,0.0,0.745,0.8844
K01353,C0090,0.8333,0.556,0.0,0.6044,0.8378
K01353,C0009,0.8333,0.6638,0.0,0.5875,0.7458
K00659,C0042,1.0,0.2224,0.0,0.7726,0.686
K00659,C0119,1.0,0.4456,0.0,0.7547,0.8257
K00659,C0016,0.5,0.24,0.0,0.7979,0.9816
K01367,C0093,0.625,0.6502,0.0,0.7655,0.9406
K01367,C0052,0.75,0.5104,0.0,0.8845,0.9918
K01367,C0027,0.625,0.3074,0.0,0.8517,0.9634
K01270,C0054,1.0,0.5377,0.0,0.5493,0.9735
K01270,C0097,1.0,0.6437,0.0,0.8051,0.9428
K01270,C0024,1.0,0.7644,0.0,0.614,0.9554
K01426,C0060,0.1667,0.5958,0.0,0.847,0.954
K01426,C0111,1.0,0.652,0.0,0.7822,0.9709
K01426,C0043,0.8333,0.2631,1.0,0.8805,0.8801
K01480,C0007,1.0,0.6328,0.0,0.721,0.5402
K01480,C0059,0.3333,0.6274,0.0,0.8355,0.9449
K01480,C0027,0.8333,0.0971,0.0,0.7998,0.8766
K00864,C0107,1.0,0.513,0.0,0.8436,0.9866
K00864,C0073,1.0,0.4327,0.0,0.7851,0.9403
K00864,C0006,1.0,0.6363,1.0,0.8066,0.7892
K00950,C0082,0.75,0.5063,0.0,0.6146,0.9703
K00950,C0107,0.75,0.4681,0.0,0.7502,0.7752
K00950,C0006,0.75,0.6843,0.0,0.8442,0.8929
K00743,C0114,0.75,0.2468,0.0,0.7942,0.842
K00743,C0084,0.75,0.4192,0.0,0.8454,0.6916
K00743,C0085,0.625,0.7735,0.0,0.9001,0.8603
K01080,C0050,1.0,0.2738,0.0,0.9341,0.7759
K01080,C0001,0.75,0.6869,0.0,0.8375,0.8923
K01080,C0032,0.75,0.7354,1.0,0.9049,0.8264
K00875,C0002,1.0,0.6233,0.0,0.5202,0.8481
K00875,C0081,1.0,0.6106,0.0,0.8609,0.8205
K00875,C0013,1.0,0.7336,1.0,0.728,0.5867
K01038,C0007,0.75,0.6328,0.0,0.5528,0.979
K01038,C0085,0.75,0.7735,0.0,0.7767,0.8819
K01038,C0033,0.75,0.2507,0.0,0.5915,0.9212
K00978,C0039,1.0,0.2504,0.0,0.7829,0.9517
K00978,C0094,1.0,0.3683,0.0,0.5843,0.742
K00978,C0033,0.5,0.1183,0.0,0.5424,0.9305
K01266,C0042,1.0,0.2224,0.0,0.7521,0.9634
K01266,C0119,1.0,0.4456,0.0,0.9297,0.9074
K01266,C0038,1.0,0.1521,0.0,0.5555,0.9894
K01005,C0060,0.75,0.6895,0.0,0.6316,0.9901
K01005,C0025,0.5,0.5468,0.0,0.5276,0.9033
K01005,C0058,0.5,0.8854,1.0,0.5468,0.9262
K01168,C0071,0.75,0.2298,1.0,0.854,0.9172
K01168,C0001,0.75,0.7166,0.0,0.7907,0.9568
K01168,C0006,1.0,0.6445,1.0,0.63,0.9383
K00873,C0088,0.875,0.5919,0.0,0.6238,0.9827
K00873,C0001,1.0,0.7166,0.0,0.8008,0.7961
K00873,C0006,0.875,0.6445,0.0,0.7947,0.743
K00707,C0031,0.625,0.3135,0.0,0.8183,0.8824
K00707,C0084,0.75,0.4192,0.0,0.8126,0.8781
K00707,C0033,0.625,0.2507,0.0,0.6649,0.9172
K01048,C0094,1.0,0.3683,0.0,0.7906,0.6992
K01048,C0004,1.0,0.4518,0.0,0.8027,0.9179
K01048,C0022,1.0,0.5559,0.0,0.7544,0.841
K01208,C0018,0.8333,0.3264,0.0,0.8005,0.913
K01208,C0113,0.8333,0.646,0.0,0.7645,0.9423
K01208,C0053,0.8333,0.6641,0.0,0.7719,0.9439
K00681,C0004,0.5,0.4518,0.0,0.6767,0.9267
K00681,C0079,0.25,0.2167,0.0,0.6107,0.9258
K00681,C0111,0.25,0.1769,0.0,0.6553,0.8521
K01068,C0088,1.0,0.5919,0.0,0.6262,0.9501
K01068,C0001,1.0,0.7166,0.0,0.6802,0.8527
K01068,C0006,1.0,0.6445,1.0,0.7553,0.8444
K01105,C0055,0.0,0.1551,0.0,0.8142,0.9258
K01105,C0108,0.0,0.1669,0.0,0.4945,0.931
K01105,C0017,1.0,0.3955,0.0,0.6446,0.9546
K01144,C0050,1.0,0.2738,0.0,0.8773,0.9687
K01144,C0032,1.0,0.7354,1.0,0.9002,0.9259
K01144,C0001,1.0,0.6869,0.0,0.8109,0.8195
K00948,C0056,1.0,0.567,0.0,0.8749,0.9501
K00948,C0059,1.0,0.6274,0.0,0.7291,0.9718
K00948,C0033,1.0,0.2507,0.0,0.8161,0.9803
K01504,C0103,1.0,0.8055,1.0,0.7542,0.8291
K01504,C0007,1.0,0.5627,1.0,0.7319,0.6139
K01504,C0059,0.0,0.1913,0.0,0.8597,0.906
K01155,C0081,1.0,0.6119,0.0,0.871,0.8533
K01155,C0002,1.0,0.622,0.0,0.7031,0.8569
K01155,C0077,1.0,0.5911,0.0,0.8237,0.8235
K00709,C0107,1.0,0.4681,0.0,0.8009,0.9478
K00709,C0082,1.0,0.5063,0.0,0.6847,0.8248
K00709,C0006,1.0,0.6843,0.0,0.7947,0.9258
K01462,C0060,0.75,0.5958,0.0,0.6728,0.6982
K01462,C0040,0.75,0.6094,0.0,0.7328,0.8292
K01462,C0025,0.75,0.3868,0.0,0.536,0.7359
K01034,C0022,1.0,0.6116,0.0,0.7522,0.8194
K01034,C0054,1.0,0.4997,0.0,0.944,0.8605
K01034,C0049,1.0,0.642,0.0,0.6272,0.7308
K01002,C0082,1.0,0.5063,0.0,0.8804,0.8857
K01002,C0107,1.0,0.4681,1.0,0.8228,0.7988
K01002,C0006,1.0,0.6843,1.0,0.829,0.9446
K00843,C0082,0.75,0.5546,0.0,0.7093,0.9199
K00843,C0107,0.75,0.513,0.0,0.8449,0.885
K00843,C0006,0.75,0.6363,0.0,0.8635,0.955
K00998,C0018,0.875,0.3264,0.0,0.9506,0.9822
K00998,C0022,1.0,0.5947,0.0,0.759,0.8716
K00998,C0027,0.875,0.3074,0.0,0.7184,0.8648
K01340,C0027,0.75,0.3074,0.0,0.8614,0.9565
K01340,C0050,1.0,0.195,0.0,0.8432,0.9502
K01340,C0022,0.875,0.5947,0.0,0.8202,0.9559
K01183,C0025,1.0,0.6046,0.0,0.7137,0.8838
K01183,C0119,0.8333,0.4456,0.0,0.6957,0.8961
K01183,C0007,0.6667,0.6102,0.0,0.6904,0.9486
K01309,C0034,1.0,0.6993,0.0,0.6545,0.9044
K01309,C0072,1.0,0.4356,0.0,0.6372,0.8717
K01309,C0022,1.0,0.5559,0.0,0.6764,0.9471
K01009,C0106,1.0,0.813,1.0,0.8208,0.9229
K01009,C0004,1.0,0.4518,1.0,0.8214,0.8611
K01009,C0060,1.0,0.5578,1.0,0.8304,0.8815
K00741,C0082,0.75,0.5546,0.0,0.8197,0.8233
K00741,C0101,0.75,0.719,0.0,0.8283,0.9294
K00741,C0107,0.75,0.513,0.0,0.8306,0.7898
K00766,C0087,1.0,0.6218,1.0,0.7469,0.8932
K00766,C0016,1.0,0.6363,0.0,0.8321,0.9014
K00766,C0042,1.0,0.1769,0.0,0.8073,0.836
K00880,C0050,1.0,0.2738,0.0,0.7921,0.9566
K00880,C0060,0.8333,0.2525,0.0,0.6642,0.9552
K00880,C0055,0.1667,0.6411,0.0,0.7494,0.9039
K01463,C0042,0.25,0.1595,0.0,0.9299,0.9368
K01463,C0080,0.25,0.2946,0.0,0.7276,0.9304
K01463,C0043,0.25,0.2108,0.0,0.8239,0.9885
K00751,C0079,0.5,0.7034,0.0,0.6399,0.9596
K00751,C0111,0.75,0.6158,0.0,0.7623,0.9386
K00751,C0045,0.5,0.635,0.0,0.8382,0.952
K00799,C0054,0.875,0.4997,0.0,0.861,0.9431
K00799,C0022,0.875,0.6116,0.0,0.7091,0.9666
K00799,C0020,0.625,0.1304,0.0,0.9218,0.8118
K01006,C0060,1.0,0.5578,1.0,0.7442,0.7977
K01006,C0004,1.0,0.4518,1.0,0.9058,0.805
K01006,C0068,1.0,0.6102,0.0,0.8557,0.5623
K01151,C0042,1.0,0.2224,0.0,0.7269,0.9647
K01151,C0119,1.0,0.4456,0.0,0.7164,0.9496
K01151,C0055,1.0,0.5709,0.0,0.7326,0.984
K01051,C0022,1.0,0.5559,0.0,0.8352,0.8959
K01051,C0052,1.0,0.4897,0.0,0.8195,0.9599
K01051,C0050,1.0,0.241,0.0,0.7057,0.8939
K01106,C0012,1.0,0.6397,0.0,0.9275,0.9145
K01106,C0101,1.0,0.719,1.0,0.8404,0.8952
K01106,C0006,1.0,0.6363,1.0,0.7957,0.8567
K01141,C0067,1.0,0.5524,0.0,0.7574,0.8085
K01141,C0060,0.5,0.2477,0.0,0.8466,0.9827
K01141,C0090,0.5,0.556,0.0,0.8642,0.9789
K00846,C0004,1.0,0.5342,0.0,0.9062,0.9347
K00846,C0060,1.0,0.6895,0.0,0.804,0.8636
K00846,C0068,1.0,0.676,0.0,0.6677,0.7852
K01126,C0116,1.0,0.3323,0.0,0.5039,0.9663
K01126,C0022,0.875,0.279,1.0,0.695,0.9409
K01126,C0011,0.375,0.1981,0.0,0.7797,0.9009
K00661,C0045,0.8333,0.7126,0.0,0.8948,0.9961
K00661,C0112,0.8333,0.39,0.0,0.6304,0.7959
K00661,C0078,0.6667,0.6291,0.0,0.7512,0.9819
K01451,C0004,0.5,0.4518,0.0,0.7802,0.8476
K01451,C0039,1.0,0.2504,0.0,0.8026,0.7643
K01451,C0030,0.5,0.6724,0.0,0.9031,0.8965
K01157,C0054,1.0,0.4997,0.0,0.7197,0.9174
K01157,C0088,0.3333,0.2385,0.0,0.8382,0.8762
K01157,C0020,0.3333,0.1304,0.0,0.8055,0.8586
K00823,C0060,0.8333,0.6895,1.0,0.7157,0.8778
K00823,C0087,0.6667,0.5538,1.0,0.7507,0.8635
K00823,C0109,0.6667,0.418,0.0,0.7134,0.8854
K01024,C0027,0.75,0.3074,0.0,0.7203,0.8313
K01024,C0090,0.75,0.4987,0.0,0.7065,0.7159
K01024,C0025,1.0,0.3868,0.0,0.7303,0.9096
K00740,C0097,0.625,0.6437,0.0,0.7094,0.9362
K00740,C0066,0.375,0.2049,1.0,0.469,0.8608
K00740,C0054,0.875,0.5377,0.0,0.5344,0.8691
K01291,C0055,0.0,0.1551,0.0,0.7039,0.9574
K01291,C0054,0.5,0.5085,0.0,0.5719,0.97
K01291,C0109,0.5,0.418,0.0,0.5967,0.9063
K01093,C0033,1.0,0.0714,1.0,0.6425,0.9824
K01093,C0056,1.0,0.2659,0.0,0.6185,0.9407
K01093,C0007,1.0,0.1626,1.0,0.6038,0.9394
K01390,C0055,0.75,0.6411,0.0,0.7105,0.978
K01390,C0108,0.75,0.3287,0.0,0.8977,0.938
K01390,C0032,0.75,0.7354,0.0,0.6928,0.9523
K01502,C0094,1.0,0.2578,0.0,0.842,0.7781
K01502,C0004,0.8333,0.2343,0.0,0.8794,0.9826
K01502,C0096,0.3333,0.3502,0.0,0.8714,0.9576
K00860,C0058,0.75,0.8854,0.0,0.601,0.9373
K00860,C0060,1.0,0.6895,0.0,0.6943,0.9232
K00860,C0025,0.75,0.5468,0.0,0.6894,0.992
K01100,C0027,1.0,0.3254,0.0,0.7811,0.9769
K01100,C0090,1.0,0.556,0.0,0.6406,0.9171
K01100,C0009,1.0,0.6638,0.0,0.6237,0.8233
K01228,C0060,0.875,0.5578,1.0,0.7906,0.9821
K01228,C0052,0.875,0.4897,0.0,0.8254,0.8708
K01228,C0050,1.0,0.241,0.0,0.6772,0.839
K00896,C0054,0.75,0.5377,0.0,0.6343,0.9492
K00896,C0020,0.75,0.2874,0.0,0.7564,0.9545
K00896,C0088,0.75,0.5919,1.0,0.7237,0.9505
K01415,C0067,1.0,0.5637,0.0,0.7255,0.7849
K01415,C0004,0.3333,0.4518,0.0,0.7335,0.959
K01415,C0117,0.6667,0.1342,0.0,0.736,0.8526
K00783,C0117,1.0,0.4618,0.0,0.7719,0.9169
K00783,C0092,1.0,0.2595,0.0,0.8457,0.9126
K00783,C0007,1.0,0.6102,1.0,0.8192,0.8895
K01169,C0054,0.8333,0.5377,0.0,0.8255,0.979
K01169,C0020,0.5,0.2874,0.0,0.8709,0.9508
K01169,C0088,0.8333,0.5919,0.0,0.9424,0.9755
K01172,C0107,0.8333,0.4681,1.0,0.8909,0.972
K01172,C0084,0.8333,0.3056,0.0,0.7317,0.9599
K01172,C0082,0.8333,0.5063,0.0,0.868,0.8119
K01471,C0032,0.6667,0.6018,0.0,0.6526,0.8451
K01471,C0095,0.6667,0.7331,0.0,0.7719,0.9207
K01471,C0050,1.0,0.195,0.0,0.7287,0.8967
K00689,C0055,0.1667,0.1551,0.0,0.693,0.9429
K00689,C0023,0.5,0.2448,0.0,0.5019,0.953
K00689,C0054,0.6667,0.5085,0.0,0.7937,0.9384
K01216,C0084,1.0,0.3056,0.0,0.6274,0.9465
K01216,C0040,1.0,0.6094,0.0,0.5886,0.8231
K01216,C0058,1.0,0.8374,0.0,0.5744,0.8509
K01397,C0108,1.0,0.3852,0.0,0.7367,0.9533
K01397,C0110,1.0,0.6702,0.0,0.787,0.8337
K01397,C0010,1.0,0.5897,0.0,0.8153,0.6991
K00803,C0012,1.0,0.6014,0.0,0.7332,0.9073
K00803,C0101,1.0,0.5686,0.0,0.5654,0.9131
K00803,C0006,1.0,0.6445,0.0,0.9098,0.8778
K00797,C0065,1.0,0.3575,1.0,0.585,0.9412
K00797,C0048,1.0,0.5787,1.0,0.59,0.9391
K00797,C0087,1.0,0.6218,1.0,0.5513,0.8287
K00753,C0054,0.75,0.5377,0.0,0.786,0.9844
K00753,C0015,0.25,0.2334,0.0,0.7043,0.9596
K00753,C0075,0.25,0.3126,0.0,0.75,0.9588
K00964,C0089,1.0,0.9804,0.0,0.7842,0.8794
K00964,C0034,1.0,0.6993,0.0,0.9033,0.9255
K00964,C0106,1.0,0.813,0.0,0.715,0.8742
K00804,C0077,0.6667,0.5528,1.0,0.8689,0.978
K00804,C0099,1.0,0.4657,1.0,0.8686,0.9361
K00804,C0066,1.0,0.4566,0.0,0.8077,0.8548
K00734,C0084,1.0,0.3213,0.0,0.6439,0.9075
K00734,C0114,1.0,0.1733,0.0,0.7863,0.9532
K00734,C0075,0.5,0.8681,0.0,0.728,0.9387
K01477,C0108,1.0,0.3852,0.0,0.6712,0.9615
K01477,C0110,1.0,0.6702,0.0,0.8039,0.9042
K01477,C0010,1.0,0.5897,0.0,0.7821,0.7761
K00870,C0087,1.0,0.6218,0.0,0.6761,0.9438
K00870,C0048,1.0,0.5787,0.0,0.9475,0.9632
K00870,C0066,1.0,0.4566,0.0,0.8155,0.8917
K01192,C0071,0.875,0.2298,1.0,0.8607,0.9668
K01192,C0088,0.875,0.5919,1.0,0.7418,0.9456
K01192,C0001,1.0,0.7166,0.0,0.9649,0.8608
K00946,C0022,1.0,0.5947,0.0,0.9091,0.7116
K00946,C0052,1.0,0.5104,0.0,0.8812,0.7984
K00946,C0060,1.0,0.5958,0.0,0.7385,0.7452
K01111,C0033,0.3333,0.2507,0.0,0.6755,0.9517
K01111,C0078,0.3333,0.6291,0.0,0.6984,0.9239
K01111,C0096,0.3333,0.3502,0.0,0.9276,0.9898
K01362,C0043,1.0,0.5586,0.0,0.5844,0.9933
K01362,C0034,1.0,0.8531,0.0,0.6999,0.979
K01362,C0087,1.0,0.6218,0.0,0.6628,0.9067
K01387,C0094,1.0,0.2578,0.0,0.8532,0.7502
K01387,C0059,0.625,0.6274,0.0,0.5497,0.9065
K01387,C0022,0.75,0.1686,0.0,0.7873,0.8897
K00850,C0048,0.8333,0.4966,0.0,0.928,0.7992
K00850,C0110,0.8333,0.7183,0.0,0.8238,0.864
K00850,C0032,0.1667,0.7354,0.0,0.6744,0.9096
K00664,C0082,1.0,0.5546,0.0,0.7266,0.9833
K00664,C0101,1.0,0.719,1.0,0.6011,0.8447
K00664,C0006,1.0,0.6363,1.0,0.823,0.802
K01255,C0001,0.75,0.7166,0.0,0.665,0.9174
K01255,C0010,0.25,0.248,0.0,0.7443,0.9214
K01255,C0103,0.75,0.2966,0.0,0.7365,0.9723
K01220,C0032,1.0,0.6018,0.0,0.548,0.9273
K01220,C0095,1.0,0.7331,0.0,0.8711,0.8934
K01220,C0001,1.0,0.6209,0.0,0.5616,0.9155
K01199,C0111,1.0,0.6158,0.0,0.9046,0.8062
K01199,C0093,0.75,0.2114,0.0,0.6899,0.9297
K01199,C0018,0.75,0.0782,0.0,0.7657,0.9526
K01301,C0068,1.0,0.6102,0.0,0.7611,0.9772
K01301,C0004,1.0,0.4518,0.0,0.6668,0.7932
K01301,C0060,1.0,0.5578,0.0,0.6403,0.6633
K00710,C0032,1.0,0.6018,0.0,0.895,0.9418
K00710,C0093,1.0,0.6502,0.0,0.7939,0.9165
K00710,C0053,1.0,0.6641,0.0,0.7164,0.9592
K01302,C0040,0.625,0.6094,0.0,0.7621,0.8816
K01302,C0058,0.625,0.8374,0.0,0.726,0.8947
K01302,C0060,0.875,0.5958,0.0,0.6259,0.8725
K00973,C0034,1.0,0.8531,0.0,0.7381,0.9549
K00973,C0048,1.0,0.5787,0.0,0.8107,0.9563
K00973,C0080,1.0,0.6273,0.0,0.727,0.9745
K00993,C0106,0.5,0.813,0.0,0.7663,0.9601
K00993,C0004,0.5,0.4518,0.0,0.7616,0.8855
K00993,C0034,0.5,0.6993,0.0,0.6836,0.9385
K01116,C0090,0.75,0.4987,0.0,0.8311,0.8981
K01116,C0027,0.75,0.3074,0.0,0.8291,0.756
K01116,C0009,0.75,0.761,0.0,0.9838,0.8863
K01021,C0095,0.875,0.743,0.0,0.8049,0.9781
K01021,C0028,0.875,0.735,0.0,0.7292,0.8998
K01021,C0032,0.875,0.7354,0.0,0.7272,0.9696
K01058,C0082,1.0,0.5546,0.0,0.6889,0.9327
K01058,C0033,1.0,0.2507,0.0,0.8687,0.8455
K01058,C0078,1.0,0.6291,0.0,0.7961,0.8591
K01086,C0068,0.75,0.6102,0.0,0.7292,0.9411
K01086,C0004,0.75,0.4518,1.0,0.8589,0.7666
K01086,C0060,0.875,0.5578,1.0,0.6796,0.7506
K01031,C0038,0.5,0.1521,0.0,0.6871,0.9852
K01031,C0007,0.75,0.6102,0.0,0.7399,0.9461
K01031,C0029,0.5,0.5823,0.0,0.8089,0.9637
K00735,C0087,1.0,0.6218,0.0,0.7176,0.9464
K00735,C0034,1.0,0.8531,0.0,0.7751,0.9311
K00735,C0043,1.0,0.5586,0.0,0.8433,0.9541
K01445,C0055,0.8333,0.6411,0.0,0.7144,0.993
K01445,C0032,0.8333,0.7354,0.0,0.7131,0.9915
K01445,C0070,0.8333,0.4244,0.0,0.7981,0.8828
K01484,C0007,1.0,0.6328,0.0,0.7939,0.8698
K01484,C0114,1.0,0.2468,0.0,0.8772,0.812
K01484,C0051,1.0,0.2485,0.0,0.7617,0.9332
K01413,C0007,1.0,0.6328,0.0,0.7199,0.948
K01413,C0103,1.0,0.7432,0.0,0.7543,0.9138
K01413,C0055,0.6667,0.2783,0.0,0.8362,0.8925
K01140,C0034,1.0,0.8531,0.0,0.912,0.9506
K01140,C0017,1.0,0.4955,0.0,0.818,0.9631
K01140,C0048,1.0,0.5787,0.0,0.8151,0.8801
K01321,C0007,1.0,0.6328,1.0,0.7993,0.7018
K01321,C0114,1.0,0.2468,0.0,0.9573,0.9361
K01321,C0033,0.6667,0.2507,1.0,0.776,0.906
K00663,C0048,1.0,0.5787,0.0,0.7754,0.9855
K00663,C0087,1.0,0.6218,0.0,0.6627,0.9224
K00663,C0091,1.0,0.7874,0.0,0.6783,0.921
K01324,C0087,1.0,0.6218,0.0,0.6841,0.9925
K01324,C0034,1.0,0.8531,1.0,0.863,0.9718
K01324,C0091,1.0,0.7874,0.0,0.7098,0.9478
K01434,C0004,1.0,0.4518,0.0,0.8536,0.9189
K01434,C0068,1.0,0.6102,0.0,0.8702,0.9398
K01434,C0060,1.0,0.5578,0.0,0.692,0.7362
K01133,C0032,0.75,0.7354,0.0,0.8033,0.988
K01133,C0055,0.75,0.6411,0.0,0.8354,0.9418
K01133,C0001,0.75,0.6869,0.0,0.6826,0.9561
K01122,C0029,1.0,0.5823,0.0,0.5805,0.9578
K01122,C0038,1.0,0.1521,0.0,0.7956,0.928
K01122,C0007,1.0,0.6102,1.0,0.59,0.9144
K01212,C0075,0.6667,0.8681,0.0,0.8913,0.9959
K01212,C0015,0.6667,0.581,0.0,0.7769,0.947
K01212,C0054,0.8333,0.5085,0.0,0.7561,0.9681
K00665,C0071,0.6667,0.4341,0.0,0.7151,0.9202
K00665,C0001,1.0,0.6209,0.0,0.6725,0.8236
K00665,C0088,0.6667,0.5845,0.0,0.8957,0.9078
K01213,C0032,0.3333,0.7354,1.0,0.7395,0.9612
K01213,C0055,1.0,0.6411,0.0,0.8064,0.9093
K01213,C0054,0.6667,0.2068,0.0,0.8561,0.9308
K01478,C0091,1.0,0.7874,0.0,0.5982,0.9288
K01478,C0043,1.0,0.5586,0.0,0.9048,0.9703
K01478,C0081,1.0,0.6106,0.0,0.7981,0.9771
K01072,C0042,1.0,0.1769,0.0,0.7377,0.8599
K01072,C0119,1.0,0.4171,0.0,0.7706,0.9601
K01072,C0087,0.3333,0.6218,1.0,0.9129,0.8749
K00835,C0054,1.0,0.5377,0.0,0.6744,0.9502
K00835,C0020,0.5,0.2874,1.0,0.678,0.9889
K00835,C0087,0.5,0.2753,1.0,0.4419,0.8876
K00867,C0111,1.0,0.652,0.0,0.6194,0.7022
K00867,C0022,0.8333,0.5947,0.0,0.6999,0.9814
K00867,C0064,0.8333,0.4449,0.0,0.6719,0.966
K01401,C0101,0.875,0.719,1.0,0.764,0.9649
K01401,C0082,0.875,0.5546,0.0,0.7727,0.9569
K01401,C0006,0.875,0.6363,1.0,0.8093,0.9438
K01488,C0099,0.875,0.4377,0.0,0.7956,0.9659
K01488,C0087,0.875,0.5538,0.0,0.6866,0.7422
K01488,C0066,0.875,0.5472,0.0,0.8066,0.8398
K01039,C0101,0.8333,0.1768,0.0,0.8326,0.9834
K01039,C0054,0.8333,0.2,0.0,0.7308,0.9044
K01039,C0097,0.8333,0.318,0.0,0.8572,0.9472
K01409,C0059,1.0,0.6274,0.0,0.8598,0.9268
K01409,C0078,1.0,0.6291,0.0,0.8225,0.9018
K01409,C0056,1.0,0.567,0.0,0.8155,0.9316
K01407,C0025,0.75,0.5468,0.0,0.5378,0.8621
K01407,C0114,0.75,0.1733,0.0,0.6675,0.9029
K01407,C0119,0.75,0.4453,0.0,0.5971,0.9249
K00700,C0090,0.75,0.4987,0.0,0.7893,0.9484
K00700,C0010,0.75,0.2709,0.0,0.8263,0.8771
K00700,C0082,1.0,0.5063,0.0,0.9305,0.9816
K01279,C0109,0.3333,0.418,0.0,0.743,0.9852
K01279,C0087,0.3333,0.5538,0.0,0.8137,0.9803
K01279,C0075,0.3333,0.8681,0.0,0.8953,0.9283
K01490,C0085,1.0,0.7735,1.0,0.9284,0.9852
K01490,C0007,1.0,0.6328,1.0,0.5665,0.8968
K01490,C0101,1.0,0.719,1.0,0.7114,0.9929
K01073,C0019,1.0,0.6336,0.0,0.7932,0.9617
K01073,C0034,1.0,0.6993,0.0,0.6513,0.9195
K01073,C0052,1.0,0.4897,0.0,0.8524,0.9148
K00669,C0042,1.0,0.1769,0.0,0.8092,0.9362
K00669,C0119,1.0,0.4171,0.0,0.7008,0.9749
K00669,C0055,1.0,0.3057,0.0,0.8483,0.9744
K00865,C0004,0.75,0.4518,0.0,0.711,0.9313
K00865,C0060,0.75,0.5578,0.0,0.6828,0.8514
K00865,C0068,0.75,0.6102,0.0,0.6779,0.8033
K01342,C0052,0.8333,0.4897,0.0,0.7817,0.9584
K01342,C0022,0.8333,0.5559,0.0,0.8153,0.8806
K01342,C0050,1.0,0.241,0.0,0.7155,0.8551
K00802,C0032,0.375,0.2201,0.0,0.7507,0.9519
K00802,C0007,1.0,0.2054,0.0,0.828,0.9258
K00802,C0055,0.875,0.1492,0.0,0.8158,0.8987
K01341,C0116,1.0,0.4339,0.0,0.6056,0.8091
K01341,C0093,0.1667,0.6502,0.0,0.6943,0.9628
K01341,C0001,0.3333,0.6209,0.0,0.7521,0.966
K00914,C0103,1.0,0.7432,0.0,0.8331,0.8054
K00914,C0007,1.0,0.6328,0.0,0.7328,0.6389
K00914,C0055,1.0,0.2783,0.0,0.7288,0.8775
K01429,C0052,0.8333,0.4897,0.0,0.7546,0.904
K01429,C0060,0.8333,0.5578,0.0,0.7306,0.9563
K01429,C0022,0.8333,0.5559,1.0,0.5753,0.6774
K00672,C0001,0.6667,0.6869,0.0,0.6102,0.9403
K00672,C0010,0.6667,0.4837,0.0,0.6896,0.9389
K00672,C0055,0.6667,0.6411,0.0,0.8109,0.9178
K01025,C0101,0.75,0.6266,0.0,0.9623,0.8167
K01025,C0001,1.0,0.6209,0.0,0.87,0.831
K01025,C0088,0.75,0.5845,0.0,0.71,0.7536
K01448,C0119,1.0,0.4171,0.0,0.9213,0.9166
K01448,C0042,1.0,0.1769,1.0,0.7311,0.9455
K01448,C0034,0.5,0.8531,0.0,0.7131,0.9817
K00834,C0101,1.0,0.6266,0.0,0.7301,0.804
K00834,C0001,1.0,0.6209,0.0,0.7892,0.8565
K00834,C0088,1.0,0.5845,0.0,0.9047,0.938
K00786,C0032,0.5,0.6018,0.0,0.8233,0.9247
K00786,C0095,0.5,0.7331,0.0,0.738,0.9402
K00786,C0001,0.5,0.6209,0.0,0.9462,0.8984
K00746,C0047,1.0,0.5552,1.0,0.9041,0.9865
K00746,C0058,1.0,0.8854,0.0,0.4446,0.9595
K00746,C0109,1.0,0.418,0.0,0.5746,0.9253
K00947,C0101,1.0,0.6266,0.0,0.7301,0.9672
K00947,C0073,1.0,0.4377,0.0,0.7687,0.9241
K00947,C0094,1.0,0.3064,0.0,0.611,0.8995
K00754,C0022,1.0,0.5559,1.0,0.7458,0.9186
K00754,C0106,1.0,0.813,0.0,0.7709,0.8768
K00754,C0052,1.0,0.4897,0.0,0.7145,0.9727
K00744,C0004,1.0,0.4518,1.0,0.7639,0.9118
K00744,C0106,1.0,0.813,1.0,0.5326,0.8666
K00744,C0022,1.0,0.5559,0.0,0.7759,0.8413
K00953,C0055,0.3333,0.1551,0.0,0.7616,0.9451
K00953,C0032,0.3333,0.2389,0.0,0.7629,0.9187
K00953,C0047,0.6667,0.5552,0.0,0.4033,0.917
K01489,C0101,0.1667,0.5686,0.0,0.7802,0.8994
K01489,C0054,0.1667,0.5377,0.0,0.6375,0.8485
K01489,C0047,0.1667,0.5118,1.0,0.8349,0.8526
K01457,C0004,0.3333,0.1828,1.0,0.8506,0.9628
K01457,C0106,0.3333,0.3847,1.0,0.6639,0.9006
K01457,C0036,0.6667,0.5764,1.0,0.77,0.85
K01453,C0073,0.875,0.4327,0.0,0.7036,0.9008
K01453,C0082,0.875,0.5546,0.0,0.7801,0.8691
K01453,C0107,0.875,0.513,0.0,0.9157,0.9212
K00772,C0085,1.0,0.7735,0.0,0.7635,0.9223
K00772,C0078,1.0,0.6291,1.0,0.831,0.9518
K00772,C0101,1.0,0.719,0.0,0.6481,0.9257
K00762,C0101,0.8333,0.6266,0.0,0.7411,0.7319
K00762,C0082,0.8333,0.5063,0.0,0.7877,0.8733
K00762,C0116,1.0,0.4339,0.0,0.7437,0.7462
K00951,C0039,1.0,0.2504,0.0,0.6403,0.7302
K00951,C0094,1.0,0.3683,0.0,0.6733,0.6444
K00951,C0004,1.0,0.4518,0.0,0.835,0.9452
K01425,C0008,1.0,0.5669,0.0,0.9178,0.9617
K01425,C0034,1.0,0.6993,0.0,0.8484,0.9932
K01425,C0106,1.0,0.813,0.0,0.6531,0.9229
K00724,C0101,1.0,0.6266,0.0,0.7847,0.873
K00724,C0063,1.0,0.5314,0.0,0.9005,0.7891
K00724,C0116,1.0,0.4339,0.0,0.8208,0.7357
K01264,C0067,0.3333,0.5637,0.0,0.6579,0.9204
K01264,C0101,0.8333,0.2384,1.0,0.6993,0.8348
K01264,C0097,0.6667,0.3383,0.0,0.8092,0.9164
K00934,C0027,0.875,0.3254,0.0,0.7367,0.9027
K00934,C0090,0.875,0.556,0.0,0.7795,0.8935
K00934,C0009,0.875,0.6638,0.0,0.7626,0.8386
K01146,C0038,0.3333,0.1521,0.0,0.5788,0.937
K01146,C0029,0.3333,0.5823,0.0,0.9172,0.8849
K01146,C0101,0.8333,0.2502,0.0,0.9575,0.891
K01243,C0101,0.875,0.719,1.0,0.7029,0.9502
K01243,C0116,1.0,0.4451,0.0,0.8486,0.9041
K01243,C0073,0.875,0.4327,0.0,0.7548,0.8973
K00838,C0040,1.0,0.6094,0.0,0.5531,0.9706
K00838,C0021,1.0,0.4724,0.0,0.7291,0.9355
K00838,C0018,1.0,0.3264,0.0,0.712,0.9224
K00788,C0101,0.875,0.719,0.0,0.6506,0.9853
K00788,C0073,0.875,0.4327,0.0,0.6852,0.8304
K00788,C0084,0.875,0.4192,0.0,0.5908,0.9429
K01348,C0114,1.0,0.2468,0.0,0.6968,0.9181
K01348,C0007,1.0,0.6328,0.0,0.7603,0.7088
K01348,C0029,0.75,0.3243,0.0,0.6009,0.8875
K01200,C0022,1.0,0.5559,0.0,0.603,0.8822
K01200,C0072,1.0,0.4356,0.0,0.5918,0.879
K01200,C0054,0.5,0.2124,0.0,0.8093,0.9742
K01217,C0106,1.0,0.813,0.0,0.7524,0.9136
K01217,C0022,1.0,0.5559,0.0,0.7467,0.8933
K01217,C0094,1.0,0.3683,0.0,0.5484,0.96
K01103,C0087,1.0,0.6218,0.0,0.747,0.9606
K01103,C0091,1.0,0.7874,0.0,0.8226,0.9832
K01103,C0002,1.0,0.6233,0.0,0.6958,0.9837
K01382,C0020,1.0,0.0909,0.0,0.6255,0.9356
K01382,C0027,1.0,0.3254,1.0,0.9226,0.881
K01382,C0092,0.0,0.2595,0.0,0.6799,0.9161
K01475,C0048,0.875,0.5787,0.0,0.7571,0.9467
K01475,C0110,0.875,0.6991,0.0,0.8212,0.9437
K01475,C0081,0.75,0.6106,0.0,0.6548,0.9604
K01094,C0020,0.8333,0.2874,1.0,0.8029,0.91
K01094,C0101,0.8333,0.5686,0.0,0.8498,0.8321
K01094,C0036,0.8333,0.5764,1.0,0.8357,0.9256
K01487,C0004,1.0,0.4518,0.0,0.7957,0.9285
K01487,C0106,1.0,0.813,0.0,0.9153,0.9403
K01487,C0047,0.25,0.1982,0.0,0.5113,0.9614
K01268,C0007,1.0,0.6328,0.0,0.8719,0.9235
K01268,C0103,1.0,0.7432,0.0,0.7776,0.9266
K01268,C0032,0.6667,0.1988,0.0,0.6877,0.9786
K00750,C0094,1.0,0.3064,0.0,0.5399,0.9443
K00750,C0052,1.0,0.5104,0.0,0.7569,0.8246
K00750,C0060,1.0,0.5958,0.0,0.7221,0.9578
K01222,C0007,1.0,0.6102,0.0,0.6064,0.8467
K01222,C0114,1.0,0.3236,0.0,0.7644,0.9717
K01222,C0029,0.5,0.5823,0.0,0.626,0.9883
K01252,C0058,0.6667,0.8374,0.0,0.5527,0.9219
K01252,C0025,0.6667,0.3868,0.0,0.5849,0.9157
K01252,C0084,0.6667,0.3056,0.0,0.696,0.9033
K01175,C0007,1.0,0.6328,0.0,0.6556,0.734
K01175,C0103,1.0,0.7432,0.0,0.6803,0.9287
K01175,C0120,0.6667,0.2787,0.0,0.8059,0.9757
K00990,C0055,1.0,0.5709,0.0,0.7432,0.9114
K00990,C0027,1.0,0.3254,1.0,0.6488,0.9314
K00990,C0029,1.0,0.5823,0.0,0.6216,0.8921
K01211,C0007,1.0,0.5627,0.0,0.7574,0.748
K01211,C0056,0.75,0.1461,0.0,0.7418,0.9858
K01211,C0103,1.0,0.8055,0.0,0.7555,0.7425
K00944,C0045,1.0,0.7126,0.0,0.6392,0.9727
K00944,C0078,1.0,0.6291,0.0,0.7385,0.9076
K00944,C0096,1.0,0.3502,0.0,0.7994,0.8788
K00830,C0101,0.875,0.719,1.0,0.8817,0.8674
K00830,C0116,1.0,0.4451,0.0,0.6553,0.9246
K00830,C0073,0.875,0.4327,0.0,0.8471,0.9373
K01437,C0013,1.0,0.8026,0.0,0.778,0.9713
K01437,C0081,1.0,0.6119,0.0,0.7511,0.8893
K01437,C0002,1.0,0.622,1.0,0.7225,0.9649
K01449,C0028,0.75,0.735,0.0,0.8858,0.9174
K01449,C0032,0.75,0.7354,0.0,0.8606,0.7546
K01449,C0108,0.75,0.3287,0.0,0.5335,0.822
K01003,C0077,1.0,0.5911,0.0,0.7483,0.9615
K01003,C0078,1.0,0.6291,0.0,0.9176,0.9097
K01003,C0013,1.0,0.8026,0.0,0.9002,0.9687
K01396,C0091,1.0,0.7874,0.0,0.7934,0.8872
K01396,C0080,1.0,0.6273,0.0,0.7815,0.9473
K01396,C0116,1.0,0.3323,0.0,0.5149,0.9569
K00817,C0116,1.0,0.3323,0.0,0.4892,0.8631
K00817,C0099,0.6667,0.4657,0.0,0.6913,0.9887
K00817,C0091,0.6667,0.7874,0.0,0.8589,0.9439
K01326,C0078,1.0,0.6291,0.0,0.8485,0.9075
K01326,C0096,1.0,0.3502,0.0,0.7032,0.9899
K01326,C0056,1.0,0.567,0.0,0.8588,0.9286
K00832,C0114,0.75,0.2468,0.0,0.7898,0.9645
K00832,C0031,0.75,0.3135,0.0,0.9918,0.8633
K00832,C0084,0.75,0.4192,0.0,0.6819,0.8737
K01115,C0091,1.0,0.7874,0.0,0.5626,0.9769
K01115,C0099,1.0,0.4657,1.0,0.7906,0.9636
K01115,C0081,1.0,0.6106,0.0,0.8066,0.9838
K01079,C0054,0.8333,0.2068,0.0,0.8381,0.9824
K01079,C0099,0.8333,0.2326,0.0,0.9075,0.9915
K01079,C0075,0.8333,0.3262,0.0,0.9078,0.9766
K01242,C0101,0.0,0.286,1.0,0.7236,0.9746
K01242,C0054,1.0,0.4997,0.0,0.6183,0.9332
K01242,C0120,0.0,0.0415,0.0,0.4389,0.9383
K01332,C0027,1.0,0.3074,0.0,0.846,0.9405
K01332,C0090,1.0,0.4987,0.0,0.6721,0.9026
K01332,C0009,1.0,0.761,0.0,0.7007,0.837
K01494,C0119,1.0,0.4171,0.0,0.7958,0.7561
K01494,C0042,1.0,0.1769,0.0,0.7333,0.6957
K01494,C0083,0.3333,0.3713,0.0,0.5732,0.9793
K00930,C0103,1.0,0.7432,0.0,0.7385,0.964
K00930,C0007,1.0,0.6328,0.0,0.7041,0.7395
K00930,C0028,0.6667,0.2466,0.0,0.8538,0.9921
K01283,C0113,1.0,0.646,0.0,0.7524,0.9767
K01283,C0104,1.0,0.5871,0.0,0.8301,0.9721
K01283,C0027,1.0,0.3074,0.0,0.9151,0.9586
K01096,C0074,1.0,0.3019,0.0,0.7584,0.8009
K01096,C0094,1.0,0.3683,0.0,0.7787,0.9369
K01096,C0039,1.0,0.2504,0.0,0.624,0.9428
K00851,C0112,1.0,0.39,0.0,0.7082,0.9824
K00851,C0081,1.0,0.6119,0.0,0.7981,0.8563
K00851,C0078,1.0,0.6291,0.0,0.6243,0.8429
K00795,C0101,0.75,0.5686,0.0,0.8789,0.8423
K00795,C0012,0.75,0.6014,0.0,0.8607,0.7837
K00795,C0006,0.75,0.6445,0.0,0.76,0.8108
K00711,C0026,0.5,0.2667,1.0,0.7565,0.9825
K00711,C0101,0.5,0.719,0.0,0.7552,0.9193
K00711,C0078,0.5,0.6291,1.0,0.7584,0.8774
K00808,C0114,1.0,0.3236,0.0,0.7826,0.9858
K00808,C0029,1.0,0.5823,0.0,0.5462,0.9279
K00808,C0055,1.0,0.5709,1.0,0.7162,0.8274
K00988,C0055,0.6667,0.6411,0.0,0.8103,0.942
K00988,C0032,0.6667,0.7354,0.0,0.7452,0.8947
K00988,C0110,0.6667,0.7183,0.0,0.7884,0.8439
K01260,C0055,1.0,0.5709,0.0,0.81,0.974
K01260,C0027,1.0,0.3254,0.0,0.8358,0.972
K01260,C0117,1.0,0.4618,0.0,0.6558,0.9778
K00866,C0058,0.8333,0.8374,0.0,0.5665,0.8965
K00866,C0084,0.8333,0.3056,0.0,0.8281,0.8639
K00866,C0060,0.8333,0.5958,1.0,0.6513,0.9353
K00745,C0031,1.0,0.1852,0.0,0.7686,0.9505
K00745,C0081,1.0,0.6106,0.0,0.7913,0.783
K00745,C0077,1.0,0.5528,0.0,0.5904,0.828
K00695,C0007,1.0,0.6102,1.0,0.625,0.9648
K00695,C0114,1.0,0.3236,0.0,0.783,0.8333
K00695,C0092,0.5,0.2595,0.0,0.7914,0.9473
K01004,C0116,1.0,0.3323,0.0,0.7056,0.8655
K01004,C0091,0.6667,0.7874,0.0,0.7311,0.9874
K01004,C0043,0.6667,0.5586,1.0,0.7297,0.9651
K01440,C0071,1.0,0.2298,0.0,0.8281,0.8256
K01440,C0101,1.0,0.5686,0.0,0.769,0.8101
K01440,C0088,1.0,0.5919,0.0,0.6844,0.8017
K01180,C0081,1.0,0.6119,0.0,0.6924,0.9643
K01180,C0033,1.0,0.2507,0.0,0.5462,0.9736
K01180,C0096,1.0,0.3502,0.0,0.8331,0.9018
K00739,C0055,0.75,0.6411,0.0,0.7542,0.8124
K00739,C0092,0.75,0.48,0.0,0.7291,0.6941
K00739,C0108,0.75,0.3287,0.0,0.7971,0.7194
K01418,C0005,1.0,0.2871,0.0,0.7738,0.9472
K01418,C0004,1.0,0.2368,0.0,0.8526,0.947
K01418,C0055,0.0,0.6411,0.0,0.9467,0.9356
K01078,C0101,0.8333,0.719,1.0,0.7694,0.9401
K01078,C0107,0.8333,0.513,0.0,0.8556,0.8663
K01078,C0063,0.8333,0.5504,0.0,0.7818,0.8339
K01452,C0032,0.8333,0.7354,0.0,0.7195,0.9729
K01452,C0048,0.8333,0.4966,0.0,0.8469,0.9574
K01452,C0055,0.8333,0.6411,0.0,0.7864,0.9508
K01303,C0055,1.0,0.5709,0.0,0.803,0.8303
K01303,C0092,1.0,0.2595,0.0,0.6906,0.682
K01303,C0108,1.0,0.3466,0.0,0.5225,0.9028
K00970,C0012,1.0,0.6397,0.0,0.7325,0.9723
K00970,C0101,1.0,0.719,0.0,0.7674,0.8074
K00970,C0006,1.0,0.6363,0.0,0.8729,0.7683
K01354,C0074,1.0,0.3019,0.0,0.8024,0.9699
K01354,C0039,1.0,0.2504,0.0,0.6837,0.8108
K01354,C0094,1.0,0.3683,0.0,0.7179,0.8178
K01245,C0022,1.0,0.5559,0.0,0.8095,0.9729
K01245,C0054,0.5,0.2124,0.0,0.6397,0.9266
K01245,C0024,0.5,0.4237,1.0,0.9086,0.8807
K01113,C0055,1.0,0.5709,0.0,0.8654,0.9069
K01113,C0051,1.0,0.6798,1.0,0.7725,0.8649
K01113,C0029,1.0,0.5823,0.0,0.6971,0.8489
K01276,C0074,1.0,0.3355,0.0,0.7053,0.9324
K01276,C0039,1.0,0.2408,0.0,0.792,0.9188
K01276,C0094,1.0,0.2578,0.0,0.6116,0.8815
K01403,C0034,1.0,0.8531,0.0,0.6692,0.8686
K01403,C0072,1.0,0.4228,0.0,0.7839,0.8769
K01403,C0110,0.0,0.6991,0.0,0.6777,0.9511
K01461,C0106,1.0,0.813,0.0,0.7082,0.9696
K01461,C0052,1.0,0.4897,0.0,0.8581,0.9962
K01461,C0022,1.0,0.5559,0.0,0.7273,0.9056
K01143,C0101,0.75,0.5686,0.0,0.7664,0.8481
K01143,C0006,0.75,0.6445,1.0,0.7807,0.9342
K01143,C0012,0.75,0.6014,0.0,0.83,0.6627
K01438,C0103,1.0,0.8055,0.0,0.5612,0.9272
K01438,C0007,1.0,0.5627,0.0,0.6768,0.6692
K01438,C0096,0.875,0.1916,0.0,0.7307,0.9287
K01373,C0075,0.8333,0.8681,0.0,0.8113,0.984
K01373,C0054,0.8333,0.5085,0.0,0.6732,0.9776
K01373,C0015,0.8333,0.581,0.0,0.9859,0.9445
K01099,C0114,1.0,0.2468,0.0,0.8478,0.9887
K01099,C0007,1.0,0.6328,1.0,0.836,0.8461
K01099,C0120,1.0,0.2787,0.0,0.6369,0.9568
K00683,C0055,1.0,0.1781,1.0,0.7471,0.9598
K00683,C0029,0.75,0.201,0.0,0.6923,0.9549
K00683,C0024,0.125,0.7065,0.0,0.6761,0.9759
K01178,C0019,1.0,0.5798,0.0,0.7097,0.8003
K01178,C0096,0.0,0.2301,0.0,0.848,0.9658
K01178,C0079,0.0,0.3076,0.0,0.7118,0.9448
K01246,C0011,0.8333,0.5341,0.0,0.6253,0.9787
K01246,C0027,0.8333,0.3074,0.0,0.6438,0.9293
K01246,C0104,0.8333,0.5871,0.0,0.7178,0.8884
K01404,C0017,0.875,0.3955,0.0,0.7467,0.9488
K01404,C0087,0.875,0.5538,0.0,0.716,0.9071
K01404,C0054,0.875,0.5085,0.0,0.6252,0.8462
K00884,C0072,1.0,0.4228,0.0,0.7248,0.8565
K00884,C0034,1.0,0.8531,0.0,0.6697,0.8193
K00884,C0110,1.0,0.6991,0.0,0.6782,0.9511
K01400,C0114,1.0,0.3236,0.0,0.7615,0.9391
K01400,C0007,1.0,0.6102,0.0,0.8365,0.9555
K01400,C0029,0.75,0.5823,0.0,0.6352,0.9842
K00842,C0066,0.75,0.2013,0.0,0.7691,0.9304
K00842,C0086,0.75,0.2229,0.0,0.7767,0.8682
K00842,C0075,0.75,0.3262,0.0,0.6057,0.907
K01476,C0039,1.0,0.2408,0.0,0.9248,0.9653
K01476,C0074,1.0,0.3355,0.0,0.7316,0.9497
K01476,C0094,1.0,0.2578,0.0,0.5215,0.7993
K01171,C0023,0.5,0.2448,0.0,0.678,0.9372
K01171,C0048,0.0,0.2006,0.0,0.9058,0.9306
K01171,C0109,0.5,0.418,0.0,0.7816,0.8777
K01043,C0110,1.0,0.6702,0.0,0.6697,0.8533
K01043,C0108,1.0,0.3852,1.0,0.593,0.9086
K01043,C0010,1.0,0.5897,0.0,0.8536,0.6917
K01026,C0004,1.0,0.4518,0.0,0.9068,0.7602
K01026,C0068,1.0,0.6102,0.0,0.7415,0.7274
K01026,C0060,1.0,0.5578,0.0,0.644,0.739
K01498,C0054,0.875,0.5085,0.0,0.713,0.7845
K01498,C0047,0.875,0.5552,0.0,0.6273,0.775
K01498,C0087,0.125,0.5538,0.0,0.8684,0.9623
K00833,C0090,1.0,0.4987,0.0,0.7974,0.9731
K00833,C0053,1.0,0.6641,0.0,0.654,0.9573
K00833,C0102,1.0,0.7671,0.0,0.7367,0.956
K01061,C0050,1.0,0.241,0.0,0.7427,0.9119
K01061,C0110,0.3333,0.2278,0.0,0.8976,0.9395
K01061,C0032,0.3333,0.303,0.0,0.7656,0.956
K00765,C0096,0.3333,0.3502,1.0,0.7955,0.9443
K00765,C0081,0.6667,0.6119,0.0,0.6739,0.9481
K00765,C0033,0.3333,0.2507,0.0,0.5276,0.9298
K01181,C0085,1.0,0.7735,0.0,0.8233,0.9908
K01181,C0078,1.0,0.6291,1.0,0.8546,0.903
K01181,C0101,1.0,0.719,0.0,0.6329,0.969
K01253,C0101,0.75,0.5686,0.0,0.7185,0.8317
K01253,C0088,0.75,0.5919,0.0,0.4653,0.9308
K01253,C0071,0.75,0.2298,0.0,0.7437,0.8326
K01443,C0024,1.0,0.7644,0.0,0.7403,0.9607
K01443,C0097,0.8333,0.6437,0.0,0.8088,0.8929
K01443,C0020,0.8333,0.2874,1.0,0.7954,0.9233
K01285,C0052,1.0,0.4897,0.0,0.8449,0.9031
K01285,C0022,1.0,0.5559,0.0,0.7156,0.7402
K01285,C0050,1.0,0.241,0.0,0.7615,0.7798
K00939,C0091,1.0,0.7874,0.0,0.5717,0.9896
K00939,C0065,1.0,0.3575,0.0,0.8369,0.9399
K00939,C0110,1.0,0.6991,0.0,0.9379,0.894
K00768,C0028,0.5,0.735,0.0,0.8105,0.9735
K00768,C0004,0.5,0.2368,0.0,0.8452,0.9464
K00768,C0086,0.25,0.2229,0.0,0.7816,0.9472
K01070,C0075,1.0,0.8681,0.0,0.6727,0.9285
K01070,C0023,1.0,0.2448,1.0,0.7746,0.896
K01070,C0017,1.0,0.3955,0.0,0.9498,0.9325
K00671,C0058,1.0,0.8374,1.0,0.5171,0.8416
K00671,C0040,1.0,0.6094,0.0,0.6825,0.6934
K00671,C0084,1.0,0.3056,0.0,0.7429,0.884
K01306,C0019,1.0,0.5798,0.0,0.7544,0.959
K01306,C0004,1.0,0.1639,0.0,0.9578,0.9705
K01306,C0035,0.75,0.2821,0.0,0.5662,0.8989
K00703,C0087,0.75,0.5538,0.0,0.772,0.9467
K00703,C0066,0.75,0.5472,0.0,0.5423,0.8745
K00703,C0119,0.75,0.4453,0.0,0.5979,0.9195
K01327,C0048,1.0,0.4966,0.0,0.7998,0.9832
K01327,C0110,1.0,0.7183,0.0,0.7499,0.9486
K01327,C0087,0.5,0.3218,0.0,0.6973,0.9707
K00924,C0050,1.0,0.2738,0.0,0.5835,0.7714
K00924,C0035,1.0,0.2259,0.0,0.4822,0.99
K00924,C0010,0.0,0.4837,0.0,0.777,0.927
K00781,C0013,1.0,0.8026,0.0,0.7728,0.9311
K00781,C0031,1.0,0.3135,0.0,0.6726,0.9557
K00781,C0116,1.0,0.4451,0.0,0.5547,0.7888
K00877,C0004,0.75,0.5342,0.0,0.8797,0.9679
K00877,C0086,0.75,0.569,0.0,0.9609,0.9476
K00877,C0087,0.75,0.5538,0.0,0.6807,0.8987
K00702,C0081,1.0,0.6119,0.0,0.7307,0.9827
K00702,C0033,1.0,0.2507,1.0,0.5844,0.9934
K00702,C0096,1.0,0.3502,0.0,0.8108,0.9611
K00824,C0001,0.8333,0.7166,0.0,0.6826,0.9383
K00824,C0097,0.3333,0.6437,0.0,0.6592,0.9484
K00824,C0048,0.5,0.2234,0.0,0.5325,0.984
K01167,C0026,1.0,0.2667,1.0,0.6839,0.8957
K01167,C0078,1.0,0.6291,1.0,0.6944,0.8712
K01167,C0033,1.0,0.2507,0.0,0.6715,0.8451
K01207,C0022,0.8333,0.6116,0.0,0.6597,0.818
K01207,C0032,0.3333,0.2201,0.0,0.5531,0.9674
K01207,C0090,0.8333,0.2183,0.0,0.8073,0.9402
K01214,C0027,0.75,0.3074,0.0,0.7359,0.9972
K01214,C0090,0.75,0.4987,0.0,0.9054,0.8443
K01214,C0009,0.75,0.761,0.0,0.8268,0.7254
K00922,C0023,0.75,0.2448,1.0,0.6366,0.9318
K00922,C0075,0.75,0.8681,0.0,0.6233,0.9686
K00922,C0004,0.875,0.5342,1.0,0.6901,0.8975
K00917,C0074,1.0,0.3019,0.0,0.8576,0.9189
K00917,C0039,1.0,0.2504,1.0,0.6954,0.8667
K00917,C0094,1.0,0.3683,1.0,0.726,0.8609
K01486,C0022,0.8333,0.5947,0.0,0.6635,0.837
K01486,C0032,0.3333,0.6018,0.0,0.8295,0.9491
K01486,C0018,0.1667,0.3264,0.0,0.6581,0.9519
K01450,C0040,1.0,0.6862,0.0,0.6703,0.8024
K01450,C0058,1.0,0.8854,0.0,0.8276,0.7995
K01450,C0084,1.0,0.3213,0.0,0.5712,0.8065
K01428,C0006,1.0,0.6363,0.0,0.8438,0.9336
K01428,C0101,1.0,0.719,0.0,0.4859,0.7658
K01428,C0012,1.0,0.6397,0.0,0.6911,0.6523
K01107,C0053,0.75,0.6641,0.0,0.6763,0.904
K01107,C0073,0.875,0.4377,0.0,0.6448,0.8806
K01107,C0009,0.75,0.761,0.0,0.6311,0.871
K00936,C0096,1.0,0.3502,0.0,0.8259,0.9474
K00936,C0033,1.0,0.2507,0.0,0.7686,0.9248
K00936,C0056,1.0,0.567,0.0,0.515,0.9123
K01057,C0027,0.8333,0.3254,0.0,0.6467,0.8934
K01057,C0090,0.8333,0.556,0.0,0.7664,0.8661
K01057,C0009,0.8333,0.6638,0.0,0.7508,0.8012
K01239,C0031,0.6667,0.2498,0.0,0.787,0.8808
K01239,C0114,0.6667,0.1733,1.0,0.902,0.9076
K01239,C0084,0.6667,0.3213,0.0,0.6613,0.9666
K00655,C0107,1.0,0.513,0.0,0.7999,0.8744
K00655,C0006,1.0,0.6363,0.0,0.7629,0.9423
K00655,C0073,1.0,0.4327,0.0,0.8778,0.7747
K00731,C0052,1.0,0.4897,0.0,0.7643,0.8709
K00731,C0039,1.0,0.2504,0.0,0.4845,0.9466
K00731,C0034,1.0,0.6993,0.0,0.7733,0.94
K00749,C0041,1.0,0.8371,0.0,0.8455,0.9172
K00749,C0049,1.0,0.642,0.0,0.7969,0.8947
K00749,C0054,1.0,0.4997,0.0,0.6831,0.8953
K01247,C0054,1.0,0.5377,0.0,0.558,0.8915
K01247,C0047,1.0,0.5118,0.0,0.8613,0.8655
K01247,C0109,0.75,0.3128,0.0,0.5828,0.9712
K01312,C0007,1.0,0.6102,0.0,0.7995,0.714
K01312,C0114,1.0,0.3236,0.0,0.7607,0.9113
K01312,C0029,0.75,0.5823,0.0,0.8213,0.8329
K00801,C0058,0.6667,0.8854,0.0,0.638,0.8185
K00801,C0060,0.6667,0.6895,0.0,0.676,0.795
K00801,C0040,0.6667,0.6862,0.0,0.8416,0.647
K01314,C0035,1.0,0.7568,0.0,0.5253,0.987
K01314,C0004,1.0,0.4518,0.0,0.917,0.8667
K01314,C0106,1.0,0.813,0.0,0.7121,0.9022
K01179,C0004,1.0,0.4518,0.0,0.7311,0.932
K01179,C0052,1.0,0.4897,0.0,0.7376,0.9148
K01179,C0106,1.0,0.813,0.0,0.8869,0.9181
K01095,C0027,0.5,0.3074,1.0,0.5803,0.88
K01095,C0090,0.5,0.4987,0.0,0.8563,0.8019
K01095,C0009,0.5,0.761,0.0,0.6712,0.7133
K00677,C0116,1.0,0.3323,0.0,0.7483,0.9216
K00677,C0021,0.3333,0.1298,0.0,0.5597,0.9367
K00677,C0032,0.5,0.2994,0.0,0.6473,0.9547
K00879,C0106,1.0,0.813,1.0,0.6681,0.9659
K00879,C0004,1.0,0.4518,1.0,0.7086,0.8817
K00879,C0052,1.0,0.4897,0.0,0.6897,0.8976
K01131,C0031,0.8333,0.2498,0.0,0.5815,0.8223
K01131,C0114,0.8333,0.1733,0.0,0.6095,0.9779
K01131,C0084,0.8333,0.3213,0.0,0.8116,0.8594
K01109,C0004,0.875,0.4518,0.0,0.7451,0.8649
K01109,C0068,0.875,0.6102,0.0,0.6309,0.7738
K01109,C0060,1.0,0.5578,0.0,0.9162,0.9548
K00697,C0054,0.75,0.5085,0.0,0.7895,0.9791
K00697,C0047,0.75,0.5552,0.0,0.5302,0.9903
K00697,C0075,0.25,0.8681,0.0,0.6507,0.9713
K01379,C0027,0.75,0.3074,0.0,0.8192,0.7837
K01379,C0090,0.75,0.4987,0.0,0.9049,0.7367
K01379,C0025,0.75,0.3868,0.0,0.6795,0.849
K00952,C0032,0.875,0.7354,0.0,0.936,0.9104
K00952,C0095,0.875,0.743,0.0,0.7408,0.9762
K00952,C0001,0.875,0.6869,0.0,0.812,0.9418
K01197,C0004,1.0,0.4518,0.0,0.7569,0.8671
K01197,C0052,1.0,0.4897,0.0,0.7744,0.9213
K01197,C0030,1.0,0.6724,1.0,0.5907,0.8671
K01420,C0081,1.0,0.6106,0.0,0.7952,0.7213
K01420,C0013,1.0,0.7336,0.0,0.9281,0.6526
K01420,C0077,1.0,0.5528,0.0,0.6583,0.7309
K01320,C0033,1.0,0.2507,0.0,0.6827,0.9859
K01320,C0078,1.0,0.6291,0.0,0.9474,0.9639
K01320,C0107,1.0,0.513,0.0,0.8009,0.9401
K01274,C0112,0.75,0.34,0.0,0.8131,0.9417
K01274,C0045,0.75,0.635,0.0,0.8457,0.8265
K01274,C0013,0.75,0.2563,0.0,0.7749,0.9119
K00770,C0034,1.0,0.8531,0.0,0.7069,0.9401
K00770,C0072,1.0,0.4228,0.0,0.4649,0.9213
K00770,C0091,0.0,0.7874,0.0,0.5991,0.9764
K00767,C0004,0.875,0.5342,0.0,0.7372,0.9717
K00767,C0086,0.75,0.569,0.0,0.7745,0.9756
K00767,C0015,0.75,0.581,0.0,0.6812,0.9515
K01386,C0024,1.0,0.7644,0.0,0.8541,0.9369
K01386,C0097,1.0,0.6437,0.0,0.8106,0.9336
K01386,C0020,1.0,0.2874,0.0,0.9213,0.9021
K00787,C0001,0.875,0.7166,0.0,0.7432,0.9314
K00787,C0032,0.875,0.1594,0.0,0.6841,0.9281
K00787,C0024,0.625,0.7644,0.0,0.6939,0.9474
K00839,C0095,1.0,0.743,0.0,0.8283,0.9209
K00839,C0032,1.0,0.7354,0.0,0.8485,0.8466
K00839,C0001,1.0,0.6869,0.0,0.7368,0.9339
K00902,C0055,1.0,0.6411,0.0,0.7787,0.9787
K00902,C0108,1.0,0.3287,0.0,0.7291,0.9611
K00902,C0007,1.0,0.5627,0.0,0.6083,0.87
K00676,C0060,1.0,0.6895,0.0,0.5613,0.9913
K00676,C0058,0.75,0.8854,0.0,0.7121,0.9649
K00676,C0025,0.75,0.5468,0.0,0.9208,0.9617
K01479,C0004,0.75,0.4518,0.0,0.8769,0.9482
K01479,C0068,0.75,0.6102,0.0,0.7529,0.7983
K01479,C0060,1.0,0.5578,0.0,0.6141,0.9094
K00760,C0068,0.75,0.676,0.0,0.7036,0.95
K00760,C0075,0.625,0.8681,0.0,0.7443,0.8605
K00760,C0066,0.625,0.5472,1.0,0.8389,0.9417
K00919,C0071,1.0,0.2298,1.0,0.8782,0.9703
K00919,C0047,1.0,0.5118,1.0,0.6085,0.924
K00919,C0054,1.0,0.5377,0.0,0.8174,0.9595
K00949,C0007,1.0,0.6328,0.0,0.7274,0.7527
K00949,C0103,1.0,0.7432,0.0,0.9062,0.8812
K00949,C0013,0.5,0.8026,0.0,0.7062,0.9674
K01052,C0004,0.5,0.2368,0.0,0.8435,0.9766
K01052,C0028,0.5,0.735,0.0,0.8223,0.9727
K01052,C0095,0.625,0.743,0.0,0.7761,0.9696
K01316,C0054,1.0,0.5085,0.0,0.6239,0.8723
K01316,C0087,0.625,0.5538,1.0,0.5019,0.9251
K01316,C0109,0.375,0.418,0.0,0.8925,0.9651
K00763,C0040,1.0,0.6862,0.0,0.7835,0.8937
K00763,C0058,1.0,0.8854,0.0,0.838,0.9259
K00763,C0025,1.0,0.5468,0.0,0.7997,0.9094
K00796,C0095,1.0,0.7331,0.0,0.7444,0.9908
K00796,C0104,0.75,0.5871,0.0,0.5969,0.9643
K00796,C0053,0.75,0.6641,0.0,0.7042,0.9688
K01075,C0029,0.5,0.201,0.0,0.8079,0.9353
K01075,C0027,0.75,0.1035,1.0,0.91,0.9461
K01075,C0117,0.5,0.1597,0.0,0.7048,0.9542
K01165,C0113,1.0,0.2064,0.0,0.6225,0.9566
K01165,C0064,1.0,0.1558,0.0,0.688,0.9304
K01165,C0021,1.0,0.2063,0.0,0.7251,0.9444
K01177,C0013,1.0,0.8026,0.0,0.8907,0.8757
K01177,C0002,1.0,0.622,0.0,0.6882,0.9784
K01177,C0081,1.0,0.6119,0.0,0.8738,0.8336
K01290,C0043,1.0,0.5586,0.0,0.7694,0.878
K01290,C0091,1.0,0.7874,0.0,0.7722,0.8756
K01290,C0065,1.0,0.3575,0.0,0.6704,0.8228
K01369,C0027,1.0,0.3254,1.0,0.7801,0.9524
K01369,C0090,1.0,0.556,0.0,0.7397,0.7959
K01369,C0025,1.0,0.6046,0.0,0.7081,0.7438
K01227,C0047,0.75,0.5552,0.0,0.6461,0.9566
K01227,C0054,0.75,0.5085,0.0,0.8263,0.9435
K01227,C0036,0.0,0.2395,0.0,0.8378,0.9692
K01210,C0078,1.0,0.6291,0.0,0.6668,0.9451
K01210,C0033,1.0,0.2507,0.0,0.6439,0.8905
K01210,C0096,1.0,0.3502,0.0,0.7585,0.8839
K01088,C0004,0.75,0.4518,1.0,0.9185,0.9276
K01088,C0068,0.75,0.6102,0.0,0.7348,0.8239
K01088,C0060,0.75,0.5578,1.0,0.8039,0.7819
K00736,C0020,0.625,0.0484,1.0,0.8707,0.915
K00736,C0052,0.875,0.4897,0.0,0.7637,0.9442
K00736,C0039,0.625,0.2504,0.0,0.7744,0.9643
K01337,C0020,0.3333,0.2874,0.0,0.9564,0.885
K01337,C0052,1.0,0.2114,0.0,0.8487,0.8672
K01337,C0101,0.5,0.5686,0.0,0.6855,0.9663
K01430,C0095,0.875,0.7331,0.0,0.808,0.8819
K01430,C0001,0.875,0.6209,0.0,0.7618,0.9609
K01430,C0032,0.875,0.6018,0.0,0.7481,0.8924
K01077,C0119,0.75,0.4453,0.0,0.7056,0.8145
K01077,C0114,0.75,0.1733,0.0,0.7292,0.8874
K01077,C0025,0.75,0.5468,0.0,0.7039,0.9012
K01205,C0107,0.75,0.4681,0.0,0.7497,0.8413
K01205,C0073,0.75,0.4377,0.0,0.8068,0.9001
K01205,C0101,0.75,0.6266,0.0,0.7755,0.9505
K01394,C0004,0.5,0.4518,0.0,0.8794,0.9194
K01394,C0052,1.0,0.4897,0.0,0.7734,0.9482
K01394,C0001,0.5,0.1936,0.0,0.7752,0.9819
K01010,C0012,0.875,0.6397,0.0,0.8099,0.7324
K01010,C0006,0.875,0.6363,0.0,0.9023,0.9128
K01010,C0101,0.875,0.719,0.0,0.648,0.7945
K01134,C0114,1.0,0.2468,0.0,0.8767,0.9108
K01134,C0007,1.0,0.6328,0.0,0.734,0.662
K01134,C0078,0.75,0.6291,1.0,0.6932,0.8926
K00678,C0107,1.0,0.513,0.0,0.7278,0.9206
K00678,C0073,1.0,0.4327,0.0,0.7888,0.97
K00678,C0101,1.0,0.719,0.0,0.8201,0.9262
K00933,C0093,0.75,0.6502,0.0,0.9674,0.9903
K00933,C0021,0.75,0.4724,0.0,0.6214,0.9074
K00933,C0095,1.0,0.7331,0.0,0.7938,0.9745
K00775,C0055,0.75,0.5709,1.0,0.8515,0.8434
K00775,C0007,1.0,0.6102,0.0,0.8067,0.8697
K00775,C0092,0.75,0.2595,1.0,0.7455,0.8437
K01081,C0101,0.8333,0.5686,0.0,0.9202,0.9821
K01081,C0020,0.8333,0.2874,0.0,0.668,0.8762
K01081,C0097,0.8333,0.6437,0.0,0.8017,0.9531
K00897,C0119,1.0,0.4456,0.0,0.5984,0.9516
K00897,C0025,1.0,0.6046,0.0,0.6679,0.7707
K00897,C0114,1.0,0.3236,0.0,0.6688,0.8451
K01128,C0101,1.0,0.5686,0.0,0.9042,0.8087
K01128,C0001,1.0,0.7166,0.0,0.812,0.876
K01128,C0071,1.0,0.2298,0.0,0.7983,0.7989
K00912,C0095,0.8333,0.743,0.0,0.8762,0.892
K00912,C0055,0.5,0.6411,1.0,0.8676,0.8847
K00912,C0032,0.8333,0.7354,0.0,0.8007,0.954
K01456,C0091,1.0,0.7874,0.0,0.5457,0.9809
K01456,C0043,1.0,0.5586,0.0,0.6924,0.9949
K01456,C0119,1.0,0.4171,0.0,0.6145,0.9465
K01267,C0086,0.875,0.569,0.0,0.9106,0.9536
K01267,C0110,0.375,0.3276,0.0,0.8037,0.9138
K01267,C0099,0.875,0.4377,0.0,0.8717,0.9209
K01399,C0026,1.0,0.2667,0.0,0.8575,0.9025
K01399,C0033,1.0,0.2507,0.0,0.8215,0.9078
K01399,C0007,1.0,0.6328,0.0,0.7564,0.996
K01485,C0036,1.0,0.5764,0.0,0.9206,0.9417
K01485,C0020,1.0,0.2874,0.0,0.934,0.9764
K01485,C0052,1.0,0.2114,0.0,0.858,0.9396
K01254,C0052,1.0,0.5104,0.0,0.8328,0.936
K01254,C0060,1.0,0.5958,0.0,0.6912,0.9399
K01254,C0050,1.0,0.195,1.0,0.8191,0.8869
K01455,C0060,0.8333,0.5958,0.0,0.7819,0.9327
K01455,C0058,0.8333,0.8374,0.0,0.9328,0.8611
K01455,C0025,0.8333,0.3868,0.0,0.6726,0.8693
K00857,C0110,0.6667,0.6702,0.0,0.686,0.909
K00857,C0010,0.6667,0.5897,0.0,0.7142,0.7486
K00857,C0108,0.6667,0.3852,1.0,0.765,0.9295
K01123,C0055,0.8333,0.6411,0.0,0.7686,0.8598
K01123,C0007,1.0,0.5627,1.0,0.7534,0.7373
K01123,C0108,0.8333,0.3287,0.0,0.7854,0.817
K01280,C0060,1.0,0.6895,0.0,0.8385,0.912
K01280,C0058,1.0,0.8854,0.0,0.8139,0.8336
K01280,C0040,1.0,0.6862,0.0,0.6792,0.6661
K01473,C0089,1.0,0.9804,0.0,0.6667,0.9252
K01473,C0060,1.0,0.5578,0.0,0.8315,0.9566
K01473,C0052,1.0,0.4897,0.0,0.8632,0.8892
K01408,C0027,1.0,0.1035,0.0,0.5368,0.9482
K01408,C0055,1.0,0.1781,0.0,0.6242,0.9873
K01408,C0079,0.0,0.7034,0.0,0.61,0.9362
K01412,C0007,1.0,0.6328,0.0,0.6973,0.5962
K01412,C0114,1.0,0.2468,1.0,0.7918,0.8721
K01412,C0027,0.875,0.0971,0.0,0.8236,0.9584
K00747,C0110,0.8333,0.6991,0.0,0.8707,0.9097
K00747,C0048,0.8333,0.5787,0.0,0.7972,0.9764
K00747,C0091,0.3333,0.7874,0.0,0.5044,0.9983
K00893,C0031,0.75,0.2498,0.0,0.7808,0.8534
K00893,C0114,0.75,0.1733,0.0,0.5657,0.928
K00893,C0084,0.75,0.3213,0.0,0.5672,0.9133
K00673,C0101,1.0,0.6266,0.0,0.6222,0.9512
K00673,C0006,1.0,0.6843,1.0,0.8603,0.9521
K00673,C0082,1.0,0.5063,0.0,0.7505,0.8662
K01322,C0047,0.75,0.5552,0.0,0.5812,0.7979
K01322,C0054,0.75,0.5085,0.0,0.7974,0.8633
K01322,C0087,0.25,0.5538,0.0,0.7211,0.9332
K01225,C0007,1.0,0.6328,0.0,0.752,0.8924
K01225,C0103,1.0,0.7432,0.0,0.8767,0.9571
K01225,C0095,0.125,0.3024,0.0,0.7016,0.9855
K00782,C0071,0.75,0.4341,0.0,0.7449,0.8163
K00782,C0088,0.75,0.5845,0.0,0.8401,0.894
K00782,C0101,1.0,0.6266,0.0,0.6126,0.71
K01482,C0078,1.0,0.6291,0.0,0.7674,0.9427
K01482,C0033,1.0,0.2507,0.0,0.7445,0.9309
K01482,C0085,1.0,0.7735,0.0,0.8169,0.9437
K00720,C0074,1.0,0.3019,0.0,0.8377,0.8997
K00720,C0094,1.0,0.3683,0.0,0.6275,0.8043
K00720,C0039,1.0,0.2504,0.0,0.8372,0.882
K00727,C0081,1.0,0.6106,0.0,0.9157,0.9699
K00727,C0002,1.0,0.6233,0.0,0.734,0.9592
K00727,C0013,1.0,0.7336,0.0,0.9173,0.8738
K01187,C0052,1.0,0.4897,0.0,0.9215,0.9701
K01187,C0089,1.0,0.9804,0.0,0.7819,0.8749
K01187,C0030,1.0,0.6724,0.0,0.7427,0.9027
K00722,C0079,0.0,0.7034,1.0,0.7222,0.9897
K00722,C0111,0.0,0.6158,0.0,0.5719,0.8671
K00722,C0052,1.0,0.23,0.0,0.7334,0.9404
K00996,C0110,0.75,0.6702,0.0,0.8127,0.843
K00996,C0010,0.75,0.5897,0.0,0.6288,0.7102
K00996,C0108,0.75,0.3852,0.0,0.6565,0.923
K01014,C0031,1.0,0.3135,0.0,0.8828,0.9345
K01014,C0114,1.0,0.2468,0.0,0.7878,0.7849
K01014,C0007,1.0,0.6328,0.0,0.7521,0.9064
K01297,C0023,0.5,0.0843,1.0,0.6298,0.9089
K01297,C0075,0.5,0.3262,0.0,0.8573,0.8964
K01297,C0095,0.5,0.743,0.0,0.863,0.8927
K01317,C0007,1.0,0.6328,0.0,0.7347,0.9141
K01317,C0056,1.0,0.567,0.0,0.8595,0.8759
K01317,C0033,1.0,0.2507,0.0,0.7114,0.9658
K01329,C0107,1.0,0.513,0.0,0.9312,0.9472
K01329,C0073,1.0,0.4327,0.0,0.7961,0.9149
K01329,C0101,1.0,0.719,0.0,0.7443,0.7734
K00961,C0087,0.5,0.5538,0.0,0.6022,0.9109
K00961,C0017,0.5,0.3955,0.0,0.6696,0.9858
K00961,C0086,0.5,0.569,0.0,0.6836,0.8378
K01410,C0095,1.0,0.7331,0.0,0.8627,0.931
K01410,C0032,1.0,0.6018,0.0,0.7809,0.8214
K01410,C0050,1.0,0.195,1.0,0.758,0.8583
K00716,C0028,0.8333,0.735,0.0,0.7706,0.9589
K00716,C0095,0.8333,0.743,0.0,0.751,0.9535
K00716,C0110,0.8333,0.7183,0.0,0.6767,0.9215
K00821,C0007,1.0,0.6328,0.0,0.8085,0.6935
K00821,C0114,1.0,0.2468,0.0,0.6341,0.8888
K00821,C0029,0.5,0.3243,0.0,0.4441,0.9228
K00928,C0095,0.75,0.7331,0.0,0.8332,0.8631
K00928,C0032,0.75,0.6018,0.0,0.8189,0.8596
K00928,C0001,0.75,0.6209,0.0,0.8572,0.9117
K01244,C0095,0.8333,0.743,0.0,0.8313,0.9334
K01244,C0007,1.0,0.5627,0.0,0.8856,0.9425
K01244,C0110,0.8333,0.7183,0.0,0.6826,0.9405
K01191,C0060,0.75,0.6895,1.0,0.7168,0.9772
K01191,C0109,0.75,0.418,0.0,0.7145,0.9223
K01191,C0087,0.75,0.5538,1.0,0.7553,0.886
K00904,C0055,0.875,0.5709,0.0,0.7267,0.9063
K00904,C0007,1.0,0.6102,0.0,0.5564,0.6369
K00904,C0108,0.875,0.3466,0.0,0.6646,0.8429
K01240,C0116,1.0,0.4339,0.0,0.6127,0.8055
K01240,C0087,0.5,0.292,0.0,0.7058,0.9895
K01240,C0053,0.625,0.6641,0.0,0.485,0.9502
K01251,C0054,1.0,0.4997,0.0,0.634,0.875
K01251,C0087,0.6667,0.2055,0.0,0.6798,0.8864
K01251,C0017,0.6667,0.1754,0.0,0.7963,0.9181
K01153,C0054,1.0,0.5377,0.0,0.5763,0.9404
K01153,C0101,1.0,0.5686,0.0,0.9713,0.9529
K01153,C0036,1.0,0.5764,0.0,0.7312,0.7891
K01356,C0110,0.8333,0.3276,0.0,0.8261,0.9197
K01356,C0087,0.3333,0.5538,0.0,0.7018,0.9568
K01356,C0007,1.0,0.1438,0.0,0.5358,0.9635
K00688,C0059,1.0,0.6274,0.0,0.6805,0.87
K00688,C0096,1.0,0.3502,0.0,0.7839,0.9475
K00688,C0056,1.0,0.567,0.0,0.6129,0.8289
K00836,C0108,1.0,0.3466,0.0,0.6031,0.9548
K00836,C0051,1.0,0.6798,0.0,0.85,0.9387
K00836,C0067,1.0,0.5524,0.0,0.6859,0.8969
K01416,C0064,0.75,0.4449,0.0,0.8656,0.921
K01416,C0021,0.75,0.4724,1.0,0.8333,0.9393
K01416,C0052,0.75,0.5104,0.0,0.8062,0.9189
K01084,C0078,1.0,0.6291,0.0,0.9198,0.9596
K01084,C0033,1.0,0.2507,0.0,0.654,0.9631
K01084,C0002,1.0,0.622,0.0,0.6935,0.9762
K01500,C0007,1.0,0.6328,0.0,0.6673,0.5992
K01500,C0059,1.0,0.6274,0.0,0.8261,0.9563
K01500,C0027,1.0,0.0971,0.0,0.7989,0.957
K00859,C0074,1.0,0.3019,0.0,0.7715,0.9949
K00859,C0094,1.0,0.3683,0.0,0.7118,0.7828
K00859,C0039,1.0,0.2504,0.0,0.7699,0.8807
K00972,C0101,1.0,0.5686,1.0,0.646,0.9513
K00972,C0006,1.0,0.6445,1.0,0.7078,0.9266
K00972,C0088,1.0,0.5919,0.0,0.5613,0.857
K00980,C0023,0.6667,0.2448,0.0,0.7676,0.9331
K00980,C0054,0.8333,0.5085,0.0,0.7887,0.936
K00980,C0086,0.6667,0.569,0.0,0.7775,0.832
K00943,C0087,0.8333,0.5538,0.0,0.637,0.9636
K00943,C0017,0.8333,0.3955,0.0,0.7886,0.9669
K00943,C0119,0.8333,0.4453,0.0,0.5728,0.9042
K01112,C0054,0.5,0.5085,0.0,0.7799,0.9332
K01112,C0047,0.5,0.5552,1.0,0.5467,0.8938
K01112,C0087,0.5,0.5538,1.0,0.7878,0.961
K01015,C0075,0.75,0.8681,0.0,0.7906,0.9406
K01015,C0023,0.75,0.2448,0.0,0.7038,0.9825
K01015,C0109,0.75,0.418,0.0,0.7182,0.8744
K00809,C0101,0.75,0.6266,0.0,0.7712,0.9054
K00809,C0107,0.75,0.4681,0.0,0.868,0.8923
K00809,C0006,0.75,0.6843,0.0,0.8552,0.9479
K00706,C0054,0.8333,0.5377,0.0,0.7602,0.9012
K00706,C0047,0.8333,0.5118,0.0,0.641,0.8973
K00706,C0075,0.3333,0.3126,0.0,0.94,0.9756
K01231,C0119,0.8333,0.4453,0.0,0.6241,0.793
K01231,C0025,0.8333,0.5468,0.0,0.7854,0.8457
K01231,C0114,0.8333,0.1733,0.0,0.7849,0.8376
K01325,C0060,1.0,0.5578,0.0,0.7203,0.8692
K01325,C0004,1.0,0.4518,0.0,0.7203,0.9759
K01325,C0030,1.0,0.6724,0.0,0.806,0.8825
K00668,C0016,0.75,0.6363,0.0,0.8051,0.9748
K00668,C0110,1.0,0.6991,0.0,0.5987,0.9374
K00668,C0043,0.75,0.5586,0.0,0.7788,0.9021
K01194,C0060,0.75,0.6895,0.0,0.8309,0.9507
K01194,C0075,0.75,0.8681,0.0,0.7682,0.8957
K01194,C0109,0.75,0.418,0.0,0.8533,0.8753
K01186,C0067,1.0,0.5637,0.0,0.727,0.8609
K01186,C0051,0.3333,0.18,0.0,0.6852,0.8448
K01186,C0119,0.3333,0.1805,0.0,0.6904,0.9415
K01145,C0060,1.0,0.6895,0.0,0.8371,0.6448
K01145,C0004,0.75,0.5342,0.0,0.9001,0.7231
K01145,C0068,0.75,0.676,0.0,0.701,0.6343
K00958,C0031,0.8333,0.3135,0.0,0.8677,0.9866
K00958,C0114,0.8333,0.2468,0.0,0.8571,0.9382
K00958,C0078,0.8333,0.6291,0.0,0.8838,0.975
K00705,C0087,0.8333,0.5538,0.0,0.6481,0.9894
K00705,C0119,0.8333,0.4453,0.0,0.6737,0.9097
K00705,C0066,0.8333,0.5472,0.0,0.8202,0.8349
K00956,C0027,1.0,0.3254,0.0,0.6599,0.8579
K00956,C0119,1.0,0.4456,0.0,0.5483,0.8305
K00956,C0055,1.0,0.5709,0.0,0.6812,0.8745
K01085,C0119,0.8333,0.4456,0.0,0.8467,0.9397
K01085,C0114,0.8333,0.3236,0.0,0.7403,0.8793
K01085,C0025,1.0,0.6046,0.0,0.4158,0.8272
K01089,C0060,0.8333,0.5578,0.0,0.557,0.8602
K01089,C0004,0.8333,0.4518,0.0,0.6864,0.9224
K01089,C0068,0.8333,0.6102,0.0,0.5191,0.7304
K01313,C0001,1.0,0.7166,0.0,0.802,0.8941
K01313,C0095,1.0,0.3696,0.0,0.708,0.9524
K01313,C0070,0.5,0.1282,1.0,0.8136,0.9311
K01137,C0002,1.0,0.622,0.0,0.6446,0.9452
K01137,C0078,1.0,0.6291,0.0,0.6534,0.9368
K01137,C0059,1.0,0.6274,0.0,0.745,0.8756
K00761,C0020,0.75,0.2874,1.0,0.8286,0.9407
K00761,C0036,0.75,0.5764,1.0,0.8266,0.8679
K00761,C0054,0.75,0.5377,0.0,0.7429,0.8125
K00911,C0060,0.8333,0.5958,1.0,0.8074,0.9137
K00911,C0053,0.8333,0.6641,0.0,0.7577,0.8888
K00911,C0111,1.0,0.652,0.0,0.7873,0.7277
K01160,C0054,0.8333,0.5377,0.0,0.77,0.9432
K01160,C0006,0.8333,0.6445,0.0,0.7173,0.9663
K01160,C0020,0.8333,0.2874,0.0,0.7748,0.8434
K01235,C0022,1.0,0.5947,0.0,0.7016,0.9581
K01235,C0052,1.0,0.5104,0.0,0.8809,0.9917
K01235,C0060,1.0,0.5958,0.0,0.8652,0.8229
K01249,C0031,1.0,0.3135,0.0,0.9379,0.6816
K01249,C0114,1.0,0.2468,0.0,0.7229,0.881
K01249,C0084,1.0,0.4192,0.0,0.7081,0.9282
K01269,C0007,1.0,0.6102,0.0,0.8573,0.7125
K01269,C0055,0.75,0.5709,1.0,0.7653,0.733
K01269,C0108,0.75,0.3466,1.0,0.4021,0.8653
K00800,C0060,0.75,0.6895,0.0,0.8632,0.8572
K00800,C0040,0.625,0.6862,0.0,0.6544,0.8407
K00800,C0058,0.625,0.8854,1.0,0.8949,0.82
K00848,C0075,0.6667,0.8681,0.0,0.8237,0.9912
K00848,C0086,0.6667,0.569,1.0,0.7922,0.9486
K00848,C0109,0.6667,0.418,0.0,0.8146,0.9403
K00910,C0060,1.0,0.6895,0.0,0.7293,0.8217
K00910,C0058,0.8333,0.8854,0.0,0.6445,0.8131
K00910,C0040,0.8333,0.6862,0.0,0.6136,0.5202
K01305,C0060,0.75,0.6895,0.0,0.9677,0.9746
K01305,C0109,0.75,0.418,0.0,0.927,0.8927
K01305,C0110,0.25,0.3276,0.0,0.683,0.8978
K00820,C0007,1.0,0.6102,0.0,0.7558,0.6593
K00820,C0114,1.0,0.3236,0.0,0.8802,0.8901
K00820,C0027,1.0,0.3254,0.0,0.7294,0.9795
K00852,C0054,0.6667,0.5085,0.0,0.8611,0.9156
K00852,C0047,0.6667,0.5552,0.0,0.5561,0.8727
K00852,C0109,0.6667,0.418,0.0,0.674,0.901
K00841,C0027,0.6667,0.3074,0.0,0.7836,0.7986
K00841,C0090,0.6667,0.4987,0.0,0.8189,0.926
K00841,C0009,0.6667,0.761,0.0,0.7442,0.9253
K00915,C0007,1.0,0.6328,0.0,0.7595,0.9537
K00915,C0002,1.0,0.622,0.0,0.7211,0.9056
K00915,C0078,1.0,0.6291,0.0,0.8211,0.8772
K01288,C0006,1.0,0.6445,0.0,0.6713,0.8966
K01288,C0054,1.0,0.5377,0.0,0.6567,0.8303
K01288,C0001,1.0,0.7166,0.0,0.6765,0.9213
K00854,C0052,1.0,0.4897,0.0,0.8277,0.9507
K00854,C0019,1.0,0.6336,1.0,0.6416,0.9445
K00854,C0022,1.0,0.5559,1.0,0.8372,0.9734
K01226,C0031,0.75,0.3135,0.0,0.7285,0.7919
K01226,C0114,0.75,0.2468,0.0,0.7226,0.8859
K01226,C0056,0.75,0.567,0.0,0.8043,0.9309
K01363,C0053,0.75,0.6641,0.0,0.7027,0.9329
K01363,C0027,0.75,0.3074,0.0,0.8523,0.8864
K01363,C0060,1.0,0.5958,0.0,0.6054,0.9357
K01323,C0056,1.0,0.567,0.0,0.4142,0.9799
K01323,C0059,1.0,0.6274,0.0,0.5338,0.9735
K01323,C0078,1.0,0.6291,0.0,0.5612,0.9252
K01016,C0088,1.0,0.5919,1.0,0.9038,0.914
K01016,C0020,1.0,0.2874,0.0,0.7894,0.9185
K01016,C0036,1.0,0.5764,0.0,0.8146,0.8935
K01281,C0094,1.0,0.3683,0.0,0.6792,0.816
K01281,C0074,1.0,0.3019,0.0,0.8164,0.8568
K01281,C0039,1.0,0.2504,0.0,0.793,0.9797
K01503,C0054,0.8333,0.5377,0.0,0.7673,0.9617
K01503,C0071,0.8333,0.2298,0.0,0.8545,0.955
K01503,C0024,1.0,0.7644,1.0,0.7101,0.9484
K00983,C0007,1.0,0.6102,0.0,0.5483,0.9298
K00983,C0038,1.0,0.1521,0.0,0.5514,0.8623
K00983,C0092,1.0,0.2595,0.0,0.6021,0.9873
K00779,C0054,0.75,0.5377,0.0,0.6742,0.9438
K00779,C0047,0.75,0.5118,0.0,0.7983,0.8963
K00779,C0086,0.5,0.1798,0.0,0.8519,0.937
K00764,C0078,1.0,0.6291,1.0,0.663,0.9474
K00764,C0007,1.0,0.6328,0.0,0.7038,0.9481
K00764,C0033,1.0,0.2507,0.0,0.7529,0.9557
K01364,C0043,0.75,0.5586,0.0,0.6322,0.9865
K01364,C0091,0.75,0.7874,0.0,0.6181,0.9583
K01364,C0087,0.75,0.6218,0.0,0.6783,0.9273
K00898,C0028,0.75,0.735,0.0,0.8249,0.9283
K00898,C0070,0.75,0.4244,0.0,0.7044,0.8586
K00898,C0110,0.75,0.7183,0.0,0.8136,0.8013
K00730,C0054,0.8333,0.5377,0.0,0.774,0.918
K00730,C0012,0.8333,0.6014,0.0,0.7925,0.9412
K00730,C0101,0.8333,0.5686,0.0,0.7894,0.8697
K00997,C0116,1.0,0.3323,0.0,0.7922,0.9849
K00997,C0080,0.75,0.6273,0.0,0.7954,0.8972
K00997,C0043,0.75,0.5586,0.0,0.753,0.9696
K01042,C0019,1.0,0.2438,0.0,0.5569,0.9198
K01042,C0031,0.8333,0.2498,0.0,0.7378,0.9545
K01042,C0005,0.8333,0.5118,0.0,0.751,0.9033
K01495,C0022,1.0,0.5559,0.0,0.8841,0.8966
K01495,C0019,0.25,0.6336,0.0,0.5485,0.9583
K01495,C0052,1.0,0.4897,0.0,0.7548,0.8817
K01064,C0079,0.5,0.7034,0.0,0.73,0.9018
K01064,C0112,0.5,0.34,0.0,0.8841,0.8522
K01064,C0111,0.75,0.6158,0.0,0.7747,0.7928
K01468,C0063,0.875,0.5504,0.0,0.8979,0.878
K01468,C0101,0.875,0.719,0.0,0.7322,0.9803
K01468,C0073,0.875,0.4327,0.0,0.784,0.8682
K00923,C0005,0.25,0.5118,0.0,0.8114,0.9383
K00923,C0075,0.25,0.8681,0.0,0.7483,0.8916
K00923,C0070,0.75,0.1475,0.0,0.6705,0.9469
K00903,C0027,1.0,0.3074,1.0,0.6666,0.8722
K00903,C0009,1.0,0.761,0.0,0.7453,0.8352
K00903,C0090,1.0,0.4987,0.0,0.8288,0.8851
K01090,C0054,0.6667,0.5085,0.0,0.6764,0.8185
K01090,C0047,0.6667,0.5552,0.0,0.676,0.8517
K01090,C0109,0.1667,0.418,0.0,0.7371,0.8357
K00855,C0067,1.0,0.5637,0.0,0.7063,0.906
K00855,C0029,0.5,0.2661,0.0,0.7706,0.9393
K00855,C0027,0.5,0.1034,0.0,0.8772,0.9625
K00891,C0004,1.0,0.5342,1.0,0.8414,0.932
K00891,C0060,1.0,0.6895,1.0,0.8959,0.8167
K00891,C0068,1.0,0.676,0.0,0.6544,0.8299
K00816,C0001,1.0,0.7166,0.0,0.5754,0.9317
K00816,C0006,0.8333,0.6445,0.0,0.7002,0.9299
K00816,C0088,0.8333,0.5919,0.0,0.5711,0.9085
K00660,C0073,0.8333,0.4327,0.0,0.9197,0.965
K00660,C0107,0.8333,0.513,0.0,0.8681,0.9038
K00660,C0063,0.8333,0.5504,0.0,0.9146,0.7756
K00687,C0024,1.0,0.7644,0.0,0.7931,0.9352
K00687,C0054,0.75,0.5377,0.0,0.8541,0.9262
K00687,C0097,0.75,0.6437,0.0,0.5767,0.9206
K00942,C0093,1.0,0.6502,0.0,0.7054,0.9642
K00942,C0027,1.0,0.3074,0.0,0.8185,0.9688
K00942,C0011,1.0,0.5341,0.0,0.7508,0.9352
K01174,C0056,1.0,0.567,0.0,0.7359,0.964
K01174,C0059,1.0,0.6274,0.0,0.8931,0.9816
K01174,C0096,1.0,0.3502,0.0,0.8963,0.9005
K00693,C0031,1.0,0.3135,0.0,0.7333,0.8432
K00693,C0002,1.0,0.622,0.0,0.6228,0.9638
K00693,C0081,1.0,0.6119,0.0,0.8604,0.9212
K01491,C0043,0.1667,0.5586,0.0,0.9187,0.9956
K01491,C0087,0.1667,0.6218,0.0,0.701,0.9512
K01491,C0034,0.1667,0.8531,0.0,0.8032,0.9847
K01065,C0074,1.0,0.3019,0.0,0.8885,0.9737
K01065,C0094,1.0,0.3683,0.0,0.8533,0.887
K01065,C0039,1.0,0.2504,0.0,0.6316,0.8437
K01464,C0001,1.0,0.6869,0.0,0.8612,0.8482
K01464,C0032,1.0,0.7354,0.0,0.8637,0.9121
K01464,C0054,1.0,0.2068,0.0,0.7058,0.9552
K01149,C0007,1.0,0.5627,0.0,0.8801,0.9478
K01149,C0048,1.0,0.4966,0.0,0.8338,0.9665
K01149,C0110,1.0,0.7183,0.0,0.7073,0.9317
K00708,C0001,0.8333,0.7166,0.0,0.722,0.8413
K00708,C0028,0.5,0.38,0.0,0.808,0.9296
K00708,C0110,0.5,0.2489,0.0,0.7731,0.9078
K01029,C0004,0.75,0.4518,0.0,0.8937,0.899
K01029,C0060,0.75,0.5578,0.0,0.7059,0.7911
K01029,C0068,0.75,0.6102,0.0,0.6602,0.8997
K01350,C0004,0.8333,0.4518,0.0,0.9202,0.7378
K01350,C0068,0.8333,0.6102,0.0,0.6904,0.8184
K01350,C0060,0.8333,0.5578,0.0,0.7407,0.677
K01421,C0031,1.0,0.2498,0.0,0.8515,0.8934
K01421,C0084,1.0,0.3213,0.0,0.6718,0.895
K01421,C0114,1.0,0.1733,0.0,0.9075,0.815
K01483,C0119,1.0,0.4456,0.0,0.8207,0.9779
K01483,C0042,1.0,0.2224,0.0,0.8523,0.8737
K01483,C0110,0.5,0.3069,0.0,0.649,0.9676
K00874,C0108,0.6667,0.3466,0.0,0.603,0.8843
K00874,C0117,0.3333,0.4618,0.0,0.8797,0.948
K00874,C0027,0.8333,0.3254,1.0,0.7056,0.9558
K00654,C0049,1.0,0.642,0.0,0.6715,0.9791
K00654,C0078,0.0,0.2838,0.0,0.7723,0.9468
K00654,C0007,1.0,0.2054,0.0,0.8131,0.9274
K01378,C0098,0.75,0.7077,0.0,0.652,0.9283
K01378,C0119,0.75,0.4453,0.0,0.5451,0.8894
K01378,C0025,1.0,0.5468,0.0,0.8166,0.9447
K00759,C0006,1.0,0.6843,1.0,0.6866,0.9809
K00759,C0088,1.0,0.5845,1.0,0.7686,0.8799
K00759,C0071,1.0,0.4341,1.0,0.8799,0.9283
K01271,C0027,0.75,0.3254,0.0,0.8921,0.9216
K01271,C0009,0.75,0.6638,0.0,0.7573,0.677
K01271,C0090,0.75,0.556,0.0,0.7076,0.7722
K01196,C0022,1.0,0.5559,1.0,0.9074,0.8066
K01196,C0072,1.0,0.4356,0.0,0.7669,0.8188
K01196,C0098,1.0,0.6656,0.0,0.6759,0.9715
K00769,C0045,1.0,0.7126,0.0,0.8773,0.9597
K00769,C0078,1.0,0.6291,0.0,0.7393,0.8811
K00769,C0074,1.0,0.3355,0.0,0.8695,0.962
K00927,C0009,0.75,0.6638,0.0,0.6202,0.9438
K00927,C0027,0.75,0.3254,0.0,0.747,0.753
K00927,C0090,0.75,0.556,0.0,0.7251,0.9267
K00822,C0091,1.0,0.7874,0.0,0.7485,0.9825
K00822,C0043,1.0,0.5586,0.0,0.7936,0.935
K00822,C0034,1.0,0.8531,0.0,0.8767,0.9097
K00987,C0040,0.5,0.6094,0.0,0.6251,0.7808
K00987,C0060,0.5,0.5958,0.0,0.7658,0.8675
K00987,C0084,0.5,0.3056,0.0,0.6639,0.9585
K00798,C0072,1.0,0.4228,0.0,0.7704,0.9526
K00798,C0110,0.5,0.6991,0.0,0.809,0.99
K00798,C0087,0.5,0.6218,0.0,0.8334,0.9933
K01238,C0022,1.0,0.6116,0.0,0.8573,0.6542
K01238,C0093,0.25,0.2386,0.0,0.8674,0.939
K01238,C0054,1.0,0.4997,0.0,0.7175,0.8423
K01318,C0098,1.0,0.6656,0.0,0.7585,0.8273
K01318,C0067,1.0,0.5637,0.0,0.7473,0.9337
K01318,C0042,0.5,0.0415,0.0,0.6586,0.9569
K00818,C0027,0.875,0.3254,0.0,0.8248,0.9356
K00818,C0009,0.875,0.6638,0.0,0.7831,0.5079
K00818,C0090,0.875,0.556,0.0,0.7872,0.6542
K00906,C0054,0.75,0.5085,0.0,0.8051,0.8921
K00906,C0047,0.75,0.5552,0.0,0.6673,0.8633
K00906,C0087,0.25,0.5538,0.0,0.759,0.9223
K00968,C0054,1.0,0.4997,0.0,0.7048,0.9147
K00968,C0041,1.0,0.8371,0.0,0.8441,0.8968
K00968,C0022,1.0,0.6116,0.0,0.8807,0.7638
K01156,C0101,0.8333,0.6266,0.0,0.8473,0.9342
K01156,C0006,0.8333,0.6843,0.0,0.7948,0.8746
K01156,C0088,0.8333,0.5845,0.0,0.8072,0.833
K01185,C0050,1.0,0.195,1.0,0.8069,0.907
K01185,C0052,0.75,0.5104,0.0,0.8396,0.9018
K01185,C0060,0.75,0.5958,0.0,0.8079,0.9227
K01013,C0080,1.0,0.6273,0.0,0.7833,0.991
K01013,C0091,1.0,0.7874,0.0,0.8466,0.963
K01013,C0013,1.0,0.7336,0.0,0.7872,0.927
K01335,C0081,1.0,0.6106,0.0,0.8646,0.9596
K01335,C0013,1.0,0.7336,0.0,0.8915,0.8235
K01335,C0031,1.0,0.1852,0.0,0.9424,0.7765
K01499,C0007,1.0,0.5627,0.0,0.5934,0.725
K01499,C0103,1.0,0.8055,0.0,0.4778,0.8501
K01499,C0077,0.5,0.2468,0.0,0.3993,0.9594
K00692,C0113,0.6667,0.646,0.0,0.6875,0.9012
K00692,C0021,0.6667,0.4724,1.0,0.6777,0.9379
K00692,C0093,0.6667,0.6502,0.0,0.7661,0.8754
K01124,C0050,1.0,0.241,0.0,0.6811,0.8142
K01124,C0030,0.6667,0.6724,0.0,0.7664,0.9915
K01124,C0098,0.6667,0.6656,0.0,0.7339,0.9053
K01343,C0029,1.0,0.5823,0.0,0.5282,0.9955
K01343,C0117,1.0,0.4618,0.0,0.5707,0.9817
K01343,C0027,1.0,0.3254,1.0,0.6108,0.9065
K00666,C0087,0.6667,0.6218,0.0,0.5489,0.8598
K00666,C0099,0.6667,0.4657,0.0,0.691,0.8593
K00666,C0119,0.6667,0.4171,0.0,0.8135,0.8792
K00929,C0101,0.8333,0.6266,0.0,0.7415,0.899
K00929,C0071,0.8333,0.4341,0.0,0.7841,0.9449
K00929,C0006,0.8333,0.6843,0.0,0.8039,0.9385
K01505,C0041,1.0,0.8371,0.0,0.9065,0.9341
K01505,C0054,1.0,0.4997,0.0,0.7228,0.9583
K01505,C0049,1.0,0.642,0.0,0.706,0.8742
K00726,C0031,0.5,0.2498,0.0,0.642,0.9723
K00726,C0066,0.5,0.5472,0.0,0.4922,0.8651
K00726,C0087,0.5,0.5538,0.0,0.8143,0.8681
K00844,C0109,0.6667,0.418,0.0,0.6264,0.973
K00844,C0054,0.8333,0.5085,0.0,0.6016,0.98
K00844,C0098,0.6667,0.7077,0.0,0.8978,0.9567
K01091,C0077,1.0,0.5528,0.0,0.7052,0.9403
K01091,C0083,1.0,0.3713,1.0,0.7241,0.9618
K01091,C0016,1.0,0.6363,1.0,0.797,0.9796
K00895,C0031,0.625,0.2498,0.0,0.6226,0.9209
K00895,C0054,0.625,0.5085,0.0,0.8401,0.909
K00895,C0098,0.875,0.7077,0.0,0.7051,0.8804
K01127,C0001,1.0,0.6869,0.0,0.7817,0.8705
K01127,C0010,0.5,0.4837,0.0,0.7828,0.8978
K01127,C0110,0.5,0.7183,0.0,0.9339,0.9457
K00885,C0101,1.0,0.719,0.0,0.6925,0.959
K00885,C0006,1.0,0.6363,0.0,0.8134,0.949
K00885,C0012,1.0,0.6397,0.0,0.7561,0.6634
K00890,C0029,0.3333,0.1856,0.0,0.568,0.9252
K00890,C0098,1.0,0.2543,0.0,0.6501,0.875
K00890,C0027,1.0,0.1351,1.0,0.6506,0.8405
K01261,C0024,0.6667,0.4237,0.0,0.8353,0.9757
K01261,C0008,0.3333,0.5669,0.0,0.7835,0.8636
K01261,C0039,0.8333,0.2504,0.0,0.875,0.954
K01019,C0042,1.0,0.1769,0.0,0.7153,0.8315
K01019,C0119,1.0,0.4171,0.0,0.5111,0.8556
K01019,C0027,1.0,0.0861,0.0,0.6003,0.9187
K01059,C0039,1.0,0.2408,0.0,0.6202,0.8853
K01059,C0094,1.0,0.2578,0.0,0.7291,0.7763
K01059,C0074,1.0,0.3355,0.0,0.8228,0.7472
K01470,C0063,0.75,0.5504,1.0,0.745,0.9542
K01470,C0082,0.75,0.5546,0.0,0.7482,0.9424
K01470,C0107,0.75,0.513,0.0,0.8083,0.7678
K00913,C0116,1.0,0.3323,0.0,0.6708,0.8211
K00913,C0053,0.5,0.3802,0.0,0.6472,0.9701
K00913,C0031,0.5,0.1852,0.0,0.6073,0.9234
K01229,C0007,0.8333,0.5627,0.0,0.7697,0.9379
K01229,C0092,0.1667,0.48,0.0,0.7712,0.9565
K01229,C0054,0.8333,0.2068,0.0,0.7297,0.9208
K01419,C0082,0.75,0.5063,0.0,0.846,0.946
K01419,C0006,0.75,0.6843,0.0,0.8147,0.927
K01419,C0073,0.75,0.4377,1.0,0.8792,0.8741
K01204,C0107,0.875,0.4681,0.0,0.6846,0.9162
K01204,C0006,0.875,0.6843,0.0,0.5907,0.8423
K01204,C0073,0.875,0.4377,0.0,0.7736,0.7767
K00899,C0040,0.75,0.6862,0.0,0.8308,0.7555
K00899,C0058,0.75,0.8854,0.0,0.8222,0.9531
K00899,C0060,1.0,0.6895,1.0,0.6714,0.9667
K01466,C0074,1.0,0.3019,0.0,0.6501,0.9085
K01466,C0039,1.0,0.2504,0.0,0.9367,0.9472
K01466,C0094,1.0,0.3683,0.0,0.4399,0.7228
K00977,C0074,1.0,0.3019,0.0,0.7302,0.885
K00977,C0039,1.0,0.2504,0.0,0.6519,0.9819
K00977,C0094,1.0,0.3683,0.0,0.7797,0.8786
K01349,C0007,1.0,0.6102,0.0,0.5558,0.8443
K01349,C0114,1.0,0.3236,0.0,0.6986,0.9342
K01349,C0029,0.75,0.5823,0.0,0.8807,0.9747
K00881,C0051,1.0,0.6798,0.0,0.851,0.9348
K00881,C0042,1.0,0.2224,0.0,0.7833,0.9338
K00881,C0029,1.0,0.5823,0.0,0.7441,0.9007
K01287,C0040,0.75,0.6862,0.0,0.7911,0.6585
K01287,C0084,0.75,0.3213,0.0,0.8357,0.9376
K01287,C0060,1.0,0.6895,0.0,0.7208,0.8208
K00941,C0074,1.0,0.3019,0.0,0.8238,0.9385
K00941,C0094,1.0,0.3683,0.0,0.7665,0.8905
K00941,C0039,1.0,0.2504,0.0,0.5371,0.9617
K00694,C0027,0.8333,0.3074,0.0,0.8181,0.9518
K00694,C0009,0.8333,0.761,0.0,0.8554,0.6297
K00694,C0090,0.8333,0.4987,0.0,0.8723,0.7579
K00679,C0084,0.8333,0.4192,0.0,0.6858,0.9563
K00679,C0114,0.8333,0.2468,0.0,0.6843,0.9825
K00679,C0031,0.8333,0.3135,0.0,0.8313,0.845
K01166,C0081,1.0,0.6119,0.0,0.7963,0.9722
K01166,C0056,1.0,0.567,0.0,0.6272,0.915
K01166,C0085,1.0,0.7735,1.0,0.8243,0.8918
K01182,C0009,0.8333,0.761,0.0,0.6348,0.9332
K01182,C0027,0.8333,0.3074,0.0,0.7508,0.9086
K01182,C0090,0.8333,0.4987,0.0,0.7026,0.9796
K00840,C0054,1.0,0.1795,0.0,0.9275,0.9636
K00840,C0029,1.0,0.5823,0.0,0.5311,0.9663
K00840,C0098,1.0,0.751,0.0,0.5885,0.905
K00825,C0050,1.0,0.2738,0.0,0.824,0.9127
K00825,C0098,0.5,0.2723,0.0,0.7857,0.9417
K00825,C0106,0.5,0.3026,1.0,0.8032,0.832
K00756,C0087,0.5,0.5538,0.0,0.7165,0.927
K00756,C0054,0.5,0.5085,0.0,0.6539,0.941
K00756,C0109,0.5,0.418,0.0,0.7563,0.9605
K01385,C0007,1.0,0.6102,0.0,0.8016,0.8371
K01385,C0055,1.0,0.5709,0.0,0.8149,0.9151
K01385,C0092,1.0,0.2595,0.0,0.8864,0.8222
K00831,C0007,1.0,0.6328,0.0,0.6623,0.9393
K00831,C0078,0.5,0.6291,0.0,0.7787,0.8728
K00831,C0081,0.5,0.6119,0.0,0.7852,0.9705
K01198,C0027,1.0,0.3254,0.0,0.7432,0.9464
K01198,C0009,1.0,0.6638,0.0,0.7785,0.9016
K01198,C0029,1.0,0.5823,0.0,0.6606,0.8972
K01294,C0098,1.0,0.751,0.0,0.7138,0.9627
K01294,C0027,1.0,0.3254,0.0,0.7505,0.9487
K01294,C0007,0.6667,0.6102,0.0,0.6243,0.8341
K01346,C0054,1.0,0.2,0.0,0.7911,0.8592
K01346,C0049,0.5,0.2053,0.0,0.6035,0.9063
K01346,C0072,0.5,0.1709,0.0,0.592,0.8476
K00853,C0024,1.0,0.7644,0.0,0.8953,0.9439
K00853,C0054,0.875,0.5377,0.0,0.78,0.9551
K00853,C0097,0.875,0.6437,0.0,0.679,0.8763
K00916,C0024,0.5,0.4237,0.0,0.7314,0.9233
K00916,C0097,0.5,0.3383,0.0,0.8481,0.8493
K00916,C0006,0.75,0.3534,0.0,0.856,0.8932
K00737,C0007,0.5,0.1626,0.0,0.712,0.9796
K00737,C0112,0.5,0.0863,0.0,0.8507,0.9718
K00737,C0056,0.5,0.2659,0.0,0.7954,0.8934
K01278,C0054,0.75,0.5085,0.0,0.6751,0.8096
K01278,C0047,0.75,0.5552,0.0,0.5802,0.8218
K01278,C0012,0.75,0.1089,0.0,0.8324,0.9269
K01328,C0112,0.8333,0.39,0.0,0.7734,0.9134
K01328,C0045,0.8333,0.7126,0.0,0.8569,0.9182
K01328,C0056,0.6667,0.567,0.0,0.5663,0.9738
K01907,C0087,0.6667,0.5538,0.0,0.8656,0.9036
K01907,C0109,0.6667,0.418,0.0,0.684,0.908
K01907,C0017,0.6667,0.3955,0.0,0.5692,0.8321
K02248,C0050,1.0,0.241,0.0,0.7717,0.8303
K02248,C0095,0.3333,0.2351,0.0,0.6847,0.9352
K02248,C0074,0.6667,0.3019,0.0,0.7794,0.9443
K01899,C0107,1.0,0.4681,0.0,0.8043,0.9631
K01899,C0006,1.0,0.6843,0.0,0.7411,0.9342
K01899,C0073,1.0,0.4377,0.0,0.7849,0.918
K01861,C0004,0.3333,0.1828,0.0,0.9367,0.963
K01861,C0074,0.8333,0.1651,0.0,0.8745,0.9593
K01861,C0068,0.3333,0.2216,0.0,0.8102,0.9228
K01890,C0007,1.0,0.5627,0.0,0.8446,0.9558
K01890,C0055,1.0,0.6411,0.0,0.82,0.9048
K01890,C0108,1.0,0.3287,0.0,0.6263,0.8282
K01848,C0098,1.0,0.751,0.0,0.8036,0.9
K01848,C0067,1.0,0.5524,0.0,0.8512,0.8043
K01848,C0004,0.3333,0.2038,0.0,0.7409,0.9775
K01925,C0106,1.0,0.813,0.0,0.6579,0.8911
K01925,C0030,1.0,0.6724,0.0,0.6989,0.9292
K01925,C0004,1.0,0.4518,0.0,0.8724,0.8708
K01734,C0107,1.0,0.513,0.0,0.8542,0.8868
K01734,C0073,1.0,0.4327,0.0,0.6421,0.9067
K01734,C0006,1.0,0.6363,1.0,0.8918,0.8155
K02249,C0081,1.0,0.6106,0.0,0.6756,0.965
K02249,C0013,1.0,0.7336,0.0,0.6925,0.8578
K02249,C0002,1.0,0.6233,0.0,0.6465,0.9745
K01854,C0107,1.0,0.513,0.0,0.9053,0.8328
K01854,C0082,1.0,0.5546,0.0,0.8026,0.8066
K01854,C0006,1.0,0.6363,0.0,0.9423,0.7785
K02412,C0054,1.0,0.4997,0.0,0.7462,0.8585
K02412,C0072,1.0,0.5483,0.0,0.903,0.8608
K02412,C0049,1.0,0.642,0.0,0.7058,0.8965
K01635,C0054,0.6667,0.5085,0.0,0.7552,0.9184
K01635,C0047,0.6667,0.5552,0.0,0.7173,0.9459
K01635,C0004,0.1667,0.5342,1.0,0.7659,0.9226
K01564,C0055,0.75,0.5709,0.0,0.7466,0.9495
K01564,C0054,0.5,0.1795,0.0,0.7823,0.926
K01564,C0027,1.0,0.3254,1.0,0.7398,0.9456
K01772,C0087,0.75,0.5538,0.0,0.7391,0.9579
K01772,C0017,0.75,0.3955,0.0,0.7088,0.8897
K01772,C0099,0.75,0.4377,1.0,0.7817,0.7575
K01884,C0111,1.0,0.652,0.0,0.7777,0.7632
K01884,C0053,0.5,0.6641,0.0,0.781,0.9453
K01884,C0032,1.0,0.6018,0.0,0.6803,0.9442
K01902,C0034,1.0,0.8531,0.0,0.8788,0.9731
K01902,C0072,1.0,0.4228,0.0,0.7107,0.8432
K01902,C0081,0.5,0.6106,0.0,0.922,0.9633
K01592,C0054,0.75,0.5377,0.0,0.835,0.9088
K01592,C0006,0.75,0.6445,0.0,0.8449,0.9358
K01592,C0024,1.0,0.7644,0.0,0.7204,0.8434
K02080,C0053,0.6667,0.6641,0.0,0.7682,0.9682
K02080,C0095,0.8333,0.7331,1.0,0.5457,0.9384
K02080,C0003,0.6667,0.4903,0.0,0.7497,0.9182
K01739,C0116,1.0,0.4339,0.0,0.449,0.9141
K01739,C0104,0.0,0.5871,0.0,0.4987,0.9551
K01739,C0032,0.0,0.6018,0.0,0.7847,0.9832
K01731,C0032,1.0,0.2432,1.0,0.8908,0.9731
K01731,C0070,0.0,0.1531,0.0,0.7792,0.9743
K01731,C0055,0.0,0.1986,0.0,0.9445,0.9527
K01687,C0114,0.6667,0.2468,0.0,0.8921,0.7333
K01687,C0084,0.8333,0.4192,0.0,0.6323,0.791
K01687,C0056,0.6667,0.567,0.0,0.7587,0.8898
K01590,C0056,1.0,0.567,0.0,0.6491,0.9647
K01590,C0013,1.0,0.8026,0.0,0.7541,0.9514
K01590,C0074,1.0,0.3355,0.0,0.7058,0.8388
K01906,C0040,0.5,0.6094,0.0,0.6603,0.8162
K01906,C0025,0.5,0.3868,0.0,0.6671,0.9938
K01906,C0058,0.5,0.8374,0.0,0.4944,0.9538
K02217,C0057,1.0,0.3903,0.0,0.8154,0.9256
K02217,C0007,1.0,0.6102,1.0,0.6347,0.9152
K02217,C0055,1.0,0.5709,0.0,0.7966,0.8869
K02124,C0006,1.0,0.6363,1.0,0.8228,0.8227
K02124,C0101,1.0,0.719,0.0,0.798,0.7173
K02124,C0056,0.875,0.567,1.0,0.7004,0.9469
K01926,C0120,1.0,0.0415,0.0,0.6749,0.949
K01926,C0056,1.0,0.2026,0.0,0.5608,0.919
K01926,C0013,1.0,0.2788,0.0,0.7878,0.9761
K02387,C0057,1.0,0.3903,0.0,0.8859,0.9807
K02387,C0055,1.0,0.5709,0.0,0.7799,0.9308
K02387,C0027,1.0,0.3254,0.0,0.702,0.9603
K01841,C0116,1.0,0.3323,0.0,0.7411,0.8813
K01841,C0018,0.5,0.0996,0.0,0.7391,0.9701
K01841,C0081,0.5,0.6106,0.0,0.7703,0.9838
K01881,C0054,1.0,0.5085,0.0,0.6804,0.9986
K01881,C0015,0.8333,0.581,0.0,0.9601,0.9783
K01881,C0005,0.8333,0.5118,0.0,0.9266,0.9211
K02355,C0004,1.0,0.4518,1.0,0.7252,0.9849
K02355,C0030,1.0,0.6724,0.0,0.8705,0.9428
K02355,C0008,1.0,0.5669,0.0,0.7245,0.8561
K02139,C0015,0.8333,0.581,0.0,0.8226,0.9041
K02139,C0023,0.8333,0.2448,0.0,0.6414,0.9374
K02139,C0109,0.8333,0.418,0.0,0.745,0.8875
K02254,C0027,1.0,0.3254,0.0,0.7967,0.9561
K02254,C0009,1.0,0.6638,0.0,0.9541,0.7587
K02254,C0090,1.0,0.556,0.0,0.8055,0.8513
K01971,C0055,1.0,0.6411,0.0,0.7404,0.9072
K01971,C0007,1.0,0.5627,0.0,0.6424,0.7983
K01971,C0108,1.0,0.3287,0.0,0.8778,0.9114
K02234,C0101,0.875,0.6266,1.0,0.6298,0.959
K02234,C0082,0.875,0.5063,0.0,0.6623,0.9347
K02234,C0006,0.875,0.6843,1.0,0.7695,0.9573
K01805,C0077,1.0,0.5528,0.0,0.7271,0.9745
K01805,C0013,1.0,0.7336,0.0,0.7251,0.9207
K01805,C0081,1.0,0.6106,0.0,0.8456,0.7473
K01943,C0004,0.3333,0.4518,0.0,0.6973,0.952
K01943,C0054,0.5,0.2124,0.0,0.6928,0.9055
K01943,C0030,0.3333,0.6724,1.0,0.6493,0.9529
K02325,C0110,1.0,0.7183,0.0,0.7965,0.85
K02325,C0048,1.0,0.4966,0.0,0.7324,0.8332
K02325,C0016,0.5,0.1943,0.0,0.5744,0.9832
K02335,C0081,0.5,0.6106,0.0,0.8111,0.9776
K02335,C0043,0.5,0.5586,0.0,0.6932,0.9574
K02335,C0087,1.0,0.6218,0.0,0.6484,0.8384
K01980,C0104,0.625,0.5871,0.0,0.8106,0.9608
K01980,C0053,0.625,0.6641,0.0,0.747,0.9425
K01980,C0001,0.875,0.6209,0.0,0.7708,0.936
K02262,C0111,0.6667,0.652,0.0,0.7851,0.8134
K02262,C0053,0.5,0.6641,0.0,0.5813,0.9231
K02262,C0102,0.5,0.7671,0.0,0.4894,0.9503
K01583,C0063,1.0,0.5504,0.0,0.8563,0.8941
K01583,C0006,1.0,0.6363,0.0,0.7128,0.8667
K01583,C0073,1.0,0.4327,0.0,0.8421,0.9136
K02111,C0112,0.25,0.1542,0.0,0.8997,0.8906
K02111,C0054,0.625,0.4997,0.0,0.8511,0.8191
K02111,C0079,0.25,0.2702,0.0,0.7636,0.6597
K02296,C0098,1.0,0.751,0.0,0.7272,0.9148
K02296,C0114,0.75,0.3236,0.0,0.8265,0.8624
K02296,C0119,0.75,0.4456,0.0,0.8775,0.9225
K02272,C0074,1.0,0.3355,0.0,0.9374,0.8628
K02272,C0094,1.0,0.2578,0.0,0.7272,0.7991
K02272,C0004,0.3333,0.2343,0.0,0.9119,0.909
K01989,C0004,1.0,0.4518,0.0,0.8737,0.9242
K01989,C0030,1.0,0.6724,0.0,0.6592,0.9652
K01989,C0068,1.0,0.6102,0.0,0.8211,0.9216
K02027,C0087,0.8333,0.6218,0.0,0.8575,0.9491
K02027,C0099,0.8333,0.4657,0.0,0.7206,0.9323
K02027,C0066,0.8333,0.4566,0.0,0.4867,0.939
K02247,C0050,1.0,0.241,1.0,0.6549,0.9749
K02247,C0055,0.75,0.1884,1.0,0.6567,0.9793
K02247,C0032,0.75,0.303,0.0,0.6554,0.9833
K02120,C0011,1.0,0.1274,0.0,0.5897,0.9354
K02120,C0027,1.0,0.1351,1.0,0.6518,0.9192
K02120,C0018,1.0,0.1186,0.0,0.8719,0.8918
K02180,C0050,1.0,0.2738,1.0,0.8642,0.778
K02180,C0070,0.5,0.4244,1.0,0.6386,0.9841
K02180,C0001,0.5,0.6869,0.0,0.8829,0.8929
K02017,C0004,1.0,0.5342,1.0,0.8687,0.9787
K02017,C0054,1.0,0.5085,0.0,0.7478,0.9577
K02017,C0015,1.0,0.581,0.0,0.836,0.9827
K02228,C0081,1.0,0.6119,0.0,0.7957,0.9271
K02228,C0013,1.0,0.8026,0.0,0.7788,0.8895
K02228,C0002,1.0,0.622,0.0,0.6813,0.9152
K02032,C0050,1.0,0.2738,1.0,0.8773,0.9068
K02032,C0055,0.0,0.6411,1.0,0.8883,0.9196
K02032,C0032,0.0,0.7354,0.0,0.8882,0.8974
K01535,C0101,1.0,0.6266,0.0,0.7328,0.9717
K01535,C0082,1.0,0.5063,0.0,0.7226,0.9318
K01535,C0006,1.0,0.6843,0.0,0.7265,0.9246
K01932,C0110,0.5,0.6702,0.0,0.8869,0.9266
K01932,C0010,0.5,0.5897,0.0,0.8594,0.7933
K01932,C0108,0.5,0.3852,0.0,0.7324,0.9597
K02102,C0103,1.0,0.7432,0.0,0.773,0.8991
K02102,C0007,1.0,0.6328,0.0,0.7305,0.5906
K02102,C0070,0.25,0.1087,1.0,0.7601,0.9309
K02274,C0053,0.75,0.6641,0.0,0.699,0.9446
K02274,C0009,0.75,0.761,0.0,0.523,0.9407
K02274,C0001,0.875,0.6209,0.0,0.612,0.9358
K02345,C0043,0.5,0.2417,0.0,0.8251,0.9773
K02345,C0054,1.0,0.5377,0.0,0.6489,0.8977
K02345,C0001,0.5,0.7166,0.0,0.7142,0.9334
K01524,C0116,1.0,0.3323,0.0,0.5129,0.7694
K01524,C0018,0.25,0.0996,0.0,0.5109,0.96
K01524,C0040,0.25,0.3061,0.0,0.8268,0.9197
K01931,C0001,0.875,0.6869,0.0,0.8012,0.8857
K01931,C0032,0.875,0.7354,0.0,0.7219,0.8879
K01931,C0095,0.875,0.743,0.0,0.8009,0.9534
K01844,C0007,1.0,0.5627,0.0,0.5798,0.7929
K01844,C0103,1.0,0.8055,0.0,0.6439,0.7244
K01844,C0055,0.8333,0.6411,0.0,0.6778,0.9559
K02322,C0004,0.0,0.1828,0.0,0.8552,0.9028
K02322,C0054,1.0,0.5377,0.0,0.6499,0.9044
K02322,C0030,0.0,0.2705,0.0,0.6979,0.9971
K01860,C0054,1.0,0.4997,0.0,0.8023,0.97
K01860,C0041,1.0,0.8371,0.0,0.7667,0.9018
K01860,C0049,1.0,0.642,0.0,0.6734,0.9171
K02396,C0004,1.0,0.5342,0.0,0.6971,0.9833
K02396,C0060,1.0,0.6895,0.0,0.5678,0.9085
K02396,C0098,1.0,0.7077,0.0,0.8244,0.9312
K01709,C0001,1.0,0.7166,0.0,0.9536,0.8796
K01709,C0097,0.875,0.6437,0.0,0.9159,0.8287
K01709,C0101,0.875,0.5686,0.0,0.8662,0.9241
K01829,C0056,1.0,0.567,0.0,0.6129,0.8774
K01829,C0026,1.0,0.2667,1.0,0.9121,0.7806
K01829,C0059,1.0,0.6274,0.0,0.7325,0.8293
K02344,C0032,0.75,0.7354,0.0,0.7256,0.8808
K02344,C0001,0.75,0.6869,0.0,0.6266,0.9244
K02344,C0095,0.75,0.743,0.0,0.8091,0.9447
K01706,C0110,0.75,0.6991,0.0,0.8656,0.9074
K01706,C0048,0.75,0.5787,0.0,0.8546,0.9296
K01706,C0083,0.75,0.3713,0.0,0.7594,0.9093
K01552,C0027,0.6667,0.3254,0.0,0.7908,0.9223
K01552,C0009,0.6667,0.6638,0.0,0.9092,0.8016
K01552,C0090,0.6667,0.556,0.0,0.8121,0.8863
K02239,C0043,0.375,0.5586,0.0,0.5292,0.9036
K02239,C0048,0.375,0.5787,0.0,0.7203,0.927
K02239,C0087,0.375,0.6218,0.0,0.6076,0.9555
K01550,C0087,0.5,0.5538,0.0,0.6875,0.9932
K01550,C0004,0.75,0.5342,0.0,0.7418,0.9369
K01550,C0110,0.25,0.3276,0.0,0.8501,0.9761
K02146,C0022,0.8333,0.5947,0.0,0.8695,0.7149
K02146,C0102,0.1667,0.7671,0.0,0.7629,0.9536
K02146,C0009,0.8333,0.761,0.0,0.8913,0.9712
K01633,C0032,0.75,0.7354,0.0,0.7015,0.9137
K01633,C0001,0.75,0.6869,0.0,0.842,0.9438
K01633,C0095,0.75,0.743,0.0,0.8098,0.9405
K01856,C0007,1.0,0.6328,0.0,0.5724,0.8438
K01856,C0103,1.0,0.7432,0.0,0.7737,0.9822
K01856,C0032,0.6667,0.1988,0.0,0.7395,0.948
K01586,C0035,0.6667,0.2259,0.0,0.5241,0.9535
K01586,C0050,1.0,0.2738,0.0,0.6581,0.8356
K01586,C0110,0.3333,0.7183,0.0,0.8629,0.947
K01934,C0054,1.0,0.2124,0.0,0.6568,0.9812
K01934,C0004,0.0,0.4518,0.0,0.8866,0.9442
K01934,C0106,0.0,0.813,0.0,0.7056,0.9874
K02033,C0111,1.0,0.6158,0.0,0.836,0.9702
K02033,C0079,0.1667,0.7034,0.0,0.8961,0.9198
K02033,C0027,0.8333,0.1035,0.0,0.9571,0.9049
K01673,C0087,1.0,0.6218,0.0,0.6229,0.9135
K01673,C0099,1.0,0.4657,1.0,0.6655,0.9771
K01673,C0017,1.0,0.4955,0.0,0.6903,0.8576
K02147,C0056,1.0,0.567,0.0,0.4559,0.9627
K02147,C0059,1.0,0.6274,0.0,0.5755,0.9644
K02147,C0013,1.0,0.8026,1.0,0.6829,0.9746
K01509,C0032,0.6667,0.7354,1.0,0.8668,0.9629
K01509,C0070,0.6667,0.4244,0.0,0.8283,0.9625
K01509,C0048,0.6667,0.4966,1.0,0.7623,0.9276
K02370,C0116,1.0,0.3323,0.0,0.6414,0.904
K02370,C0102,0.25,0.251,0.0,0.8048,0.91
K02370,C0080,0.625,0.6273,0.0,0.849,0.9222
K02011,C0053,0.75,0.6641,0.0,0.5992,0.8799
K02011,C0027,0.75,0.3074,0.0,0.7419,0.7986
K02011,C0032,0.75,0.6018,0.0,0.7328,0.8058
K01700,C0052,1.0,0.4897,0.0,0.7829,0.9463
K01700,C0022,1.0,0.5559,0.0,0.906,0.9657
K01700,C0089,1.0,0.9804,0.0,0.6781,0.8735
K02043,C0077,1.0,0.5528,0.0,0.8285,0.9698
K02043,C0081,1.0,0.6106,0.0,0.8384,0.8018
K02043,C0002,1.0,0.6233,0.0,0.8209,0.8511
K01575,C0059,1.0,0.6274,0.0,0.7754,0.9531
K01575,C0056,1.0,0.567,0.0,0.9222,0.8849
K01575,C0081,1.0,0.6119,0.0,0.7179,0.9287
K01964,C0074,1.0,0.3019,0.0,0.8563,0.9074
K01964,C0094,1.0,0.3683,0.0,0.8953,0.8008
K01964,C0039,1.0,0.2504,0.0,0.5994,0.9347
K01819,C0054,0.5,0.5085,0.0,0.729,0.9438
K01819,C0023,0.5,0.2448,1.0,0.4282,0.8948
K01819,C0015,0.5,0.581,1.0,0.712,0.9419
K02181,C0056,1.0,0.567,0.0,0.743,0.9583
K02181,C0059,1.0,0.6274,0.0,0.6864,0.9093
K02181,C0026,1.0,0.2667,0.0,0.722,0.8219
K01727,C0009,0.6667,0.761,0.0,0.7666,0.9396
K01727,C0111,0.8333,0.652,0.0,0.8536,0.9676
K01727,C0018,0.6667,0.3264,0.0,0.7945,0.8482
K02056,C0097,1.0,0.2121,0.0,0.7228,0.9448
K02056,C0029,0.0,0.5823,0.0,0.5539,0.9553
K02056,C0054,1.0,0.1795,0.0,0.9442,0.9272
K02210,C0034,1.0,0.8531,0.0,0.8664,0.9654
K02210,C0072,1.0,0.4228,0.0,0.591,0.8171
K02210,C0043,0.5,0.5586,0.0,0.8986,0.9839
K02276,C0054,0.5,0.5377,0.0,0.6369,0.9679
K02276,C0047,0.5,0.5118,0.0,0.8355,0.9363
K02276,C0004,0.5,0.1828,1.0,0.8353,0.9797
K02090,C0101,0.75,0.719,0.0,0.8991,0.9085
K02090,C0073,0.75,0.4327,0.0,0.9059,0.9103
K02090,C0084,0.75,0.4192,0.0,0.7534,0.9235
K02148,C0052,1.0,0.4897,0.0,0.8912,0.8967
K02148,C0022,1.0,0.5559,0.0,0.9186,0.8781
K02148,C0060,1.0,0.5578,0.0,0.7516,0.7695
K01545,C0001,0.875,0.7166,0.0,0.9175,0.9264
K01545,C0048,0.5,0.2234,0.0,0.7785,0.9358
K01545,C0070,0.5,0.1282,1.0,0.6585,0.9782
K01886,C0056,1.0,0.567,0.0,0.8506,0.9578
K01886,C0059,1.0,0.6274,0.0,0.8116,0.9378
K01886,C0033,1.0,0.2507,0.0,0.5746,0.8786
K02074,C0032,0.8333,0.6018,0.0,0.8155,0.9593
K02074,C0021,0.6667,0.4724,0.0,0.7439,0.9302
K02074,C0052,0.8333,0.5104,0.0,0.8687,0.973
K02026,C0060,1.0,0.5958,0.0,0.6877,0.9166
K02026,C0052,1.0,0.5104,0.0,0.7779,0.9407
K02026,C0022,1.0,0.5947,0.0,0.8092,0.8326
K01570,C0054,0.5,0.4997,0.0,0.7418,0.8748
K01570,C0081,0.75,0.2345,0.0,0.8971,0.9912
K01570,C0056,0.75,0.2026,0.0,0.6768,0.852
K01892,C0006,1.0,0.6363,1.0,0.91,0.9028
K01892,C0101,1.0,0.719,0.0,0.7321,0.8008
K01892,C0059,0.75,0.6274,0.0,0.7847,0.9878
K01984,C0004,1.0,0.4518,0.0,0.8109,0.9526
K01984,C0008,1.0,0.5669,1.0,0.8102,0.8994
K01984,C0030,1.0,0.6724,1.0,0.7513,0.919
K02328,C0032,0.5,0.7354,0.0,0.8766,0.9442
K02328,C0007,0.75,0.5627,0.0,0.617,0.9471
K02328,C0055,0.25,0.6411,0.0,0.8261,0.9423
K01835,C0114,0.8333,0.2468,0.0,0.9341,0.8744
K01835,C0084,0.8333,0.4192,0.0,0.6358,0.921
K01835,C0007,1.0,0.6328,0.0,0.8284,0.9438
K01593,C0087,0.75,0.5538,0.0,0.845,0.9402
K01593,C0017,0.75,0.3955,0.0,0.521,0.9476
K01593,C0099,0.75,0.4377,0.0,0.6382,0.8194
K02278,C0017,1.0,0.3955,0.0,0.9077,0.7917
K02278,C0087,1.0,0.5538,0.0,0.7063,0.6704
K02278,C0066,1.0,0.5472,0.0,0.806,0.7022
K02086,C0027,0.75,0.3074,0.0,0.8009,0.8207
K02086,C0009,0.75,0.761,0.0,0.7066,0.8032
K02086,C0090,0.75,0.4987,0.0,0.7235,0.8466
K01753,C0108,1.0,0.3852,0.0,0.7126,0.8278
K01753,C0027,1.0,0.1797,0.0,0.8603,0.9358
K01753,C0057,0.5,0.0983,1.0,0.8978,0.9193
K01745,C0040,1.0,0.6094,0.0,0.6818,0.9805
K01745,C0018,0.8333,0.3264,0.0,0.7228,0.9438
K01745,C0021,0.8333,0.4724,1.0,0.6759,0.9558
K01539,C0054,0.25,0.2124,0.0,0.7439,0.9866
K01539,C0089,1.0,0.9804,0.0,0.5423,0.9221
K01539,C0052,1.0,0.4897,0.0,0.7388,0.9739
K01909,C0069,1.0,0.5489,0.0,0.7737,0.9488
K01909,C0056,1.0,0.567,0.0,0.521,0.9035
K01909,C0007,1.0,0.6328,1.0,0.6889,0.8836
K02383,C0048,1.0,0.5787,0.0,0.8513,0.8669
K02383,C0110,1.0,0.6991,0.0,0.8086,0.6962
K02383,C0032,0.5,0.2994,0.0,0.6742,0.9607
K01913,C0027,0.625,0.3074,0.0,0.7093,0.9771
K01913,C0032,0.875,0.6018,0.0,0.6654,0.9485
K01913,C0021,0.625,0.4724,0.0,0.8636,0.9403
K02364,C0069,1.0,0.5489,0.0,0.8926,0.9873
K02364,C0085,1.0,0.7735,0.0,0.803,0.8863
K02364,C0059,1.0,0.6274,0.0,0.7374,0.8042
K02384,C0032,0.75,0.7354,0.0,0.6136,0.8313
K02384,C0055,0.75,0.6411,0.0,0.6805,0.7312
K02384,C0048,0.75,0.4966,0.0,0.7907,0.7952
K02413,C0081,1.0,0.6119,0.0,0.8664,0.9629
K02413,C0002,1.0,0.622,1.0,0.5258,0.9262
K02413,C0116,1.0,0.4451,0.0,0.7164,0.9569
K01918,C0069,1.0,0.2926,0.0,0.8667,0.7996
K01918,C0101,1.0,0.5686,0.0,0.7984,0.8234
K01918,C0006,1.0,0.6445,0.0,0.7454,0.8441
K01743,C0066,1.0,0.4566,0.0,0.7393,0.9923
K01743,C0065,1.0,0.3575,0.0,0.7434,0.9528
K01743,C0048,1.0,0.5787,0.0,0.7021,0.9208
K02257,C0079,0.5,0.7034,1.0,0.7368,0.8661
K02257,C0112,0.5,0.34,0.0,0.6259,0.8292
K02257,C0024,0.75,0.7065,0.0,0.8618,0.9526
K02104,C0119,1.0,0.4456,0.0,0.7106,0.8175
K02104,C0098,1.0,0.751,0.0,0.8473,0.8636
K02104,C0114,1.0,0.3236,0.0,0.6418,0.7755
K01842,C0055,1.0,0.5709,0.0,0.9352,0.9835
K01842,C0027,1.0,0.3254,1.0,0.9153,0.9416
K01842,C0057,1.0,0.3903,0.0,0.8007,0.9781
K02333,C0074,1.0,0.3355,0.0,0.829,0.8193
K02333,C0039,1.0,0.2408,0.0,0.656,0.8275
K02333,C0094,1.0,0.2578,0.0,0.8472,0.5204
K02155,C0032,1.0,0.6018,0.0,0.8595,0.9219
K02155,C0102,0.8333,0.7671,0.0,0.7054,0.9005
K02155,C0053,0.8333,0.6641,0.0,0.796,0.9564
K01611,C0001,0.8333,0.7166,0.0,0.8153,0.9615
K01611,C0069,0.5,0.2926,0.0,0.8977,0.9377
K01611,C0110,0.5,0.2489,0.0,0.8624,0.9062
K02326,C0004,1.0,0.5342,1.0,0.6994,0.842
K02326,C0068,1.0,0.676,0.0,0.8044,0.8125
K02326,C0098,1.0,0.7077,0.0,0.5226,0.8807
K01678,C0116,1.0,0.4339,0.0,0.7321,0.7944
K01678,C0087,0.8333,0.292,0.0,0.625,0.9947
K01678,C0009,0.8333,0.761,0.0,0.8284,0.9523
K01757,C0056,0.625,0.567,1.0,0.7363,0.9377
K01757,C0059,0.625,0.6274,0.0,0.6964,0.8966
K01757,C0069,1.0,0.5489,1.0,0.6799,0.8945
K01882,C0040,0.8333,0.6862,0.0,0.7515,0.8849
K01882,C0084,0.8333,0.3213,0.0,0.7757,0.9302
K01882,C0058,0.8333,0.8854,0.0,0.796,0.9393
K02270,C0119,1.0,0.4456,0.0,0.9361,0.9153
K02270,C0098,1.0,0.751,0.0,0.6585,0.907
K02270,C0114,1.0,0.3236,0.0,0.8209,0.9551
K01874,C0002,1.0,0.622,1.0,0.5187,0.8666
K01874,C0081,1.0,0.6119,0.0,0.7563,0.8216
K01874,C0013,1.0,0.8026,0.0,0.7294,0.7819
K02338,C0032,1.0,0.6018,0.0,0.7243,0.953
K02338,C0102,0.75,0.7671,0.0,0.9425,0.9452
K02338,C0009,0.75,0.761,0.0,0.7946,0.9091
K01601,C0054,0.875,0.5377,0.0,0.7945,0.9002
K01601,C0069,0.875,0.2926,1.0,0.6843,0.8555
K01601,C0036,0.875,0.5764,1.0,0.8692,0.783
K02118,C0022,1.0,0.5947,0.0,0.9146,0.8567
K02118,C0018,0.25,0.3264,0.0,0.8236,0.9752
K02118,C0040,0.5,0.6094,0.0,0.7826,0.9744
K02218,C0082,1.0,0.5546,0.0,0.8673,0.8397
K02218,C0084,1.0,0.4192,0.0,0.6503,0.9099
K02218,C0101,1.0,0.719,0.0,0.7389,0.8906
K02341,C0050,1.0,0.2738,0.0,0.8344,0.9494
K02341,C0032,0.625,0.7354,0.0,0.8454,0.9861
K02341,C0110,0.625,0.7183,0.0,0.833,0.921
K02185,C0059,0.0,0.3134,0.0,0.8272,0.9137
K02185,C0056,0.0,0.1809,1.0,0.7395,0.9024
K02185,C0069,1.0,0.2379,1.0,0.9478,0.8496
K01852,C0066,1.0,0.4566,0.0,0.4954,0.9882
K01852,C0083,1.0,0.3713,0.0,0.5639,0.8292
K01852,C0048,1.0,0.5787,0.0,0.6092,0.8806
K01821,C0119,0.5,0.4453,0.0,0.5563,0.9514
K01821,C0054,0.5,0.5085,0.0,0.7469,0.9149
K01821,C0087,0.5,0.5538,0.0,0.5307,0.8919
K02137,C0083,1.0,0.3713,0.0,0.6959,0.9619
K02137,C0043,1.0,0.5586,0.0,0.6147,0.9062
K02137,C0080,1.0,0.6273,0.0,0.7345,0.9197
K02213,C0007,1.0,0.5627,0.0,0.7582,0.9377
K02213,C0103,1.0,0.8055,0.0,0.6426,0.8256
K02213,C0026,0.6667,0.1138,0.0,0.8981,0.9088
K01639,C0081,1.0,0.6119,0.0,0.7551,0.744
K01639,C0002,1.0,0.622,0.0,0.5175,0.8568
K01639,C0077,1.0,0.5911,0.0,0.4498,0.7537
K01855,C0027,0.75,0.3254,0.0,0.843,0.9613
K01855,C0009,0.75,0.6638,0.0,0.6977,0.6644
K01855,C0025,1.0,0.6046,0.0,0.5129,0.8371
K02202,C0082,0.8333,0.5063,0.0,0.8251,0.7491
K02202,C0084,0.8333,0.3056,0.0,0.6198,0.8918
K02202,C0107,0.8333,0.4681,0.0,0.8143,0.8882
K01908,C0119,0.75,0.4453,0.0,0.8125,0.9522
K01908,C0098,1.0,0.7077,0.0,0.5692,0.8797
K01908,C0025,0.75,0.5468,0.0,0.5969,0.9053
K01781,C0057,1.0,0.3903,0.0,0.7678,0.9355
K01781,C0027,1.0,0.3254,0.0,0.8429,0.9536
K01781,C0119,1.0,0.4456,0.0,0.7313,0.8623
K01838,C0054,0.8333,0.5377,0.0,0.6902,0.9487
K01838,C0071,0.8333,0.2298,0.0,0.8825,0.8822
K01838,C0088,0.8333,0.5919,1.0,0.8161,0.9224
K01928,C0119,1.0,0.4171,0.0,0.6626,0.9837
K01928,C0081,0.5,0.6106,0.0,0.8762,0.9925
K01928,C0043,0.0,0.5586,0.0,0.7583,0.9768
K01651,C0084,0.8333,0.3213,0.0,0.6599,0.7888
K01651,C0060,1.0,0.6895,0.0,0.8714,0.8394
K01651,C0040,0.8333,0.6862,0.0,0.6462,0.5739
K02332,C0032,0.5,0.7354,1.0,0.5934,0.9654
K02332,C0110,0.5,0.7183,0.0,0.8204,0.9289
K02332,C0054,0.5,0.2068,0.0,0.7479,0.9647
K01961,C0054,0.75,0.5085,0.0,0.6679,0.8873
K01961,C0086,0.75,0.569,0.0,0.7095,0.8593
K01961,C0015,0.75,0.581,0.0,0.7754,0.8344
K02264,C0004,0.75,0.4518,0.0,0.6234,0.8759
K02264,C0098,0.75,0.6656,0.0,0.5306,0.9096
K02264,C0068,0.75,0.6102,0.0,0.7809,0.8573
K02049,C0029,1.0,0.5823,0.0,0.79,0.94
K02049,C0057,1.0,0.3903,0.0,0.8333,0.8941
K02049,C0051,1.0,0.6798,0.0,0.8305,0.9484
K01976,C0001,1.0,0.6869,0.0,0.7851,0.9564
K01976,C0070,0.6667,0.4244,0.0,0.708,0.9848
K01976,C0054,0.3333,0.2068,0.0,0.7408,0.9771
K02208,C0024,1.0,0.7065,0.0,0.8012,0.8191
K02208,C0112,0.625,0.34,0.0,0.7028,0.9289
K02208,C0054,0.875,0.1971,0.0,0.6269,0.9456
K01523,C0052,0.8333,0.4897,0.0,0.8485,0.8925
K01523,C0060,0.8333,0.5578,0.0,0.8332,0.9391
K01523,C0094,0.8333,0.3683,0.0,0.6613,0.8013
K02023,C0119,1.0,0.4456,0.0,0.6638,0.9644
K02023,C0098,1.0,0.751,0.0,0.5212,0.9634
K02023,C0025,1.0,0.6046,0.0,0.7456,0.9344
K01612,C0094,1.0,0.3683,0.0,0.6899,0.8511
K01612,C0074,1.0,0.3019,0.0,0.7836,0.8301
K01612,C0008,0.6667,0.5669,0.0,0.8313,0.9325
K02215,C0032,0.6667,0.7354,1.0,0.6452,0.8902
K02215,C0054,0.3333,0.2068,0.0,0.8977,0.9242
K02215,C0070,0.6667,0.4244,0.0,0.6474,0.9964
K01536,C0074,1.0,0.3355,0.0,0.8139,0.8806
K01536,C0094,1.0,0.2578,0.0,0.8019,0.7829
K01536,C0039,1.0,0.2408,0.0,0.7013,0.9503
K02035,C0080,0.5,0.2354,0.0,0.8645,0.9734
K02035,C0054,1.0,0.5377,0.0,0.845,0.8716
K02035,C0043,0.5,0.2417,0.0,0.5786,0.8588
K01940,C0082,1.0,0.5546,0.0,0.7655,0.8453
K01940,C0056,1.0,0.567,0.0,0.5835,0.7436
K01940,C0069,1.0,0.5489,0.0,0.8961,0.936
K01810,C0063,1.0,0.5504,0.0,0.8831,0.9274
K01810,C0082,1.0,0.5546,0.0,0.9527,0.7424
K01810,C0101,1.0,0.719,0.0,0.8498,0.8363
K01837,C0032,0.8333,0.7354,0.0,0.7548,0.8243
K01837,C0110,0.8333,0.7183,0.0,0.7302,0.802
K01837,C0055,0.8333,0.6411,0.0,0.7561,0.8951
K01604,C0081,1.0,0.6119,0.0,0.7521,0.988
K01604,C0059,1.0,0.6274,0.0,0.6343,0.9469
K01604,C0056,1.0,0.567,0.0,0.691,0.9156
K02170,C0110,0.5,0.2685,0.0,0.8558,0.965
K02170,C0081,0.5,0.6119,0.0,0.7742,0.9047
K02170,C0056,0.5,0.567,0.0,0.6051,0.8327
K01562,C0001,0.875,0.6869,0.0,0.5701,0.9756
K01562,C0028,0.375,0.735,0.0,0.6561,0.9752
K01562,C0071,0.5,0.2625,1.0,0.6896,0.9485
K01515,C0032,0.8333,0.6018,0.0,0.6962,0.9588
K01515,C0102,0.6667,0.7671,0.0,0.7584,0.9779
K01515,C0003,0.6667,0.4903,0.0,0.5771,0.9414
K02311,C0022,1.0,0.6116,1.0,0.7297,0.8609
K02311,C0072,1.0,0.5483,0.0,0.8591,0.8458
K02311,C0089,0.75,0.3505,0.0,0.6734,0.9679
K02446,C0032,1.0,0.6018,0.0,0.7083,0.8695
K02446,C0113,0.6667,0.646,0.0,0.7121,0.9148
K02446,C0102,0.6667,0.7671,0.0,0.7454,0.9246
K01620,C0114,0.8333,0.1733,0.0,0.7778,0.896
K01620,C0084,0.8333,0.3213,0.0,0.7507,0.7845
K01620,C0004,0.5,0.5342,0.0,0.8213,0.9597
K01637,C0007,1.0,0.6102,1.0,0.7785,0.9361
K01637,C0114,1.0,0.3236,0.0,0.8886,0.8938
K01637,C0057,0.75,0.3903,0.0,0.853,0.9773
K01939,C0061,0.75,0.5596,0.0,0.8599,0.9581
K01939,C0052,1.0,0.4897,0.0,0.8342,0.9834
K01939,C0034,0.75,0.6993,0.0,0.7451,0.9381
K01622,C0087,0.8333,0.5538,0.0,0.913,0.9467
K01622,C0109,0.8333,0.418,0.0,0.5905,0.9361
K01622,C0005,0.8333,0.5118,0.0,0.7085,0.95
K01588,C0028,0.8333,0.735,1.0,0.8079,0.9652
K01588,C0110,0.8333,0.7183,0.0,0.8079,0.9588
K01588,C0032,0.8333,0.7354,0.0,0.6911,0.8339
K01555,C0081,1.0,0.6106,0.0,0.7491,0.9009
K01555,C0002,1.0,0.6233,0.0,0.6036,0.8748
K01555,C0013,1.0,0.7336,0.0,0.7322,0.8229
K01777,C0098,1.0,0.6656,0.0,0.6078,0.958
K01777,C0067,1.0,0.5637,0.0,0.7757,0.951
K01777,C0027,0.3333,0.1034,0.0,0.75,0.9607
K02093,C0063,0.8333,0.5504,0.0,0.7495,0.9506
K02093,C0101,0.8333,0.719,0.0,0.7371,0.9642
K02093,C0082,0.8333,0.5546,0.0,0.8669,0.9058
K02391,C0041,1.0,0.8371,0.0,0.8935,0.9545
K02391,C0054,1.0,0.4997,0.0,0.5842,0.9344
K02391,C0049,1.0,0.642,0.0,0.7107,0.8779
K01534,C0065,1.0,0.3575,0.0,0.6977,0.9501
K01534,C0016,1.0,0.6363,0.0,0.7373,0.9514
K01534,C0110,1.0,0.6991,0.0,0.8529,0.9407
K01531,C0082,0.8333,0.5546,0.0,0.8478,0.8895
K01531,C0063,0.8333,0.5504,0.0,0.9551,0.8071
K01531,C0107,0.8333,0.513,1.0,0.8636,0.8156
K01557,C0055,1.0,0.5709,0.0,0.6937,0.9897
K01557,C0007,1.0,0.6102,0.0,0.6876,0.8367
K01557,C0108,1.0,0.3466,0.0,0.7837,0.9306
K01741,C0087,0.6667,0.5538,0.0,0.6556,0.9391
K01741,C0060,0.8333,0.6895,0.0,0.8093,0.9638
K01741,C0004,0.8333,0.5342,0.0,0.7811,0.9003
K01839,C0032,1.0,0.7354,1.0,0.8262,0.8975
K01839,C0095,1.0,0.743,0.0,0.8095,0.9872
K01839,C0001,1.0,0.6869,0.0,0.5957,0.9028
K02176,C0032,0.75,0.7354,0.0,0.7628,0.9795
K02176,C0023,0.25,0.0843,0.0,0.5729,0.9486
K02176,C0109,0.25,0.0837,0.0,0.6765,0.9395
K02123,C0110,1.0,0.6702,0.0,0.8195,0.9174
K02123,C0081,0.5,0.3135,0.0,0.8638,0.9921
K02123,C0043,0.5,0.2833,0.0,0.906,0.9748
K01898,C0061,1.0,0.5596,0.0,0.8896,0.902
K01898,C0004,1.0,0.4518,0.0,0.7795,0.9375
K01898,C0079,0.0,0.2167,0.0,0.8914,0.9207
K02009,C0061,0.6667,0.2147,0.0,0.7626,0.9605
K02009,C0057,0.6667,0.3903,0.0,0.9176,0.9422
K02009,C0117,0.6667,0.4618,0.0,0.6654,0.928
K02149,C0084,1.0,0.4192,0.0,0.4336,0.9424
K02149,C0114,1.0,0.2468,0.0,0.7319,0.9725
K02149,C0075,1.0,0.2885,0.0,0.5178,0.972
K02305,C0055,0.6667,0.6411,0.0,0.8613,0.9845
K02305,C0007,1.0,0.5627,1.0,0.7246,0.8781
K02305,C0108,0.6667,0.3287,0.0,0.7531,0.8941
K02151,C0034,1.0,0.6993,0.0,0.7,0.9764
K02151,C0008,1.0,0.5669,0.0,0.7694,0.9221
K02151,C0061,1.0,0.5596,0.0,0.7482,0.97
K02336,C0060,1.0,0.6895,1.0,0.7213,0.8728
K02336,C0025,1.0,0.5468,0.0,0.8604,0.9723
K02336,C0040,1.0,0.6862,0.0,0.7376,0.744
K01711,C0040,0.875,0.6094,0.0,0.662,0.9337
K01711,C0018,0.875,0.3264,0.0,0.8547,0.9325
K01711,C0063,0.875,0.5314,0.0,0.7751,0.8599
K01652,C0057,1.0,0.3903,0.0,0.7574,0.8726
K01652,C0117,1.0,0.4618,0.0,0.6469,0.8502
K01652,C0027,1.0,0.3254,1.0,0.6592,0.8373
K02121,C0034,1.0,0.6993,0.0,0.8868,0.9394
K02121,C0072,1.0,0.4356,0.0,0.6005,0.97
K02121,C0087,0.625,0.3023,1.0,0.6799,0.98
K01638,C0087,0.875,0.5538,0.0,0.6465,0.8832
K01638,C0066,0.875,0.5472,0.0,0.8072,0.9523
K01638,C0099,0.875,0.4377,0.0,0.7885,0.9609
K02439,C0056,1.0,0.567,0.0,0.9354,0.9843
K02439,C0059,1.0,0.6274,0.0,0.7682,0.9855
K02439,C0081,1.0,0.6119,0.0,0.7048,0.9235
K02358,C0060,1.0,0.5958,1.0,0.614,0.8521
K02358,C0040,1.0,0.6094,0.0,0.8478,0.7957
K02358,C0025,1.0,0.3868,0.0,0.6179,0.8255
K01708,C0080,0.6667,0.6273,0.0,0.8396,0.9226
K01708,C0054,1.0,0.1739,0.0,0.91,0.9361
K01708,C0043,0.6667,0.5586,0.0,0.6027,0.8873
K02441,C0054,1.0,0.5377,0.0,0.809,0.9088
K02441,C0097,0.3333,0.6437,0.0,0.828,0.9171
K02441,C0101,0.3333,0.5686,0.0,0.7016,0.9346
K02144,C0119,0.875,0.4456,0.0,0.7571,0.9477
K02144,C0098,0.875,0.751,0.0,0.791,0.8279
K02144,C0025,0.875,0.6046,0.0,0.6524,0.9358
K01551,C0063,0.8333,0.5504,0.0,0.8931,0.8902
K01551,C0101,0.8333,0.719,0.0,0.6765,0.9173
K01551,C0073,0.8333,0.4327,0.0,0.7283,0.8667
K02405,C0007,1.0,0.6102,0.0,0.5794,0.7235
K02405,C0114,1.0,0.3236,0.0,0.723,0.8395
K02405,C0051,0.75,0.6798,0.0,0.7059,0.9198
K02340,C0110,0.25,0.3276,0.0,0.7007,0.9766
K02340,C0109,0.625,0.418,0.0,0.8048,0.9763
K02340,C0060,0.75,0.6895,0.0,0.8284,0.9699
K01817,C0022,0.8333,0.5947,0.0,0.7597,0.9666
K01817,C0113,0.5,0.646,0.0,0.7579,0.9862
K01817,C0054,0.8333,0.2089,0.0,0.6375,0.9782
K01833,C0087,0.625,0.5538,0.0,0.6747,0.8285
K01833,C0017,0.625,0.3955,0.0,0.7072,0.8232
K01833,C0119,0.625,0.4453,0.0,0.5006,0.9342
K01870,C0032,0.1667,0.2201,0.0,0.7446,0.9963
K01870,C0054,0.8333,0.4997,0.0,0.6964,0.9799
K01870,C0110,0.1667,0.2097,0.0,0.8312,0.8927
K02402,C0075,0.5,0.8681,0.0,0.8193,0.9
K02402,C0023,0.5,0.2448,0.0,0.4948,0.9687
K02402,C0054,0.5,0.5085,0.0,0.6392,0.9091
K01948,C0057,0.0,0.138,0.0,0.9103,0.9533
K01948,C0117,0.0,0.1138,0.0,0.7101,0.9405
K01948,C0054,0.75,0.5377,0.0,0.6914,0.9229
K01937,C0112,1.0,0.39,0.0,0.6662,0.9494
K01937,C0073,1.0,0.4327,0.0,0.8711,0.9678
K01937,C0101,1.0,0.719,0.0,0.8626,0.8874
K01752,C0061,1.0,0.5596,0.0,0.878,0.9498
K01752,C0019,1.0,0.6336,1.0,0.6459,0.9363
K01752,C0098,1.0,0.6656,0.0,0.6765,0.8882
K02366,C0007,1.0,0.6102,0.0,0.6672,0.9251
K02366,C0055,0.75,0.5709,0.0,0.7652,0.869
K02366,C0108,0.75,0.3466,0.0,0.8716,0.8633
K02429,C0022,1.0,0.5559,0.0,0.8773,0.9577
K02429,C0072,1.0,0.4356,0.0,0.7301,0.6017
K02429,C0089,0.5,0.9804,0.0,0.8882,0.9479
K02127,C0098,1.0,0.6656,0.0,0.612,0.8986
K02127,C0067,1.0,0.5637,0.0,0.4623,0.8708
K02127,C0029,0.0,0.2661,0.0,0.727,0.9294
K01647,C0054,1.0,0.4997,0.0,0.5736,0.9356
K01647,C0041,1.0,0.8371,0.0,0.7604,0.8715
K01647,C0049,1.0,0.642,0.0,0.6907,0.9015
K02227,C0075,0.75,0.8681,0.0,0.8323,0.9844
K02227,C0054,0.75,0.5085,0.0,0.635,0.9809
K02227,C0109,0.75,0.418,0.0,0.7672,0.9666
K01879,C0027,0.6667,0.3254,0.0,0.7825,0.8582
K01879,C0009,0.6667,0.6638,0.0,0.7745,0.8719
K01879,C0025,0.8333,0.6046,0.0,0.5691,0.9779
K02002,C0101,0.875,0.5686,0.0,0.7014,0.7809
K02002,C0054,0.875,0.5377,0.0,0.6567,0.8295
K02002,C0097,0.875,0.6437,0.0,0.669,0.8113
K02098,C0088,1.0,0.5919,0.0,0.6636,0.9191
K02098,C0101,1.0,0.5686,0.0,0.8417,0.7884
K02098,C0071,1.0,0.2298,0.0,0.9421,0.7287
K02138,C0061,1.0,0.6086,0.0,0.7022,0.9356
K02138,C0054,1.0,0.5377,0.0,0.871,0.9695
K02138,C0008,0.0,0.2141,0.0,0.7541,0.9313
K01992,C0054,1.0,0.2287,0.0,0.8781,0.8952
K01992,C0101,0.6667,0.719,0.0,0.6852,0.9073
K01992,C0085,0.6667,0.7735,0.0,0.8365,0.9549
K02375,C0054,1.0,0.4997,0.0,0.8088,0.8803
K02375,C0040,0.6667,0.176,0.0,0.68,0.9537
K02375,C0087,0.6667,0.2055,1.0,0.6769,0.9182
K01807,C0054,0.8333,0.5085,0.0,0.7235,0.953
K01807,C0086,0.8333,0.569,0.0,0.8753,0.8913
K01807,C0023,0.8333,0.2448,0.0,0.7243,0.913
K01857,C0069,1.0,0.2926,0.0,0.6788,0.969
K01857,C0101,1.0,0.5686,0.0,0.4764,0.8634
K01857,C0054,1.0,0.5377,0.0,0.7893,0.8701
K02058,C0029,1.0,0.5823,0.0,0.6531,0.8809
K02058,C0117,1.0,0.4618,0.0,0.6768,0.8076
K02058,C0027,1.0,0.3254,1.0,0.7357,0.8107
K02424,C0114,0.6667,0.2468,1.0,0.9116,0.9556
K02424,C0084,0.6667,0.4192,0.0,0.7516,0.8355
K02424,C0004,0.3333,0.2343,0.0,0.7635,0.9611
K02233,C0054,0.75,0.5377,0.0,0.5812,0.9237
K02233,C0047,0.75,0.5118,0.0,0.7146,0.9206
K02233,C0005,0.75,0.1123,0.0,0.862,0.9848
K01547,C0056,1.0,0.567,0.0,0.6034,0.9209
K01547,C0101,1.0,0.719,0.0,0.7684,0.8943
K01547,C0002,1.0,0.622,0.0,0.4847,0.9498
K01532,C0060,0.6667,0.5958,0.0,0.6627,0.9284
K01532,C0058,0.6667,0.8374,0.0,0.5779,0.8955
K01532,C0040,0.6667,0.6094,0.0,0.6328,0.7959
K01900,C0032,0.875,0.7354,0.0,0.8027,0.901
K01900,C0055,0.875,0.6411,0.0,0.8106,0.9158
K01900,C0007,1.0,0.5627,0.0,0.7127,0.8748
K01811,C0116,1.0,0.3323,0.0,0.6934,0.8358
K01811,C0016,0.25,0.6363,1.0,0.9372,0.982
K01811,C0104,0.75,0.2644,0.0,0.7196,0.9945
K02353,C0002,1.0,0.6233,1.0,0.6003,0.857
K02353,C0077,1.0,0.5528,0.0,0.5325,0.9685
K02353,C0081,1.0,0.6106,0.0,0.8379,0.8092
K02244,C0086,0.75,0.569,0.0,0.7071,0.9725
K02244,C0004,0.75,0.5342,0.0,0.7785,0.9565
K02244,C0054,1.0,0.5085,0.0,0.7632,0.8974
K02292,C0027,0.8333,0.3254,0.0,0.8878,0.8772
K02292,C0009,0.8333,0.6638,0.0,0.7425,0.7611
K02292,C0025,0.8333,0.6046,0.0,0.5911,0.9713
K01725,C0054,1.0,0.5377,0.0,0.6644,0.9058
K01725,C0098,0.5,0.2276,0.0,0.8516,0.8771
K01725,C0027,1.0,0.2245,0.0,0.8647,0.9062
K01818,C0085,1.0,0.7735,0.0,0.7589,0.8973
K01818,C0033,1.0,0.2507,0.0,0.749,0.9536
K01818,C0101,1.0,0.719,0.0,0.7358,0.8814
K01997,C0073,0.8333,0.4377,0.0,0.7643,0.9583
K01997,C0101,0.8333,0.6266,0.0,0.7125,0.7818
K01997,C0094,0.8333,0.3064,0.0,0.6587,0.9763
K01824,C0095,1.0,0.743,0.0,0.6874,0.9962
K01824,C0032,1.0,0.7354,0.0,0.7643,0.9567
K01824,C0010,1.0,0.4837,0.0,0.6028,0.7725
K02006,C0101,1.0,0.719,0.0,0.8943,0.9536
K02006,C0056,1.0,0.567,0.0,0.3926,0.8393
K02006,C0081,1.0,0.6119,0.0,0.7525,0.8907
K01771,C0104,0.6667,0.5871,0.0,0.5125,0.9135
K01771,C0095,1.0,0.7331,0.0,0.7231,0.8776
K01771,C0009,0.6667,0.761,0.0,0.6784,0.8816
K01960,C0034,1.0,0.8531,0.0,0.7052,0.9666
K01960,C0072,1.0,0.4228,0.0,0.971,0.9462
K01960,C0065,0.5,0.3575,1.0,0.6725,0.9305
K01758,C0054,0.8333,0.5377,0.0,0.6209,0.9036
K01758,C0041,0.0,0.4141,0.0,0.6584,0.9092
K01758,C0036,0.8333,0.5764,0.0,0.6892,0.942
K02350,C0103,1.0,0.7432,1.0,0.7849,0.893
K02350,C0007,1.0,0.6328,1.0,0.684,0.7654
K02350,C0101,0.375,0.719,1.0,0.9072,0.9366
K02347,C0087,0.75,0.5538,0.0,0.6847,0.975
K02347,C0060,1.0,0.6895,0.0,0.7108,0.956
K02347,C0109,0.75,0.418,0.0,0.7504,0.9674
K02072,C0060,0.8333,0.5578,0.0,0.7406,0.9802
K02072,C0052,0.8333,0.4897,0.0,0.787,0.9241
K02072,C0094,0.8333,0.3683,0.0,0.6413,0.8612
K02070,C0074,1.0,0.3355,0.0,0.8077,0.9666
K02070,C0101,1.0,0.719,0.0,0.8309,0.8346
K02070,C0082,1.0,0.5546,0.0,0.8514,0.965
K01605,C0024,0.8333,0.7065,1.0,0.5556,0.9064
K01605,C0061,0.8333,0.6862,0.0,0.6268,0.834
K01605,C0101,0.5,0.2032,1.0,0.7577,0.9413
K02426,C0022,1.0,0.6116,0.0,0.9512,0.9752
K02426,C0027,1.0,0.0776,0.0,0.8517,0.9682
K02426,C0054,1.0,0.4997,0.0,0.7093,0.9517
K02397,C0084,1.0,0.3213,0.0,0.8176,0.9876
K02397,C0114,0.8333,0.1733,0.0,0.771,0.9183
K02397,C0054,1.0,0.5085,0.0,0.7077,0.9545
K01512,C0065,1.0,0.1039,0.0,0.8321,0.9201
K01512,C0043,1.0,0.311,0.0,0.7199,0.9077
K01512,C0017,1.0,0.0999,0.0,0.8876,0.8779
K02266,C0027,1.0,0.3254,1.0,0.7318,0.9516
K02266,C0029,1.0,0.5823,0.0,0.6492,0.8985
K02266,C0117,1.0,0.4618,0.0,0.6955,0.9143
K01911,C0056,1.0,0.567,0.0,0.6272,0.9413
K01911,C0059,1.0,0.6274,0.0,0.611,0.9364
K01911,C0033,1.0,0.2507,1.0,0.9352,0.8916
K01657,C0111,0.8333,0.6158,0.0,0.6505,0.874
K01657,C0095,0.8333,0.2194,0.0,0.7229,0.9319
K01657,C0102,0.6667,0.343,0.0,0.6111,0.9035
K02313,C0101,0.8333,0.719,0.0,0.9461,0.8912
K02313,C0006,0.8333,0.6363,0.0,0.6156,0.9596
K02313,C0082,0.8333,0.5546,0.0,0.8452,0.7962
K02041,C0099,0.8333,0.4377,0.0,0.8641,0.9197
K02041,C0017,0.8333,0.3955,0.0,0.9614,0.7411
K02041,C0066,0.8333,0.5472,0.0,0.8471,0.906
K02286,C0101,1.0,0.719,0.0,0.7078,0.7449
K02286,C0006,1.0,0.6363,0.0,0.7604,0.8048
K02286,C0069,1.0,0.5489,0.0,0.6576,0.8641
K02189,C0101,1.0,0.2459,0.0,0.7096,0.901
K02189,C0059,0.75,0.3134,0.0,0.4889,0.7938
K02189,C0056,0.75,0.1809,0.0,0.5199,0.8404
K01812,C0051,1.0,0.6798,1.0,0.7469,0.9195
K01812,C0057,1.0,0.3903,1.0,0.7497,0.9644
K01812,C0029,1.0,0.5823,0.0,0.8589,0.9706
K01606,C0057,1.0,0.3903,1.0,0.6889,0.9333
K01606,C0055,1.0,0.5709,0.0,0.6956,0.9799
K01606,C0029,1.0,0.5823,0.0,0.6172,0.8757
K02179,C0116,1.0,0.4339,0.0,0.6882,0.9254
K02179,C0032,0.6667,0.6018,0.0,0.7798,0.9772
K02179,C0027,0.8333,0.3074,0.0,0.8738,0.9541
K01746,C0098,1.0,0.7077,0.0,0.582,0.9338
K01746,C0119,1.0,0.4453,0.0,0.4099,0.9366
K01746,C0025,1.0,0.5468,0.0,0.8832,0.9176
K02438,C0032,0.875,0.6018,1.0,0.8025,0.9675
K02438,C0027,0.875,0.3074,1.0,0.8141,0.9185
K02438,C0102,0.875,0.7671,1.0,0.7525,0.8938
K02109,C0101,1.0,0.6266,1.0,0.6834,0.9351
K02109,C0082,1.0,0.5063,0.0,0.8107,0.927
K02109,C0063,1.0,0.5314,0.0,0.9008,0.9243
K01963,C0084,1.0,0.4192,0.0,0.7704,0.8536
K01963,C0056,0.8333,0.567,0.0,0.6758,0.9457
K01963,C0059,0.8333,0.6274,0.0,0.7954,0.9862
K01576,C0054,0.875,0.5377,0.0,0.598,0.8936
K01576,C0047,0.875,0.5118,0.0,0.714,0.8503
K01576,C0109,0.75,0.3128,0.0,0.7833,0.9893
K02334,C0055,1.0,0.6411,0.0,0.6716,0.9336
K02334,C0108,1.0,0.3287,0.0,0.6969,0.967
K02334,C0007,1.0,0.5627,0.0,0.5736,0.8882
K02039,C0054,1.0,0.5377,0.0,0.8074,0.8705
K02039,C0061,0.0,0.6086,0.0,0.8491,0.8922
K02039,C0101,0.0,0.5686,0.0,0.756,0.8292
K02339,C0054,1.0,0.4997,0.0,0.7959,0.8811
K02339,C0041,1.0,0.8371,0.0,0.7182,0.8581
K02339,C0022,1.0,0.6116,0.0,0.7537,0.7812
K02089,C0054,0.8333,0.5377,0.0,0.8324,0.9842
K02089,C0047,0.8333,0.5118,1.0,0.4631,0.9815
K02089,C0075,0.1667,0.3126,0.0,0.8105,0.9674
K02141,C0052,1.0,0.4897,0.0,0.7152,0.8731
K02141,C0022,1.0,0.5559,0.0,0.7236,0.7571
K02141,C0089,1.0,0.9804,0.0,0.5187,0.7674
K01895,C0033,0.6667,0.2507,0.0,0.6112,0.9757
K01895,C0081,0.6667,0.6119,0.0,0.7575,0.9497
K01895,C0059,0.6667,0.6274,0.0,0.7033,0.8829
K02261,C0056,1.0,0.567,0.0,0.6113,0.8693
K02261,C0033,1.0,0.2507,0.0,0.605,0.9362
K02261,C0059,1.0,0.6274,0.0,0.7438,0.8697
K02095,C0081,1.0,0.6106,0.0,0.8349,0.9388
K02095,C0002,1.0,0.6233,0.0,0.6271,0.8992
K02095,C0013,1.0,0.7336,0.0,0.8179,0.8936
K02046,C0043,1.0,0.5586,0.0,0.7672,0.9555
K02046,C0016,1.0,0.6363,0.0,0.8821,0.9545
K02046,C0099,1.0,0.4657,0.0,0.7754,0.9859
K01554,C0103,1.0,0.8055,1.0,0.8154,0.8712
K01554,C0007,1.0,0.5627,1.0,0.6693,0.6509
K01554,C0056,0.5,0.1461,0.0,0.7754,0.9064
K01809,C0019,1.0,0.5798,0.0,0.6977,0.9637
K01809,C0069,1.0,0.3378,0.0,0.8105,0.894
K01809,C0043,0.0,0.2108,0.0,0.632,0.9755
K01998,C0110,0.75,0.7183,0.0,0.5429,0.8351
K01998,C0108,0.75,0.3287,0.0,0.5425,0.9396
K01998,C0010,0.75,0.4837,0.0,0.5711,0.692
K02029,C0033,1.0,0.2507,0.0,0.7079,0.8546
K02029,C0056,1.0,0.567,0.0,0.7284,0.7682
K02029,C0074,1.0,0.3355,0.0,0.8435,0.9147
K01952,C0101,1.0,0.5686,1.0,0.6592,0.9647
K01952,C0029,0.6667,0.2133,0.0,0.6657,0.9385
K01952,C0009,1.0,0.2178,0.0,0.8027,0.8486
K01548,C0017,0.3333,0.1497,0.0,0.8925,0.9694
K01548,C0054,1.0,0.5377,0.0,0.6845,0.9514
K01548,C0043,0.3333,0.2417,0.0,0.7597,0.9917
K01748,C0004,1.0,0.4518,0.0,0.6899,0.925
K01748,C0098,1.0,0.6656,0.0,0.5131,0.8955
K01748,C0060,1.0,0.5578,0.0,0.7923,0.7774
K01670,C0086,0.75,0.569,1.0,0.8355,0.9685
K01670,C0054,0.75,0.5085,0.0,0.8303,0.9641
K01670,C0004,0.75,0.5342,0.0,0.8897,0.9387
K02020,C0054,1.0,0.5377,0.0,0.6185,0.9968
K02020,C0071,1.0,0.2298,0.0,0.9139,0.946
K02020,C0097,1.0,0.6437,0.0,0.8744,0.91
K02289,C0060,1.0,0.5958,0.0,0.7447,0.8126
K02289,C0052,1.0,0.5104,0.0,0.8843,0.8634
K02289,C0022,1.0,0.5947,0.0,0.8371,0.6733
K01628,C0054,1.0,0.5085,0.0,0.8868,0.9737
K01628,C0047,1.0,0.5552,0.0,0.5857,0.9422
K01628,C0023,0.8333,0.2448,0.0,0.5756,0.9691
K01941,C0116,1.0,0.3323,0.0,0.782,0.9172
K01941,C0021,0.75,0.1298,0.0,0.7011,0.964
K01941,C0027,0.75,0.0861,0.0,0.7392,0.9607
K01668,C0027,0.75,0.3074,1.0,0.8783,0.9668
K01668,C0011,0.75,0.5341,0.0,0.8281,0.9389
K01668,C0032,0.75,0.6018,1.0,0.8487,0.9348
K01938,C0101,1.0,0.719,0.0,0.5417,0.969
K01938,C0082,1.0,0.5546,0.0,0.67,0.9551
K01938,C0006,1.0,0.6363,0.0,0.8996,0.9365
K02242,C0028,0.75,0.735,0.0,0.9395,0.9025
K02242,C0032,0.75,0.7354,0.0,0.8058,0.9266
K02242,C0070,0.75,0.4244,1.0,0.6713,0.8881
K02191,C0060,0.75,0.5958,1.0,0.827,0.8691
K02191,C0058,0.75,0.8374,0.0,0.7361,0.8408
K02191,C0040,0.75,0.6094,0.0,0.5105,0.7904
K02088,C0109,0.5,0.0837,0.0,0.796,0.9715
K02088,C0028,0.375,0.735,0.0,0.8727,0.9817
K02088,C0075,0.5,0.3262,0.0,0.8423,0.9322
K02310,C0060,1.0,0.6895,0.0,0.6557,0.9342
K02310,C0004,1.0,0.5342,0.0,0.9184,0.9085
K02310,C0054,0.75,0.5085,0.0,0.6761,0.907
K01774,C0032,0.8333,0.7354,0.0,0.6219,0.9123
K01774,C0095,0.8333,0.743,0.0,0.868,0.9448
K01774,C0001,0.8333,0.6869,0.0,0.6356,0.9779
K01792,C0071,0.75,0.4341,0.0,0.8302,0.984
K01792,C0088,0.75,0.5845,0.0,0.7417,0.9277
K01792,C0101,0.75,0.6266,0.0,0.6979,0.8646
K02030,C0023,1.0,0.2448,0.0,0.6001,0.9145
K02030,C0054,1.0,0.5085,0.0,0.8464,0.9425
K02030,C0075,1.0,0.8681,0.0,0.8495,0.9083
K02135,C0081,1.0,0.6119,0.0,0.8692,0.8181
K02135,C0033,1.0,0.2507,0.0,0.8184,0.7723
K02135,C0063,1.0,0.5504,0.0,0.7936,0.7625
K01995,C0048,0.8333,0.4966,0.0,0.8834,0.9284
K01995,C0110,0.8333,0.7183,0.0,0.9208,0.8582
K01995,C0043,0.5,0.2929,0.0,0.705,0.9696
K01579,C0007,1.0,0.6328,0.0,0.8679,0.8745
K01579,C0114,1.0,0.2468,0.0,0.8795,0.9323
K01579,C0029,0.5,0.3243,0.0,0.7529,0.9636
K02330,C0007,1.0,0.6102,1.0,0.736,0.9559
K02330,C0057,0.5,0.3903,0.0,0.819,0.9852
K02330,C0029,0.5,0.5823,0.0,0.7544,0.9603
K02003,C0116,1.0,0.3323,0.0,0.743,0.8729
K02003,C0043,1.0,0.5586,0.0,0.7793,0.9805
K02003,C0032,0.0,0.2994,0.0,0.749,0.9463
K01935,C0022,1.0,0.6116,0.0,0.7382,0.8653
K01935,C0072,1.0,0.5483,0.0,0.58,0.8718
K01935,C0089,1.0,0.3505,0.0,0.6363,0.9399
K02186,C0062,1.0,0.5727,0.0,0.8963,0.9627
K02186,C0004,1.0,0.4518,0.0,0.8011,0.9143
K02186,C0106,1.0,0.813,0.0,0.9677,0.9268
K01747,C0060,0.75,0.2438,0.0,0.9487,0.9439
K01747,C0009,0.5,0.3414,0.0,0.8042,0.9489
K01747,C0101,0.75,0.1768,0.0,0.7677,0.924
K01766,C0043,1.0,0.5586,0.0,0.6247,0.9608
K01766,C0062,1.0,0.5796,0.0,0.9003,0.8843
K01766,C0081,1.0,0.6106,0.0,0.7426,0.9618
K02407,C0007,1.0,0.6328,0.0,0.6395,0.8971
K02407,C0103,1.0,0.7432,0.0,0.7647,0.9064
K02407,C0032,0.125,0.1988,0.0,0.8103,0.9789
K02307,C0009,1.0,0.761,0.0,0.7897,0.941
K02307,C0090,1.0,0.4987,0.0,0.7495,0.9758
K02307,C0027,1.0,0.3074,1.0,0.7662,0.8756
K02251,C0027,0.5,0.3074,0.0,0.8609,0.8526
K02251,C0011,0.5,0.5341,0.0,0.7595,0.8587
K02251,C0021,0.5,0.4724,0.0,0.654,0.7952
K01864,C0066,0.8333,0.4566,1.0,0.8088,0.7915
K01864,C0099,0.8333,0.4657,1.0,0.8899,0.8293
K01864,C0087,0.8333,0.6218,1.0,0.7306,0.8211
K01629,C0119,1.0,0.4456,0.0,0.8675,0.8828
K01629,C0062,0.5,0.2521,0.0,0.6755,0.9506
K01629,C0051,1.0,0.6798,0.0,0.7414,0.8868
K01956,C0060,0.75,0.2655,0.0,0.6818,0.9718
K01956,C0032,1.0,0.2994,0.0,0.8129,0.8152
K01956,C0011,0.75,0.1981,0.0,0.8719,0.8518
K02045,C0054,0.875,0.5377,0.0,0.7176,0.9759
K02045,C0097,0.875,0.6437,0.0,0.7515,0.9475
K02045,C0061,1.0,0.6086,0.0,0.6752,0.9533
K02417,C0017,0.5,0.2441,0.0,0.7326,0.9045
K02417,C0086,0.5,0.2105,0.0,0.7649,0.823
K02417,C0054,0.5,0.2287,0.0,0.5981,0.8176
K01613,C0069,1.0,0.3378,0.0,0.7329,0.9447
K01613,C0056,1.0,0.2659,0.0,0.5575,0.8988
K01613,C0033,1.0,0.0714,0.0,0.5815,0.9535
K02302,C0004,0.8333,0.5342,0.0,0.8252,0.937
K02302,C0060,0.8333,0.6895,0.0,0.8547,0.8642
K02302,C0098,0.8333,0.7077,0.0,0.6483,0.9509
K01650,C0060,0.8333,0.5958,0.0,0.9719,0.8847
K01650,C0052,0.8333,0.5104,0.0,0.8786,0.9692
K01650,C0094,0.8333,0.3064,0.0,0.7438,0.8705
K01965,C0079,0.25,0.7034,1.0,0.7064,0.8434
K01965,C0027,1.0,0.1035,0.0,0.7134,0.8478
K01965,C0029,1.0,0.201,0.0,0.6308,0.7982
K01618,C0054,1.0,0.2,0.0,0.4492,0.8702
K01618,C0049,1.0,0.2053,0.0,0.877,0.9158
K01618,C0019,0.0,0.5798,0.0,0.5106,0.9163
K01873,C0007,1.0,0.6328,0.0,0.7376,0.8336
K01873,C0103,1.0,0.7432,0.0,0.6542,0.7641
K01873,C0032,0.6667,0.1988,0.0,0.9019,0.9661
K02094,C0029,0.5,0.2133,0.0,0.7537,0.9649
K02094,C0051,0.5,0.248,1.0,0.7225,0.898
K02094,C0057,0.5,0.138,0.0,0.8143,0.9271
K02363,C0101,0.8333,0.6266,0.0,0.8128,0.9295
K02363,C0107,0.8333,0.4681,0.0,0.7542,0.895
K02363,C0073,0.8333,0.4377,1.0,0.7988,0.9123
K01988,C0003,0.75,0.4903,0.0,0.5999,0.8468
K01988,C0053,0.75,0.6641,0.0,0.5977,0.9418
K01988,C0090,0.75,0.4987,0.0,0.9366,0.9472
K02051,C0032,0.75,0.6018,0.0,0.8538,0.9333
K02051,C0095,0.75,0.7331,0.0,0.65,0.9141
K02051,C0050,1.0,0.195,0.0,0.9117,0.9618
K02265,C0032,0.8333,0.6018,0.0,0.7855,0.9726
K02265,C0021,0.6667,0.4724,0.0,0.7889,0.9116
K02265,C0003,0.6667,0.4903,0.0,0.7749,0.9446
K02377,C0072,1.0,0.5483,0.0,0.7617,0.9441
K02377,C0054,1.0,0.4997,0.0,0.8511,0.9454
K02377,C0041,1.0,0.8371,0.0,0.7782,0.8428
K01878,C0054,0.75,0.5085,0.0,0.739,0.8384
K01878,C0047,0.75,0.5552,0.0,0.3852,0.879
K01878,C0060,1.0,0.6895,0.0,0.8086,0.945
K02428,C0032,1.0,0.6018,0.0,0.737,0.8558
K02428,C0058,0.8333,0.8374,0.0,0.7346,0.9325
K02428,C0101,0.8333,0.6266,0.0,0.6991,0.9003
K01690,C0023,0.8333,0.2448,0.0,0.6916,0.9744
K01690,C0015,0.8333,0.581,0.0,0.9376,0.9083
K01690,C0075,0.8333,0.8681,1.0,0.7688,0.87
K02219,C0051,1.0,0.248,0.0,0.6989,0.931
K02219,C0029,1.0,0.2133,0.0,0.5607,0.9187
K02219,C0057,1.0,0.138,0.0,0.8493,0.9197
K02323,C0032,0.75,0.7354,0.0,0.7923,0.9899
K02323,C0070,0.75,0.4244,0.0,0.8968,0.9124
K02323,C0055,0.75,0.6411,0.0,0.7707,0.9847
K01634,C0074,1.0,0.3019,0.0,0.7066,0.861
K01634,C0094,1.0,0.3683,0.0,0.6129,0.8513
K01634,C0039,1.0,0.2504,0.0,0.8049,0.7761
K02222,C0033,1.0,0.2507,0.0,0.7766,0.9481
K02222,C0045,1.0,0.7126,0.0,0.7007,0.9297
K02222,C0056,1.0,0.567,1.0,0.4675,0.9119
K02240,C0109,0.875,0.1833,0.0,0.798,0.8793
K02240,C0075,0.875,0.2111,0.0,0.554,0.8422
K02240,C0054,0.875,0.2,0.0,0.7026,0.8598
K02187,C0054,0.5,0.5377,0.0,0.8003,0.962
K02187,C0047,0.5,0.5118,0.0,0.6721,0.9452
K02187,C0023,0.3333,0.0406,0.0,0.5908,0.9903
K01630,C0033,1.0,0.2507,0.0,0.9494,0.9003
K01630,C0056,1.0,0.567,1.0,0.7415,0.8303
K01630,C0026,1.0,0.2667,1.0,0.7845,0.8773
K02040,C0099,0.75,0.4377,0.0,0.7471,0.9431
K02040,C0017,0.75,0.3955,0.0,0.7024,0.9512
K02040,C0087,0.75,0.5538,0.0,0.6525,0.9223
K01761,C0034,1.0,0.8531,0.0,0.8148,0.9299
K01761,C0062,1.0,0.5796,0.0,0.9395,0.8503
K01761,C0072,1.0,0.4228,0.0,0.832,0.9417
K01788,C0032,1.0,0.7354,1.0,0.6899,0.9313
K01788,C0055,1.0,0.6411,0.0,0.723,0.9534
K01788,C0070,1.0,0.4244,0.0,0.6097,0.9037
K02100,C0032,1.0,0.6018,0.0,0.774,0.9402
K02100,C0018,0.75,0.3264,0.0,0.7709,0.9392
K02100,C0003,0.75,0.4903,0.0,0.574,0.9063
K02108,C0002,1.0,0.6233,0.0,0.8039,0.9527
K02108,C0081,1.0,0.6106,0.0,0.7274,0.7647
K02108,C0013,1.0,0.7336,0.0,0.7543,0.8171
K02318,C0061,0.75,0.6862,0.0,0.7166,0.8834
K02318,C0024,0.75,0.7065,0.0,0.7911,0.8127
K02318,C0054,0.5,0.1971,0.0,0.8624,0.9843
K02371,C0081,1.0,0.6119,0.0,0.7984,0.9272
K02371,C0002,1.0,0.622,0.0,0.7693,0.9778
K02371,C0013,1.0,0.8026,0.0,0.8153,0.8352
K01569,C0029,1.0,0.201,0.0,0.6637,0.9305
K01569,C0057,1.0,0.1567,0.0,0.8954,0.8605
K01569,C0079,0.5,0.7034,0.0,0.7973,0.8858
K02059,C0004,0.75,0.4518,0.0,0.8954,0.9717
K02059,C0060,1.0,0.5578,0.0,0.7611,0.8948
K02059,C0098,0.75,0.6656,0.0,0.7185,0.9299
K01671,C0007,1.0,0.6328,0.0,0.6248,0.7996
K01671,C0114,1.0,0.2468,0.0,0.7828,0.9237
K01671,C0082,1.0,0.5546,0.0,0.6898,0.9524
K01801,C0027,0.6667,0.3074,0.0,0.6296,0.9739
K01801,C0011,0.6667,0.5341,0.0,0.7154,0.9898
K01801,C0111,0.8333,0.652,0.0,0.7475,0.9241
K02063,C0054,1.0,0.4997,0.0,0.8988,0.9628
K02063,C0041,1.0,0.8371,0.0,0.724,0.9745
K02063,C0049,1.0,0.642,0.0,0.6585,0.9202
K02199,C0116,1.0,0.3323,0.0,0.7014,0.8059
K02199,C0082,0.5,0.1714,0.0,0.8649,0.9587
K02199,C0018,0.3333,0.0996,0.0,0.7046,0.9316
K01643,C0051,1.0,0.6798,1.0,0.7778,0.8885
K01643,C0055,1.0,0.5709,0.0,0.8854,0.9254
K01643,C0054,0.3333,0.1795,0.0,0.7827,0.8687
K02097,C0060,1.0,0.5958,0.0,0.7368,0.8876
K02097,C0052,1.0,0.5104,0.0,0.7685,0.9818
K02097,C0022,1.0,0.5947,0.0,0.7999,0.912
K02037,C0101,1.0,0.5686,0.0,0.6213,0.9268
K02037,C0006,1.0,0.6445,0.0,0.9279,0.8973
K02037,C0056,1.0,0.2493,0.0,0.7609,0.9437
K02410,C0006,0.8333,0.6445,0.0,0.6953,0.8983
K02410,C0101,0.8333,0.5686,0.0,0.8142,0.8333
K02410,C0069,0.8333,0.2926,0.0,0.8117,0.9359
K01712,C0039,1.0,0.2504,0.0,0.8149,0.884
K01712,C0074,1.0,0.3019,0.0,0.6879,0.8277
K01712,C0094,1.0,0.3683,0.0,0.5942,0.8957
K01914,C0111,1.0,0.6158,0.0,0.7363,0.9741
K01914,C0082,0.875,0.2087,0.0,0.6939,0.9459
K01914,C0079,0.125,0.7034,0.0,0.7815,0.9068
K02388,C0115,0.5,0.8356,0.0,0.6908,0.9696
K02388,C0054,0.75,0.5085,0.0,0.7439,0.972
K02388,C0086,0.5,0.569,0.0,0.6832,0.9407
K02071,C0108,0.6667,0.3287,0.0,0.6832,0.8789
K02071,C0110,0.6667,0.7183,0.0,0.8428,0.7589
K02071,C0010,0.6667,0.4837,0.0,0.8534,0.683
K01641,C0019,1.0,0.5798,0.0,0.5651,0.9073
K01641,C0069,1.0,0.3378,0.0,0.7402,0.9075
K01641,C0109,1.0,0.1833,0.0,0.6265,0.9842
K01756,C0054,0.3333,0.5377,0.0,0.7429,0.9971
K01756,C0027,1.0,0.2245,0.0,0.8378,0.9825
K01756,C0055,1.0,0.2287,0.0,0.8267,0.9652
K02204,C0056,0.25,0.567,0.0,0.7341,0.93
K02204,C0059,0.25,0.6274,0.0,0.7313,0.9334
K02204,C0033,0.25,0.2507,0.0,0.8246,0.8327
K01596,C0056,1.0,0.567,0.0,0.8479,0.9382
K01596,C0033,1.0,0.2507,0.0,0.8028,0.9125
K01596,C0026,1.0,0.2667,0.0,0.7628,0.9308
K01594,C0033,1.0,0.2507,0.0,0.6752,0.9801
K01594,C0056,1.0,0.567,0.0,0.8288,0.9645
K01594,C0082,1.0,0.5546,0.0,0.76,0.8285
K01917,C0079,0.8333,0.7034,0.0,0.7719,0.9953
K01917,C0016,0.8333,0.2265,1.0,0.7689,0.9765
K01917,C0065,0.8333,0.1039,1.0,0.7618,0.8659
K01850,C0081,1.0,0.6106,0.0,0.7484,0.8824
K01850,C0013,1.0,0.7336,0.0,0.7315,0.885
K01850,C0002,1.0,0.6233,1.0,0.6029,0.936
K02392,C0055,1.0,0.1492,0.0,0.778,0.9607
K02392,C0054,1.0,0.4997,0.0,0.7575,0.9454
K02392,C0057,1.0,0.1886,0.0,0.8052,0.9718
K02435,C0008,1.0,0.5669,0.0,0.906,0.9147
K02435,C0034,1.0,0.6993,0.0,0.9323,0.905
K02435,C0035,1.0,0.7568,0.0,0.5136,0.8789
K02168,C0029,1.0,0.5823,0.0,0.6063,0.9792
K02168,C0117,1.0,0.4618,0.0,0.7598,0.9526
K02168,C0057,1.0,0.3903,0.0,0.9085,0.9148
K02169,C0081,1.0,0.6119,0.0,0.8116,0.8563
K02169,C0013,1.0,0.8026,0.0,0.7297,0.8232
K02169,C0002,1.0,0.622,0.0,0.5219,0.9646
K01773,C0050,1.0,0.2738,0.0,0.7925,0.9059
K01773,C0032,1.0,0.7354,0.0,0.7733,0.8544
K01773,C0095,1.0,0.743,0.0,0.7302,0.9042
K01563,C0107,1.0,0.4681,0.0,0.7912,0.8587
K01563,C0082,1.0,0.5063,0.0,0.7803,0.8982
K01563,C0063,1.0,0.5314,0.0,0.8977,0.9403
K01676,C0060,1.0,0.5958,0.0,0.7369,0.8446
K01676,C0058,1.0,0.8374,0.0,0.669,0.9096
K01676,C0084,1.0,0.3056,0.0,0.8195,0.8729
K02195,C0027,0.875,0.3254,1.0,0.6843,0.9815
K02195,C0090,0.875,0.556,0.0,0.7471,0.8632
K02195,C0009,0.875,0.6638,1.0,0.6422,0.757
K01696,C0040,1.0,0.6094,0.0,0.7521,0.9804
K01696,C0060,1.0,0.5958,1.0,0.6698,0.6571
K01696,C0084,1.0,0.3056,0.0,0.8296,0.8558
K02290,C0054,1.0,0.5085,0.0,0.6326,0.9208
K02290,C0047,1.0,0.5552,1.0,0.4376,0.9353
K02290,C0061,0.75,0.2534,0.0,0.7128,0.9858
K02243,C0032,0.8333,0.7354,0.0,0.6194,0.9043
K02243,C0048,0.8333,0.4966,0.0,0.7965,0.9247
K02243,C0095,0.8333,0.743,0.0,0.9425,0.9567
K02162,C0116,1.0,0.4339,0.0,0.8136,0.6616
K02162,C0060,0.75,0.5958,0.0,0.6004,0.8977
K02162,C0065,0.25,0.226,0.0,0.6335,0.9545
K01631,C0098,1.0,0.751,0.0,0.5718,0.8586
K01631,C0067,1.0,0.5524,0.0,0.8646,0.7441
K01631,C0057,0.5,0.3903,0.0,0.6951,0.9339
K01648,C0034,1.0,0.6993,0.0,0.64,0.8438
K01648,C0072,1.0,0.4356,0.0,0.6891,0.9137
K01648,C0062,1.0,0.5727,0.0,0.7396,0.7516
K02395,C0054,0.75,0.5377,0.0,0.6158,0.9064
K02395,C0047,0.75,0.5118,0.0,0.7662,0.8495
K02395,C0097,0.25,0.6437,0.0,0.8716,0.9973
K02165,C0098,1.0,0.6656,0.0,0.534,0.762
K02165,C0067,1.0,0.5637,0.0,0.7272,0.8167
K02165,C0055,0.0,0.1884,0.0,0.7611,0.949
K02312,C0006,1.0,0.6843,0.0,0.5746,0.9639
K02312,C0082,1.0,0.5063,0.0,0.7192,0.9573
K02312,C0107,1.0,0.4681,0.0,0.6686,0.8342
K01665,C0019,1.0,0.5798,1.0,0.8422,0.9666
K01665,C0069,1.0,0.3378,1.0,0.7731,0.9315
K01665,C0057,0.0,0.1278,0.0,0.8209,0.9459
K02294,C0066,0.6667,0.4566,0.0,0.716,0.9336
K02294,C0087,0.6667,0.6218,0.0,0.8132,0.9201
K02294,C0099,0.6667,0.4657,1.0,0.9011,0.9391
K01733,C0008,1.0,0.5669,0.0,0.6827,0.8854
K01733,C0061,1.0,0.5596,0.0,0.7934,0.9094
K01733,C0060,1.0,0.5578,1.0,0.8512,0.781
K01561,C0119,1.0,0.4171,0.0,0.6996,0.8039
K01561,C0057,1.0,0.02,0.0,0.811,0.9633
K01561,C0083,0.5,0.3713,1.0,0.6191,0.9084
K02403,C0004,0.875,0.5342,0.0,0.6771,0.9785
K02403,C0109,0.75,0.418,0.0,0.6593,0.97
K02403,C0075,0.75,0.8681,0.0,0.8193,0.9285
K02000,C0060,1.0,0.5578,0.0,0.8565,0.9616
K02000,C0089,1.0,0.9804,0.0,0.6917,0.9399
K02000,C0106,1.0,0.813,0.0,0.7474,0.9941
K01827,C0071,0.6667,0.4341,0.0,0.8449,0.927
K01827,C0090,0.6667,0.4987,0.0,0.8384,0.9686
K01827,C0018,0.6667,0.3264,0.0,0.7257,0.9293
K02279,C0029,1.0,0.5823,0.0,0.5833,0.8622
K02279,C0027,1.0,0.3254,1.0,0.6659,0.8547
K02279,C0108,1.0,0.3466,0.0,0.8939,0.9867
K02052,C0048,1.0,0.5787,0.0,0.8795,0.9167
K02052,C0110,1.0,0.6991,0.0,0.7247,0.7116
K02052,C0065,1.0,0.3575,0.0,0.6287,0.941
K01996,C0006,1.0,0.6363,1.0,0.8255,0.9726
K01996,C0101,1.0,0.719,1.0,0.7839,0.8635
K01996,C0069,1.0,0.5489,0.0,0.8683,0.9593
K02390,C0001,1.0,0.6209,0.0,0.6258,0.9061
K02390,C0006,0.8333,0.6843,0.0,0.8642,0.8823
K02390,C0088,0.8333,0.5845,0.0,0.849,0.7696
K02062,C0060,0.75,0.6895,0.0,0.6817,0.8167
K02062,C0004,0.75,0.5342,0.0,0.8433,0.822
K02062,C0098,0.75,0.7077,0.0,0.8465,0.9306
K01565,C0097,0.875,0.6437,0.0,0.8555,0.8971
K01565,C0054,0.875,0.5377,0.0,0.6702,0.8704
K01565,C0061,1.0,0.6086,0.0,0.7358,0.9151
K01916,C0098,1.0,0.751,0.0,0.6826,0.9775
K01916,C0025,1.0,0.6046,0.0,0.6989,0.9008
K01916,C0114,1.0,0.3236,0.0,0.9393,0.9115
K02331,C0027,0.6667,0.3074,0.0,0.7398,0.8951
K02331,C0090,0.6667,0.4987,0.0,0.8051,0.9621
K02331,C0009,0.6667,0.761,0.0,0.7882,0.9156
K02246,C0029,0.6667,0.2133,0.0,0.7125,0.8388
K02246,C0054,0.6667,0.5377,0.0,0.7435,0.801
K02246,C0097,0.3333,0.6437,0.0,0.6887,0.9011
K01893,C0022,0.8333,0.5947,0.0,0.8341,0.7393
K01893,C0054,0.8333,0.2089,0.0,0.7835,0.9187
K01893,C0011,0.1667,0.5341,0.0,0.8276,0.8959
K02324,C0060,1.0,0.5578,0.0,0.7,0.9345
K02324,C0052,1.0,0.4897,0.0,0.7721,0.7924
K02324,C0050,1.0,0.241,0.0,0.6239,0.7751
K02235,C0007,1.0,0.6328,0.0,0.8214,0.8448
K02235,C0103,1.0,0.7432,0.0,0.8488,0.8829
K02235,C0056,0.8333,0.567,0.0,0.8361,0.9638
K01627,C0110,0.5,0.7183,0.0,0.73,0.9821
K01627,C0109,0.5,0.0837,0.0,0.8802,0.9492
K01627,C0004,0.5,0.2368,0.0,0.7995,0.9464
K01742,C0061,1.0,0.6086,0.0,0.7273,0.8232
K01742,C0054,0.5,0.5377,0.0,0.8495,0.9455
K01742,C0071,0.3333,0.2298,0.0,0.7664,0.9739
K02136,C0060,0.8333,0.5958,0.0,0.6549,0.8072
K02136,C0052,0.8333,0.5104,0.0,0.6897,0.8935
K02136,C0050,1.0,0.195,0.0,0.5415,0.8437
K02352,C0004,1.0,0.4518,0.0,0.8105,0.91
K02352,C0060,1.0,0.5578,0.0,0.8909,0.8731
K02352,C0068,1.0,0.6102,0.0,0.709,0.7406
K02025,C0116,1.0,0.4339,0.0,0.6174,0.8995
K02025,C0013,0.75,0.3477,0.0,0.8356,0.969
K02025,C0065,0.5,0.226,0.0,0.5897,0.9415
K02440,C0108,0.6667,0.3852,0.0,0.6496,0.9524
K02440,C0110,0.6667,0.6702,0.0,0.7556,0.8517
K02440,C0010,0.6667,0.5897,0.0,0.921,0.899
K01632,C0089,0.5,0.4212,0.0,0.6977,0.8577
K01632,C0052,1.0,0.2043,0.0,0.7733,0.9283
K01632,C0061,0.5,0.2996,0.0,0.7606,0.8391
K01865,C0060,1.0,0.6895,0.0,0.7446,0.8934
K01865,C0004,1.0,0.5342,0.0,0.7728,0.8818
K01865,C0098,1.0,0.7077,0.0,0.705,0.9276
K02122,C0048,0.8333,0.4966,0.0,0.8157,0.8729
K02122,C0032,0.8333,0.7354,0.0,0.6797,0.898
K02122,C0001,0.8333,0.6869,0.0,0.6933,0.8294
K02320,C0004,1.0,0.4518,0.0,0.7543,0.9754
K02320,C0060,1.0,0.5578,0.0,0.6135,0.9157
K02320,C0098,1.0,0.6656,0.0,0.5775,0.9627
K02057,C0060,0.8333,0.6895,0.0,0.6058,0.8183
K02057,C0040,0.6667,0.6862,0.0,0.7262,0.7744
K02057,C0058,0.6667,0.8854,0.0,0.521,0.8775
K01974,C0054,0.75,0.5377,0.0,0.7922,0.8923
K01974,C0061,1.0,0.6086,0.0,0.7942,0.9303
K01974,C0001,1.0,0.7166,0.0,0.8183,0.966
K01602,C0039,1.0,0.2504,0.0,0.6625,0.8455
K01602,C0074,1.0,0.3019,0.0,0.8401,0.7875
K01602,C0094,1.0,0.3683,0.0,0.7842,0.8523
K02106,C0119,1.0,0.4171,0.0,0.7096,0.9654
K02106,C0057,1.0,0.02,0.0,0.8217,0.9712
K02106,C0117,1.0,0.1306,0.0,0.5616,0.9838
K02282,C0060,0.75,0.5958,0.0,0.7998,0.84
K02282,C0102,0.75,0.7671,0.0,0.8119,0.9527
K02282,C0113,0.75,0.646,0.0,0.7786,0.8049
K02250,C0018,1.0,0.3264,0.0,0.5937,0.9317
K02250,C0021,1.0,0.4724,0.0,0.6204,0.8778
K02250,C0060,1.0,0.5958,0.0,0.634,0.9112
K02078,C0054,1.0,0.4997,0.0,0.8212,0.996
K02078,C0041,1.0,0.8371,0.0,0.7242,0.8592
K02078,C0022,1.0,0.6116,1.0,0.8803,0.9406
K02346,C0055,1.0,0.6411,0.0,0.9056,0.7681
K02346,C0007,1.0,0.5627,0.0,0.7689,0.7825
K02346,C0108,1.0,0.3287,0.0,0.6895,0.6922
K02083,C0110,1.0,0.7183,0.0,0.7761,0.9102
K02083,C0048,1.0,0.4966,0.0,0.774,0.9513
K02083,C0043,0.5,0.2929,1.0,0.5829,0.9822
K01981,C0013,1.0,0.7336,0.0,0.6234,0.9908
K01981,C0065,1.0,0.3575,0.0,0.6328,0.9652
K01981,C0099,1.0,0.4657,0.0,0.7387,0.9775
K02085,C0119,1.0,0.4456,0.0,0.8043,0.9151
K02085,C0029,1.0,0.5823,0.0,0.7214,0.9894
K02085,C0117,1.0,0.4618,0.0,0.5673,0.9336
K01825,C0084,0.875,0.4192,0.0,0.8999,0.9293
K01825,C0114,0.875,0.2468,0.0,0.6402,0.931
K01825,C0013,0.875,0.8026,0.0,0.7054,0.9759
K01790,C0110,0.875,0.7183,0.0,0.7257,0.9362
K01790,C0032,0.875,0.7354,0.0,0.9055,0.9665
K01790,C0001,0.875,0.6869,0.0,0.7142,0.9877
K02425,C0027,1.0,0.3254,1.0,0.9125,0.9603
K02425,C0057,1.0,0.3903,0.0,0.7016,0.9339
K02425,C0117,1.0,0.4618,0.0,0.6928,0.9398
K02066,C0054,1.0,0.4997,0.0,0.7871,0.8634
K02066,C0041,1.0,0.8371,0.0,0.8853,0.7973
K02066,C0072,1.0,0.5483,0.0,0.6715,0.8954
K01987,C0027,0.6667,0.3074,0.0,0.7982,0.8852
K01987,C0090,0.6667,0.4987,0.0,0.8309,0.7986
K01987,C0025,0.8333,0.3868,0.0,0.7005,0.9769
K02115,C0061,1.0,0.5596,0.0,0.7534,0.9056
K02115,C0004,0.3333,0.4518,0.0,0.866,0.8618
K02115,C0060,1.0,0.5578,0.0,0.7901,0.9249
K02130,C0074,1.0,0.3019,0.0,0.8128,0.9356
K02130,C0039,1.0,0.2504,0.0,0.8379,0.8727
K02130,C0094,1.0,0.3683,0.0,0.6026,0.7082
K01560,C0084,1.0,0.4192,0.0,0.6651,0.8441
K01560,C0114,0.8333,0.2468,0.0,0.9127,0.8284
K01560,C0085,0.8333,0.7735,0.0,0.7198,0.9083
K01760,C0041,0.6667,0.8371,0.0,0.924,0.8534
K01760,C0033,0.3333,0.1369,0.0,0.8094,0.8995
K01760,C0085,0.3333,0.2507,0.0,0.7292,0.9176
K02004,C0119,1.0,0.4171,0.0,0.5117,0.9733
K02004,C0043,1.0,0.5586,0.0,0.6074,0.9177
K02004,C0099,1.0,0.4657,0.0,0.8131,0.8615
K02038,C0018,0.5,0.3264,0.0,0.635,0.9218
K02038,C0040,0.6667,0.6094,0.0,0.5883,0.9723
K02038,C0021,0.5,0.4724,0.0,0.5464,0.9122
K01559,C0027,1.0,0.3254,1.0,0.7582,0.7764
K01559,C0009,1.0,0.6638,0.0,0.9093,0.8285
K01559,C0090,1.0,0.556,0.0,0.86,0.8631
K02422,C0004,1.0,0.5342,0.0,0.7296,0.8419
K02422,C0060,1.0,0.6895,0.0,0.8412,0.8112
K02422,C0098,1.0,0.7077,0.0,0.6033,0.9483
K02225,C0060,0.8333,0.5958,1.0,0.8164,0.9751
K02225,C0052,0.8333,0.5104,0.0,0.9294,0.899
K02225,C0050,1.0,0.195,0.0,0.7833,0.8812
K01642,C0056,1.0,0.567,1.0,0.7963,0.9198
K01642,C0112,1.0,0.39,0.0,0.7186,0.9687
K01642,C0033,1.0,0.2507,0.0,0.7841,0.9605
K02128,C0062,1.0,0.5727,0.0,0.8043,0.9741
K02128,C0004,1.0,0.4518,0.0,0.9363,0.8936
K02128,C0052,1.0,0.4897,0.0,0.9084,0.9738
K02164,C0099,0.6667,0.4377,0.0,0.7818,0.9776
K02164,C0066,0.6667,0.5472,0.0,0.7168,0.935
K02164,C0087,0.6667,0.5538,1.0,0.6397,0.8248
K02245,C0017,1.0,0.4955,0.0,0.8874,0.9809
K02245,C0087,1.0,0.6218,0.0,0.5434,0.9542
K02245,C0099,1.0,0.4657,0.0,0.7702,0.8676
K01585,C0007,1.0,0.6328,1.0,0.8425,0.9031
K01585,C0056,0.0,0.567,0.0,0.7464,0.938
K01585,C0114,1.0,0.2468,0.0,0.8329,0.8278
K02416,C0114,0.6667,0.1733,0.0,0.8467,0.9751
K02416,C0109,0.3333,0.418,0.0,0.744,0.9694
K02416,C0084,0.6667,0.3213,0.0,0.8101,0.8626
K01732,C0027,0.8333,0.3074,0.0,0.6708,0.9229
K01732,C0021,0.8333,0.4724,0.0,0.7471,0.9261
K01732,C0018,0.8333,0.3264,0.0,0.7995,0.9326
K02092,C0017,1.0,0.4955,0.0,0.7616,0.9592
K02092,C0043,1.0,0.5586,0.0,0.7623,0.9349
K02092,C0083,1.0,0.3713,0.0,0.6039,0.8447
K01645,C0054,0.75,0.5085,0.0,0.6102,0.9888
K01645,C0075,0.75,0.8681,0.0,0.6124,0.9524
K01645,C0086,0.75,0.569,0.0,0.8152,0.9576
K01869,C0052,1.0,0.5104,0.0,0.853,0.9084
K01869,C0060,1.0,0.5958,0.0,0.7103,0.7447
K01869,C0022,1.0,0.5947,0.0,0.6869,0.7562
K02016,C0027,1.0,0.3254,1.0,0.6273,0.9346
K02016,C0057,1.0,0.3903,0.0,0.8493,0.8354
K02016,C0029,1.0,0.5823,0.0,0.5447,0.8488
K02327,C0089,1.0,0.9804,0.0,0.4894,0.9248
K02327,C0052,1.0,0.4897,0.0,0.6859,0.9619
K02327,C0034,1.0,0.6993,0.0,0.7894,0.9363
K02298,C0074,1.0,0.3355,0.0,0.6718,0.9208
K02298,C0039,1.0,0.2408,0.0,0.7064,0.7355
K02298,C0004,0.875,0.2343,0.0,0.7339,0.9124
K02167,C0054,0.5,0.1795,0.0,0.7968,0.8927
K02167,C0029,1.0,0.5823,0.0,0.7013,0.9058
K02167,C0041,0.5,0.2452,0.0,0.7838,0.8793
K01718,C0013,1.0,0.8026,0.0,0.8321,0.9087
K01718,C0073,1.0,0.4327,0.0,0.732,0.924
K01718,C0056,1.0,0.567,0.0,0.7235,0.9015
K02005,C0110,0.8333,0.6702,0.0,0.8192,0.8559
K02005,C0108,0.8333,0.3852,0.0,0.6854,0.8182
K02005,C0010,0.8333,0.5897,0.0,0.7456,0.7214
K02073,C0114,0.8333,0.1733,0.0,0.9472,0.9626
K02073,C0084,0.8333,0.3213,0.0,0.7167,0.9455
K02073,C0075,0.5,0.8681,0.0,0.8022,0.9755
K01905,C0003,0.75,0.4903,0.0,0.8246,0.9652
K01905,C0001,1.0,0.6209,0.0,0.8296,0.9474
K01905,C0018,0.75,0.3264,0.0,0.6437,0.9265
K01759,C0025,0.8333,0.6046,0.0,0.6592,0.9754
K01759,C0119,0.8333,0.4456,0.0,0.6018,0.8136
K01759,C0098,1.0,0.751,0.0,0.6558,0.8049
K02001,C0103,1.0,0.8055,0.0,0.8377,0.8934
K02001,C0007,1.0,0.5627,0.0,0.7076,0.8492
K02001,C0044,0.8333,0.1449,0.0,0.741,0.9207
K01538,C0006,0.875,0.6363,0.0,0.848,0.8852
K01538,C0082,0.875,0.5546,0.0,0.9079,0.8463
K01538,C0073,0.875,0.4327,0.0,0.8159,0.7163
K01636,C0060,0.5,0.5958,0.0,0.7502,0.914
K01636,C0027,0.5,0.3074,0.0,0.8636,0.8989
K01636,C0011,0.5,0.5341,0.0,0.8898,0.8383
K01836,C0083,1.0,0.3713,1.0,0.7792,0.9198
K01836,C0087,1.0,0.6218,1.0,0.5498,0.8889
K01836,C0043,1.0,0.5586,0.0,0.7133,0.9781
K02192,C0054,1.0,0.4997,0.0,0.5226,0.8933
K02192,C0006,0.6667,0.2819,1.0,0.6013,0.8839
K02192,C0001,0.6667,0.1955,0.0,0.7529,0.8774
K02159,C0007,1.0,0.5627,1.0,0.78,0.8236
K02159,C0103,1.0,0.8055,1.0,0.6645,0.8746
K02159,C0056,0.75,0.1461,0.0,0.6861,0.9714
K01525,C0095,1.0,0.7331,0.0,0.6897,0.9899
K01525,C0032,1.0,0.6018,0.0,0.7216,0.978
K01525,C0001,1.0,0.6209,0.0,0.9042,0.9659
K02230,C0001,0.8333,0.7166,0.0,0.8865,0.9371
K02230,C0054,0.6667,0.5377,0.0,0.6862,0.9688
K02230,C0095,0.8333,0.3696,0.0,0.7617,0.9675
K02419,C0069,1.0,0.3378,1.0,0.8234,0.8844
K02419,C0019,1.0,0.5798,1.0,0.7027,0.8061
K02419,C0018,1.0,0.1186,0.0,0.8793,0.952
K01698,C0033,1.0,0.2507,0.0,0.7369,0.9612
K01698,C0056,1.0,0.567,0.0,0.786,0.9267
K01698,C0081,1.0,0.6119,0.0,0.8541,0.9493
K01831,C0060,1.0,0.5578,0.0,0.8446,0.9672
K01831,C0034,1.0,0.6993,0.0,0.7348,0.9436
K01831,C0106,1.0,0.813,0.0,0.8809,0.9421
K01887,C0089,1.0,0.9804,0.0,0.7055,0.9584
K01887,C0030,1.0,0.6724,0.0,0.914,0.9187
K01887,C0004,1.0,0.4518,0.0,0.7638,0.8317
K01985,C0095,1.0,0.7331,0.0,0.7899,0.8916
K01985,C0032,1.0,0.6018,0.0,0.7773,0.7759
K01985,C0050,1.0,0.195,0.0,0.821,0.7871
K01762,C0087,0.6667,0.6218,1.0,0.7242,0.8653
K01762,C0119,0.6667,0.4171,0.0,0.5781,0.949
K01762,C0017,0.6667,0.4955,0.0,0.8549,0.9187
K01923,C0050,1.0,0.2738,0.0,0.9162,0.8844
K01923,C0095,0.3333,0.743,0.0,0.6314,0.9696
K01923,C0060,0.6667,0.2525,0.0,0.6202,0.9414
K02064,C0022,1.0,0.5559,0.0,0.7666,0.9162
K02064,C0072,1.0,0.4356,0.0,0.7735,0.8282
K02064,C0054,0.1667,0.2124,0.0,0.9144,0.9627
K01813,C0074,1.0,0.3019,0.0,0.7598,0.9688
K01813,C0039,1.0,0.2504,0.0,0.7306,0.8017
K01813,C0094,1.0,0.3683,0.0,0.6661,0.7737
K02437,C0054,1.0,0.5377,0.0,0.6694,0.8541
K02437,C0047,1.0,0.5118,0.0,0.7601,0.8937
K02437,C0036,0.1667,0.5764,0.0,0.7756,0.9643
K01834,C0084,0.6667,0.4192,0.0,0.6026,0.8731
K01834,C0114,0.6667,0.2468,0.0,0.6757,0.9112
K01834,C0060,0.8333,0.3439,0.0,0.6945,0.9636
K01599,C0006,1.0,0.6843,0.0,0.761,0.9413
K01599,C0107,1.0,0.4681,0.0,0.7711,0.9094
K01599,C0063,1.0,0.5314,0.0,0.8345,0.8184
K02201,C0007,1.0,0.6328,1.0,0.7062,0.8307
K02201,C0103,1.0,0.7432,1.0,0.6847,0.9402
K02201,C0082,0.6667,0.5546,0.0,0.8278,0.8974
K02207,C0054,1.0,0.4997,0.0,0.8219,0.8701
K02207,C0041,1.0,0.8371,0.0,0.8036,0.6743
K02207,C0049,1.0,0.642,0.0,0.7381,0.9082
K02188,C0007,1.0,0.6328,0.0,0.8537,0.9271
K02188,C0103,1.0,0.7432,0.0,0.8165,0.9027
K02188,C0033,0.25,0.2507,0.0,0.8924,0.9775
K02374,C0022,0.75,0.5947,0.0,0.9197,0.8224
K02374,C0082,0.25,0.5063,0.0,0.923,0.9495
K02374,C0095,0.5,0.7331,0.0,0.7911,0.969
K01540,C0060,0.75,0.5958,0.0,0.7427,0.8541
K01540,C0058,0.75,0.8374,0.0,0.6579,0.9041
K01540,C0025,0.75,0.3868,0.0,0.607,0.8612
K02013,C0052,1.0,0.5104,0.0,0.7844,0.9649
K02013,C0060,1.0,0.5958,1.0,0.6448,0.8095
K02013,C0022,1.0,0.5947,0.0,0.8603,0.902
K01726,C0098,1.0,0.751,0.0,0.6278,0.9779
K01726,C0067,1.0,0.5524,0.0,0.7557,0.8481
K01726,C0057,0.75,0.3903,0.0,0.7538,0.9616
K02443,C0069,1.0,0.3378,0.0,0.5777,0.9573
K02443,C0095,1.0,0.3091,0.0,0.766,0.9544
K02443,C0032,1.0,0.2432,0.0,0.7328,0.9243
K01526,C0044,1.0,0.1372,0.0,0.6499,0.9817
K01526,C0039,1.0,0.2408,0.0,0.7455,0.8495
K01526,C0082,1.0,0.5546,0.0,0.6205,0.9899
K01843,C0087,1.0,0.6218,1.0,0.7078,0.9614
K01843,C0065,1.0,0.3575,1.0,0.5202,0.9518
K01843,C0044,1.0,0.163,0.0,0.6861,0.9738
K01738,C0033,1.0,0.2507,0.0,0.8293,0.867
K01738,C0039,1.0,0.2408,0.0,0.7316,0.9403
K01738,C0073,1.0,0.4327,0.0,0.7969,0.9033
K01991,C0033,1.0,0.2507,0.0,0.8146,0.974
K01991,C0063,1.0,0.5504,0.0,0.8437,0.8969
K01991,C0056,1.0,0.567,0.0,0.8021,0.9112
K02297,C0095,1.0,0.7331,0.0,0.7677,0.9702
K02297,C0060,0.875,0.5958,0.0,0.6206,0.8812
K02297,C0027,0.875,0.3074,0.0,0.734,0.9165
K01744,C0073,0.875,0.4377,0.0,0.9754,0.8574
K01744,C0082,0.875,0.5063,0.0,0.8316,0.8487
K01744,C0094,0.875,0.3064,0.0,0.8334,0.803
K02306,C0066,1.0,0.5472,0.0,0.4837,0.9228
K02306,C0087,1.0,0.5538,0.0,0.8159,0.7436
K02306,C0099,1.0,0.4377,0.0,0.7725,0.9308
K02362,C0052,1.0,0.4897,0.0,0.8937,0.8808
K02362,C0022,1.0,0.5559,0.0,0.9044,0.7703
K02362,C0060,1.0,0.5578,0.0,0.754,0.6253
K01767,C0004,1.0,0.4518,0.0,0.8227,0.9792
K01767,C0108,0.0,0.1391,0.0,0.646,0.9455
K01767,C0110,0.0,0.2278,0.0,0.7532,0.9509
K02143,C0098,1.0,0.6656,0.0,0.4826,0.9661
K02143,C0067,1.0,0.5637,0.0,0.7258,0.8539
K02143,C0004,0.5,0.4518,0.0,0.6595,0.9738
K02433,C0006,1.0,0.6445,0.0,0.6915,0.9448
K02433,C0069,1.0,0.2926,0.0,0.5887,0.9411
K02433,C0101,1.0,0.5686,0.0,0.7681,0.9448
K02152,C0033,1.0,0.2507,0.0,0.6657,0.9646
K02152,C0063,1.0,0.5504,0.0,0.7508,0.9442
K02152,C0081,1.0,0.6119,0.0,0.6752,0.9863
K01528,C0004,1.0,0.5342,0.0,0.8662,0.9414
K01528,C0015,0.8333,0.581,0.0,0.8336,0.8826
K01528,C0086,0.8333,0.569,0.0,0.9446,0.851
K02014,C0060,0.75,0.6895,0.0,0.801,0.9064
K02014,C0025,0.75,0.5468,0.0,0.753,0.9325
K02014,C0040,0.75,0.6862,0.0,0.7166,0.8649
K01944,C0011,0.6667,0.5341,0.0,0.769,0.9031
K01944,C0027,0.6667,0.3074,1.0,0.6988,0.9369
K01944,C0060,0.6667,0.5958,1.0,0.6165,0.9091
K02268,C0060,1.0,0.6895,0.0,0.8607,0.9061
K02268,C0004,1.0,0.5342,0.0,0.6479,0.8703
K02268,C0098,1.0,0.7077,0.0,0.5215,0.8514
K02150,C0039,1.0,0.2408,0.0,0.6534,0.9449
K02150,C0074,1.0,0.3355,0.0,0.7846,0.7845
K02150,C0094,1.0,0.2578,0.0,0.6995,0.6833
K01978,C0044,1.0,0.2533,0.0,0.802,0.7788
K01978,C0007,1.0,0.6102,0.0,0.7686,0.6401
K01978,C0114,1.0,0.3236,0.0,0.8702,0.8368
K02263,C0072,1.0,0.5483,0.0,0.4755,0.9482
K02263,C0087,0.3333,0.2055,0.0,0.5992,0.9862
K02263,C0065,0.3333,0.1848,0.0,0.4384,0.9038
K01694,C0039,1.0,0.2504,0.0,0.573,0.997
K01694,C0094,1.0,0.3683,0.0,0.8247,0.8277
K01694,C0074,1.0,0.3019,0.0,0.8513,0.867
K02414,C0060,0.75,0.5958,0.0,0.8436,0.9862
K02414,C0053,0.75,0.6641,0.0,0.8614,0.954
K02414,C0027,0.75,0.3074,0.0,0.8567,0.8753
K01541,C0033,1.0,0.2507,0.0,0.7442,0.9508
K01541,C0073,1.0,0.4327,0.0,0.6992,0.9409
K01541,C0059,1.0,0.6274,0.0,0.7193,0.875
K01933,C0006,0.6667,0.6843,0.0,0.9775,0.9661
K01933,C0052,0.6667,0.5104,0.0,0.8225,0.9243
K01933,C0040,0.6667,0.6094,0.0,0.74,0.927
K02418,C0024,0.75,0.7065,0.0,0.8078,0.9213
K02418,C0079,0.5,0.7034,1.0,0.6563,0.8252
K02418,C0112,0.5,0.34,0.0,0.7286,0.8674
K02273,C0061,1.0,0.6086,0.0,0.6575,0.894
K02273,C0052,0.875,0.2114,0.0,0.7402,0.9763
K02273,C0097,0.625,0.6437,0.0,0.814,0.9683
K02214,C0119,0.5,0.4456,0.0,0.6083,0.8689
K02214,C0098,0.5,0.751,0.0,0.6883,0.9063
K02214,C0025,0.75,0.6046,0.0,0.7815,0.7134
K01654,C0044,1.0,0.2533,0.0,0.8277,0.9734
K01654,C0119,1.0,0.4456,0.0,0.472,0.979
K01654,C0087,0.5,0.2311,1.0,0.6461,0.9908
K01863,C0087,0.625,0.292,1.0,0.5368,0.9052
K01863,C0083,0.5,0.1018,1.0,0.7597,0.8323
K01863,C0082,0.5,0.5063,0.0,0.8044,0.9713
K01876,C0098,1.0,0.751,0.0,0.6193,0.9589
K01876,C0067,1.0,0.5524,0.0,0.7957,0.9346
K01876,C0027,0.5,0.3254,0.0,0.5769,0.9427
K01797,C0077,1.0,0.5528,0.0,0.6608,0.8859
K01797,C0081,1.0,0.6106,0.0,0.9118,0.9411
K01797,C0013,1.0,0.7336,0.0,0.779,0.9069
K01582,C0052,1.0,0.5104,0.0,0.7523,0.9715
K01582,C0060,1.0,0.5958,0.0,0.7206,0.8631
K01582,C0050,1.0,0.195,0.0,0.7146,0.9212
K01615,C0054,0.8333,0.4997,0.0,0.8264,0.8899
K01615,C0109,0.5,0.1233,0.0,0.6256,0.9157
K01615,C0023,0.5,0.0566,1.0,0.522,0.9537
K01686,C0025,0.75,0.5468,0.0,0.7784,0.9464
K01686,C0119,0.75,0.4453,0.0,0.5858,0.8627
K01686,C0098,1.0,0.7077,0.0,0.9204,0.9482
K02260,C0061,1.0,0.6086,0.0,0.7201,0.8973
K02260,C0036,1.0,0.5764,0.0,0.7461,0.9063
K02260,C0089,0.0,0.3481,0.0,0.7661,0.9381
K01880,C0054,0.8333,0.5377,0.0,0.6565,0.8409
K01880,C0047,0.8333,0.5118,0.0,0.816,0.81
K01880,C0087,0.5,0.2753,0.0,0.6517,0.9811
K02283,C0097,0.75,0.6437,0.0,0.885,0.9795
K02283,C0024,1.0,0.7644,0.0,0.8184,0.9001
K02283,C0054,0.75,0.5377,0.0,0.784,0.8747
K01516,C0052,1.0,0.4897,0.0,0.8781,0.9767
K01516,C0089,1.0,0.9804,0.0,0.7098,0.9756
K01516,C0106,1.0,0.813,1.0,0.6886,0.9518
K01927,C0054,0.75,0.5377,0.0,0.6603,0.9103
K01927,C0047,0.75,0.5118,0.0,0.6475,0.9131
K01927,C0109,0.125,0.3128,0.0,0.6297,0.9581
K02076,C0025,1.0,0.5468,0.0,0.5263,0.9013
K02076,C0119,1.0,0.4453,0.0,0.7868,0.9677
K02076,C0098,1.0,0.7077,0.0,0.8127,0.8802
K02024,C0098,1.0,0.6656,0.0,0.6749,0.8691
K02024,C0057,1.0,0.1599,0.0,0.7982,0.9307
K02024,C0089,0.0,0.9804,0.0,0.8164,0.9448
K01888,C0084,0.6667,0.4192,0.0,0.5794,0.8768
K01888,C0114,0.6667,0.2468,0.0,0.779,0.8586
K01888,C0033,0.6667,0.2507,0.0,0.7161,0.9395
K01999,C0050,1.0,0.2738,1.0,0.6873,0.9334
K01999,C0106,0.0,0.3026,0.0,0.8378,0.9887
K01999,C0008,0.0,0.14,1.0,0.7882,0.9537
K01977,C0087,0.875,0.6218,0.0,0.7034,0.8886
K01977,C0066,0.875,0.4566,0.0,0.6517,0.9068
K01977,C0119,0.875,0.4171,0.0,0.7467,0.8557
K02231,C0006,1.0,0.6363,0.0,0.5701,0.8786
K02231,C0101,1.0,0.719,0.0,0.9269,0.9076
K02231,C0069,1.0,0.5489,0.0,0.7256,0.7791
K01953,C0050,1.0,0.2738,0.0,0.9165,0.823
K01953,C0019,0.625,0.3002,0.0,0.725,0.9364
K01953,C0061,0.75,0.2205,0.0,0.8629,0.9027
K02271,C0065,1.0,0.3575,0.0,0.5921,0.9638
K02271,C0083,1.0,0.3713,0.0,0.6408,0.9278
K02271,C0077,1.0,0.5528,0.0,0.5053,0.8953
K01770,C0045,1.0,0.7126,0.0,0.8613,0.9676
K01770,C0033,1.0,0.2507,0.0,0.8831,0.9484
K01770,C0085,1.0,0.7735,0.0,0.7017,0.9254
K02368,C0001,0.75,0.7166,0.0,0.6559,0.8508
K02368,C0054,0.75,0.5377,0.0,0.6423,0.9535
K02368,C0070,0.25,0.1282,0.0,0.6199,0.8901
K01510,C0028,0.8333,0.735,0.0,0.6766,0.8982
K01510,C0048,0.8333,0.4966,0.0,0.7218,0.9484
K01510,C0055,0.8333,0.6411,0.0,0.6843,0.9655
K01522,C0114,0.875,0.1733,0.0,0.7746,0.8782
K01522,C0045,0.75,0.2299,0.0,0.9302,0.9438
K01522,C0004,0.5,0.5342,0.0,0.8603,0.9317
K01723,C0052,1.0,0.4897,0.0,0.8362,0.98
K01723,C0060,1.0,0.5578,0.0,0.7028,0.8617
K01723,C0022,1.0,0.5559,0.0,0.6909,0.8716
K02287,C0004,0.75,0.2368,0.0,0.8492,0.9691
K02287,C0015,0.75,0.2966,1.0,0.8655,0.9132
K02287,C0109,0.75,0.0837,0.0,0.6563,0.9326
K02229,C0001,1.0,0.6869,0.0,0.8727,0.9503
K02229,C0097,0.5,0.2269,1.0,0.8958,0.9038
K02229,C0054,0.5,0.2068,0.0,0.6184,0.9666
K02221,C0110,0.75,0.6702,0.0,0.8129,0.8285
K02221,C0108,0.75,0.3852,0.0,0.6532,0.7631
K02221,C0010,0.75,0.5897,0.0,0.9008,0.6487
K01889,C0074,1.0,0.3355,0.0,0.8875,0.8532
K01889,C0039,1.0,0.2408,0.0,0.6009,0.924
K01889,C0094,1.0,0.2578,0.0,0.9023,0.6613
K02012,C0054,0.625,0.4997,0.0,0.6612,0.9908
K02012,C0032,0.375,0.2201,0.0,0.8965,0.9868
K02012,C0070,0.375,0.1246,0.0,0.7471,0.9462
K01796,C0045,0.75,0.635,0.0,0.889,0.9183
K01796,C0112,0.75,0.34,0.0,0.6142,0.9565
K01796,C0033,0.5,0.0801,1.0,0.912,0.9881
K02183,C0120,1.0,0.2787,0.0,0.5963,0.9259
K02183,C0002,1.0,0.622,1.0,0.6476,0.8765
K02183,C0054,0.75,0.2287,0.0,0.8252,0.8873
K01846,C0098,1.0,0.6656,0.0,0.6476,0.9636
K01846,C0106,1.0,0.813,0.0,0.8481,0.9311
K01846,C0089,1.0,0.9804,0.0,0.8523,0.9841
K01920,C0052,1.0,0.5104,0.0,0.7851,0.8815
K01920,C0060,1.0,0.5958,0.0,0.6642,0.8259
K01920,C0022,1.0,0.5947,0.0,0.8165,0.7283
K01608,C0074,1.0,0.3355,0.0,0.8572,0.9215
K01608,C0039,1.0,0.2408,0.0,0.6003,0.9222
K01608,C0094,1.0,0.2578,0.0,0.7095,0.8234
K01697,C0065,1.0,0.3575,0.0,0.7829,0.9671
K01697,C0087,1.0,0.6218,0.0,0.7119,0.892
K01697,C0080,1.0,0.6273,0.0,0.9193,0.9217
K02348,C0074,1.0,0.3019,0.0,0.8709,0.8954
K02348,C0094,1.0,0.3683,0.0,0.8531,0.78
K02348,C0039,1.0,0.2504,0.0,0.614,0.7805
K01970,C0081,1.0,0.6106,0.0,0.8806,0.9677
K01970,C0087,1.0,0.6218,1.0,0.5952,0.9486
K01970,C0002,1.0,0.6233,0.0,0.5854,0.9745
K02116,C0041,1.0,0.8371,0.0,0.8589,0.9664
K02116,C0054,1.0,0.4997,0.0,0.7151,0.9014
K02116,C0049,1.0,0.642,0.0,0.6551,0.9226
K02129,C0114,1.0,0.2468,0.0,0.7309,0.8687
K02129,C0086,1.0,0.2105,0.0,0.8861,0.9514
K02129,C0045,1.0,0.7126,0.0,0.8817,0.9453
K02105,C0098,1.0,0.6656,0.0,0.5881,0.7734
K02105,C0051,1.0,0.18,1.0,0.6224,0.8722
K02105,C0029,1.0,0.2661,0.0,0.6291,0.9391
K02406,C0073,0.6667,0.4377,0.0,0.8452,0.9303
K02406,C0027,0.6667,0.3074,1.0,0.8431,0.9794
K02406,C0052,0.6667,0.5104,0.0,0.7358,0.9569
K02082,C0027,1.0,0.0776,0.0,0.6489,0.9748
K02082,C0057,1.0,0.1886,0.0,0.6939,0.9427
K02082,C0054,0.75,0.4997,0.0,0.7409,0.9817
K02153,C0054,0.8333,0.5377,0.0,0.7574,0.9206
K02153,C0097,0.8333,0.6437,0.0,0.7698,0.8446
K02153,C0069,0.8333,0.2926,0.0,0.8128,0.9545
K02372,C0050,1.0,0.2738,0.0,0.861,0.9339
K02372,C0052,0.6667,0.1835,0.0,0.7461,0.9541
K02372,C0060,0.6667,0.2525,0.0,0.6065,0.8772
K02163,C0061,1.0,0.5596,0.0,0.8382,0.741
K02163,C0052,1.0,0.4897,0.0,0.8125,0.9077
K02163,C0068,1.0,0.6102,0.0,0.7644,0.9353
K02400,C0057,1.0,0.3903,0.0,0.7631,0.9349
K02400,C0090,1.0,0.556,0.0,0.665,0.9615
K02400,C0007,1.0,0.6102,0.0,0.7649,0.9192
K01755,C0028,0.5,0.735,0.0,0.7484,0.9612
K01755,C0048,0.5,0.4966,0.0,0.872,0.9014
K01755,C0095,0.5,0.743,0.0,0.772,0.9658
K02197,C0033,1.0,0.2507,0.0,0.7048,0.9916
K02197,C0116,1.0,0.4451,0.0,0.6312,0.9435
K02197,C0002,1.0,0.622,0.0,0.4406,0.9653
K01607,C0114,1.0,0.1733,0.0,0.8387,0.8976
K01607,C0086,1.0,0.569,0.0,0.697,0.9831
K01607,C0045,0.75,0.2299,0.0,0.7026,0.9767
K02436,C0007,1.0,0.5627,0.0,0.608,0.9068
K02436,C0055,0.8333,0.6411,0.0,0.7784,0.9453
K02436,C0048,0.8333,0.4966,0.0,0.7214,0.9209
K01672,C0106,1.0,0.813,0.0,0.8273,0.8962
K01672,C0008,1.0,0.5669,0.0,0.811,0.8449
K01672,C0060,1.0,0.5578,0.0,0.7507,0.8472
K01609,C0054,1.0,0.4997,0.0,0.7195,0.9498
K01609,C0060,0.5,0.2595,0.0,0.7868,0.9426
K01609,C0075,0.5,0.314,0.0,0.7525,0.9729
K01896,C0006,1.0,0.6363,0.0,0.8022,0.9139
K01896,C0101,1.0,0.719,0.0,0.7022,0.8998
K01896,C0069,1.0,0.5489,0.0,0.6889,0.7363
K01951,C0094,1.0,0.3683,0.0,0.7508,0.7718
K01951,C0039,1.0,0.2504,0.0,0.5477,0.8681
K01951,C0074,1.0,0.3019,0.0,0.7416,0.7547
K01591,C0034,1.0,0.6993,0.0,0.6792,0.9589
K01591,C0008,1.0,0.5669,0.0,0.7106,0.9476
K01591,C0004,1.0,0.4518,1.0,0.6851,0.919
K01894,C0052,1.0,0.5104,0.0,0.7947,0.9581
K01894,C0060,1.0,0.5958,0.0,0.652,0.778
K01894,C0022,1.0,0.5947,0.0,0.8029,0.9339
K01710,C0001,0.8333,0.6869,0.0,0.8385,0.7488
K01710,C0088,0.5,0.2777,0.0,0.6583,0.914
K01710,C0036,0.5,0.1876,0.0,0.7571,0.9378
K02069,C0001,0.875,0.7166,0.0,0.7531,0.878
K02069,C0032,0.875,0.1594,1.0,0.7921,0.9784
K02069,C0088,0.25,0.5919,0.0,0.8783,0.9342
K01621,C0006,1.0,0.6445,0.0,0.7114,0.7893
K01621,C0101,1.0,0.5686,0.0,0.9306,0.7264
K01621,C0069,1.0,0.2926,0.0,0.8527,0.8792
K02389,C0045,1.0,0.7126,1.0,0.8968,0.9542
K02389,C0007,1.0,0.6328,0.0,0.6827,0.8996
K02389,C0033,1.0,0.2507,0.0,0.7214,0.9383
K02206,C0002,1.0,0.622,0.0,0.588,0.872
K02206,C0044,1.0,0.1372,0.0,0.8752,0.9442
K02206,C0081,1.0,0.6119,0.0,0.7873,0.9024
K02161,C0097,0.3333,0.2121,0.0,0.651,0.9584
K02161,C0051,0.6667,0.6798,1.0,0.7693,0.9493
K02161,C0029,0.6667,0.5823,0.0,0.8039,0.9657
K02401,C0054,1.0,0.4997,0.0,0.9134,0.8977
K02401,C0041,1.0,0.8371,0.0,0.7368,0.842
K02401,C0072,1.0,0.5483,0.0,0.7139,0.9686
K01685,C0007,1.0,0.6102,0.0,0.6698,0.8244
K01685,C0055,1.0,0.5709,0.0,0.7678,0.8137
K01685,C0108,1.0,0.3466,0.0,0.869,0.8867
K01703,C0032,1.0,0.6018,0.0,0.7051,0.9334
K01703,C0053,1.0,0.6641,0.0,0.787,0.9298
K01703,C0060,1.0,0.5958,0.0,0.7956,0.8725
K01946,C0022,1.0,0.6116,0.0,0.8039,0.8707
K01946,C0072,1.0,0.5483,0.0,0.7706,0.8309
K01946,C0052,1.0,0.2317,0.0,0.6869,0.9055
K01993,C0010,0.6667,0.5897,0.0,0.765,0.8822
K01993,C0108,0.6667,0.3852,0.0,0.862,0.9109
K01993,C0110,0.6667,0.6702,0.0,0.8425,0.8867
K02166,C0056,0.5,0.2026,0.0,0.6077,0.967
K02166,C0059,0.5,0.2261,0.0,0.7273,0.9305
K02166,C0054,0.875,0.4997,0.0,0.6727,0.9686
K02028,C0027,1.0,0.3254,1.0,0.5162,0.8475
K02028,C0055,1.0,0.5709,1.0,0.6037,0.9223
K02028,C0051,1.0,0.6798,1.0,0.5718,0.7635
K01589,C0001,0.75,0.7166,0.0,0.89,0.9632
K01589,C0032,0.75,0.1594,1.0,0.8064,0.9901
K01589,C0024,0.0,0.7644,1.0,0.7349,0.9609
K01511,C0059,1.0,0.6274,0.0,0.7458,0.9753
K01511,C0056,1.0,0.567,0.0,0.6262,0.9345
K01511,C0116,1.0,0.4451,0.0,0.739,0.9675
K01799,C0054,1.0,0.5085,0.0,0.7021,0.9113
K01799,C0047,1.0,0.5552,0.0,0.7703,0.924
K01799,C0060,1.0,0.6895,0.0,0.6817,0.9653
K02430,C0116,1.0,0.3323,0.0,0.6127,0.9614
K02430,C0104,0.25,0.2644,0.0,0.6624,0.9717
K02430,C0071,0.25,0.1004,0.0,0.8379,0.9823
K02077,C0083,1.0,0.3713,0.0,0.7335,0.9097
K02077,C0016,1.0,0.6363,0.0,0.8065,0.9361
K02077,C0043,1.0,0.5586,1.0,0.7558,0.9401
K01669,C0058,0.75,0.8854,0.0,0.5055,0.9091
K01669,C0040,0.75,0.6862,0.0,0.8346,0.9116
K01669,C0060,1.0,0.6895,0.0,0.4607,0.7493
K01518,C0044,1.0,0.1372,0.0,0.8731,0.9323
K01518,C0007,1.0,0.6328,0.0,0.9458,0.7335
K01518,C0114,1.0,0.2468,0.0,0.8348,0.8805
K01849,C0098,1.0,0.6656,0.0,0.7936,0.9827
K01849,C0067,1.0,0.5637,0.0,0.6842,0.8903
K01849,C0029,1.0,0.2661,0.0,0.7077,0.9332
K01803,C0114,0.5,0.1733,0.0,0.8111,0.8718
K01803,C0084,0.5,0.3213,0.0,0.6976,0.9178
K01803,C0033,0.5,0.0485,0.0,0.6297,0.9731
K01558,C0052,1.0,0.5104,0.0,0.6479,0.9903
K01558,C0022,1.0,0.5947,0.0,0.7772,0.9054
K01558,C0060,1.0,0.5958,0.0,0.5052,0.7959
K02378,C0007,1.0,0.6328,0.0,0.6298,0.956
K02378,C0002,1.0,0.622,0.0,0.5206,0.8973
K02378,C0063,1.0,0.5504,0.0,0.7919,0.8903
K01701,C0116,1.0,0.4339,0.0,0.5587,0.861
K01701,C0113,0.5,0.646,0.0,0.7754,0.9486
K01701,C0043,0.5,0.2631,0.0,0.8617,0.9373
K02160,C0061,1.0,0.6086,0.0,0.747,0.6358
K02160,C0060,1.0,0.2255,0.0,0.5943,0.9415
K02160,C0106,0.75,0.3847,0.0,0.6521,0.9149
K02356,C0095,1.0,0.7331,0.0,0.7228,0.9723
K02356,C0058,0.75,0.8374,0.0,0.492,0.9674
K02356,C0027,0.75,0.3074,0.0,0.6283,0.9583
K01656,C0002,1.0,0.622,0.0,0.5961,0.9687
K01656,C0056,1.0,0.567,0.0,0.726,0.9596
K01656,C0033,1.0,0.2507,0.0,0.7141,0.9712
K02021,C0088,0.75,0.5845,1.0,0.7605,0.9181
K02021,C0071,0.75,0.4341,1.0,0.7059,0.9106
K02021,C0101,1.0,0.6266,0.0,0.6213,0.9424
K01683,C0094,0.875,0.2578,0.0,0.6177,0.8936
K01683,C0082,0.875,0.5546,0.0,0.6256,0.9702
K01683,C0101,0.875,0.719,0.0,0.6168,0.8897
K01794,C0022,1.0,0.1952,0.0,0.9318,0.8986
K01794,C0041,0.75,0.2803,0.0,0.7841,0.8516
K01794,C0054,1.0,0.2,0.0,0.689,0.8888
K02445,C0032,0.75,0.7354,0.0,0.7686,0.9207
K02445,C0095,0.75,0.743,0.0,0.886,0.9605
K02445,C0007,1.0,0.5627,0.0,0.7485,0.7976
K01975,C0071,0.875,0.2298,0.0,0.8031,0.9354
K01975,C0024,1.0,0.7644,0.0,0.6588,0.9095
K01975,C0088,0.875,0.5919,0.0,0.5817,0.9673
K01883,C0088,0.8333,0.5919,1.0,0.7852,0.9332
K01883,C0101,0.8333,0.5686,0.0,0.6741,0.9029
K01883,C0001,1.0,0.7166,0.0,0.7256,0.9639
K02259,C0002,1.0,0.622,1.0,0.7158,0.93
K02259,C0013,1.0,0.8026,0.0,0.9165,0.948
K02259,C0077,1.0,0.5911,0.0,0.648,0.8856
K01720,C0087,0.8333,0.5538,0.0,0.5673,0.8476
K01720,C0099,0.8333,0.4377,0.0,0.7093,0.9658
K01720,C0017,0.8333,0.3955,0.0,0.7761,0.7983
K01702,C0054,0.8333,0.5085,0.0,0.8001,0.8973
K01702,C0047,0.8333,0.5552,0.0,0.6724,0.9273
K01702,C0058,0.8333,0.8854,0.0,0.6827,0.9704
K02252,C0060,0.75,0.5958,1.0,0.7523,0.9109
K02252,C0040,0.75,0.6094,0.0,0.7653,0.802
K02252,C0025,0.75,0.3868,0.0,0.651,0.9506
K01704,C0027,1.0,0.2245,0.0,0.7684,0.9579
K01704,C0057,0.5,0.138,0.0,0.6483,0.8832
K01704,C0117,0.5,0.1138,0.0,0.5861,0.8809
K02008,C0114,0.8333,0.1733,0.0,0.8657,0.8313
K02008,C0084,0.8333,0.3213,0.0,0.8231,0.8874
K02008,C0033,0.8333,0.0485,1.0,0.6972,0.9657
K01707,C0050,1.0,0.2738,0.0,0.9019,0.8801
K01707,C0052,0.75,0.1835,0.0,0.8632,0.9702
K01707,C0032,0.25,0.7354,1.0,0.8606,0.9366
K02381,C0032,0.8333,0.7354,0.0,0.6312,0.9301
K02381,C0001,0.8333,0.6869,0.0,0.7717,0.8458
K02381,C0095,0.8333,0.743,0.0,0.7798,0.8506
K02068,C0061,1.0,0.5596,0.0,0.7839,0.9678
K02068,C0062,0.625,0.5727,0.0,0.9212,0.9792
K02068,C0052,0.875,0.4897,0.0,0.8445,0.9746
K01721,C0033,0.3333,0.1369,1.0,0.6617,0.9361
K01721,C0063,0.3333,0.3029,0.0,0.7475,0.9375
K01721,C0007,1.0,0.2054,1.0,0.6025,0.9682
K01910,C0112,0.6667,0.39,0.0,0.7314,0.9075
K01910,C0045,0.6667,0.7126,0.0,0.8454,0.9532
K01910,C0033,0.3333,0.2507,0.0,0.6464,0.9337
K02361,C0032,0.8333,0.7354,0.0,0.7099,0.8919
K02361,C0095,0.8333,0.743,0.0,0.8705,0.8981
K02361,C0001,0.8333,0.6869,0.0,0.7235,0.8536
K01885,C0050,1.0,0.2738,0.0,0.8513,0.7401
K01885,C0010,0.3333,0.4837,0.0,0.861,0.9547
K01885,C0004,0.6667,0.2368,0.0,0.8575,0.9469
K01517,C0041,0.5,0.8371,0.0,0.7545,0.9377
K01517,C0049,0.5,0.642,0.0,0.8221,0.962
K01517,C0032,0.25,0.2201,0.0,0.6107,0.8723
K02398,C0007,1.0,0.6102,0.0,0.5058,0.884
K02398,C0044,1.0,0.2533,1.0,0.67,0.863
K02398,C0114,1.0,0.3236,1.0,0.6638,0.9266
K02067,C0101,1.0,0.5686,0.0,0.6664,0.8929
K02067,C0006,1.0,0.6445,1.0,0.7922,0.7561
K02067,C0088,1.0,0.5919,1.0,0.6833,0.6814
K01823,C0033,1.0,0.2507,0.0,0.7888,0.9808
K01823,C0056,1.0,0.567,0.0,0.6696,0.9803
K01823,C0002,1.0,0.622,0.0,0.6643,0.9346
K01990,C0018,0.5,0.3264,0.0,0.5278,0.9672
K01990,C0040,0.5,0.6094,0.0,0.8583,0.9827
K01990,C0063,0.5,0.5314,0.0,0.7704,0.9266
K01859,C0052,1.0,0.4897,0.0,0.9087,0.9677
K01859,C0062,1.0,0.5727,0.0,0.6867,0.9528
K01859,C0022,1.0,0.5559,0.0,0.8686,0.9274
K02157,C0032,0.875,0.6018,0.0,0.7446,0.9535
K02157,C0027,0.75,0.3074,0.0,0.7241,0.9803
K02157,C0053,0.75,0.6641,0.0,0.6474,0.9583
K02133,C0080,1.0,0.6273,0.0,0.7548,0.9641
K02133,C0099,1.0,0.4657,0.0,0.788,0.9342
K02133,C0083,1.0,0.3713,1.0,0.8109,0.9348
K02173,C0021,0.5,0.4724,0.0,0.951,0.9802
K02173,C0052,0.6667,0.5104,0.0,0.7049,0.9835
K02173,C0032,0.8333,0.6018,0.0,0.6517,0.9562
K02285,C0120,1.0,0.2787,0.0,0.7573,0.8528
K02285,C0056,1.0,0.567,0.0,0.4321,0.9182
K02285,C0033,1.0,0.2507,0.0,0.7224,0.8722
K01537,C0101,1.0,0.6266,0.0,0.7943,0.9492
K01537,C0063,1.0,0.5314,0.0,0.9767,0.9037
K01537,C0094,1.0,0.3064,0.0,0.7405,0.8044
K01782,C0054,1.0,0.4997,0.0,0.5847,0.9413
K01782,C0022,1.0,0.6116,0.0,0.6138,0.9758
K01782,C0024,0.6667,0.1559,1.0,0.5777,0.8821
K01958,C0103,1.0,0.8055,1.0,0.6791,0.9861
K01958,C0007,1.0,0.5627,1.0,0.6076,0.8427
K01958,C0110,0.6667,0.7183,0.0,0.7837,0.9674
K02236,C0040,0.6667,0.6094,0.0,0.7247,0.8731
K02236,C0060,0.6667,0.5958,0.0,0.793,0.7945
K02236,C0058,0.6667,0.8374,0.0,0.8133,0.8071
K02212,C0040,1.0,0.6862,0.0,0.4815,0.8941
K02212,C0058,1.0,0.8854,0.0,0.6707,0.9081
K02212,C0060,1.0,0.6895,0.0,0.7846,0.7903
K02359,C0032,0.75,0.7354,0.0,0.6465,0.9622
K02359,C0070,0.75,0.4244,0.0,0.6312,0.861
K02359,C0110,0.75,0.7183,0.0,0.754,0.866
K01930,C0032,0.75,0.7354,0.0,0.8157,0.9285
K01930,C0110,0.75,0.7183,0.0,0.8425,0.8343
K01930,C0070,0.75,0.4244,0.0,0.6832,0.8213
K01667,C0033,0.3333,0.2507,0.0,0.6476,0.9655
K01667,C0041,0.6667,0.344,0.0,0.564,0.9106
K01667,C0103,0.3333,0.7432,0.0,0.7178,0.9297
K01765,C0084,0.8333,0.3213,0.0,0.6848,0.9612
K01765,C0114,0.8333,0.1733,0.0,0.6833,0.9617
K01765,C0119,0.8333,0.4453,0.0,0.5796,0.9723
K02112,C0032,0.1667,0.2389,0.0,0.659,0.9658
K02112,C0119,0.6667,0.4453,0.0,0.5493,0.9902
K02112,C0110,0.0,0.3276,0.0,0.8138,0.9184
K02048,C0023,0.75,0.0843,0.0,0.4384,0.8997
K02048,C0087,0.75,0.3218,0.0,0.7383,0.8927
K02048,C0048,0.25,0.4966,0.0,0.667,0.8982
K02319,C0060,1.0,0.5578,0.0,0.5591,0.9703
K02319,C0034,1.0,0.6993,0.0,0.8921,0.9114
K02319,C0106,1.0,0.813,0.0,0.6169,0.9815
K01722,C0033,1.0,0.2507,0.0,0.6236,0.9666
K01722,C0056,1.0,0.567,0.0,0.5599,0.9364
K01722,C0120,1.0,0.2787,0.0,0.7558,0.8838
K01921,C0072,1.0,0.5483,0.0,0.8098,0.9257
K01921,C0054,1.0,0.4997,0.0,0.9345,0.8734
K01921,C0022,1.0,0.6116,1.0,0.6507,0.7839
K01546,C0023,0.75,0.0843,1.0,0.5993,0.9211
K01546,C0099,0.75,0.2326,1.0,0.7547,0.9199
K01546,C0032,0.25,0.7354,0.0,0.6455,0.9646
K02172,C0098,0.8333,0.751,0.0,0.5759,0.9264
K02172,C0119,0.8333,0.4456,0.0,0.9445,0.9325
K02172,C0025,0.8333,0.6046,0.0,0.4134,0.9383
K02256,C0033,1.0,0.2507,0.0,0.7352,0.9757
K02256,C0063,1.0,0.5504,0.0,0.8209,0.9056
K02256,C0056,1.0,0.567,1.0,0.58,0.9091
K01506,C0117,1.0,0.4618,0.0,0.6995,0.9781
K01506,C0057,1.0,0.3903,0.0,0.7285,0.9599
K01506,C0029,1.0,0.5823,0.0,0.7809,0.9742
K01749,C0024,1.0,0.7644,0.0,0.7931,0.9485
K01749,C0097,0.875,0.6437,0.0,0.7868,0.9041
K01749,C0061,1.0,0.6086,0.0,0.7185,0.9778
K02203,C0102,0.75,0.7671,0.0,0.8555,0.9758
K02203,C0053,0.75,0.6641,0.0,0.6829,0.9757
K02203,C0052,1.0,0.5104,0.0,0.821,0.955
K02255,C0062,1.0,0.5727,0.0,0.88,0.8348
K02255,C0034,1.0,0.6993,0.0,0.8292,0.8473
K02255,C0072,1.0,0.4356,0.0,0.8329,0.7245
K01740,C0101,0.8333,0.5686,0.0,0.8339,0.9782
K01740,C0006,0.8333,0.6445,0.0,0.7644,0.9764
K01740,C0001,1.0,0.7166,0.0,0.8351,0.9779
K02317,C0011,0.75,0.5341,0.0,0.7637,0.9574
K02317,C0027,0.75,0.3074,1.0,0.9682,0.9355
K02317,C0022,0.875,0.5947,0.0,0.8417,0.8694
K01778,C0107,0.875,0.4681,0.0,0.7076,0.9039
K01778,C0006,0.875,0.6843,1.0,0.6136,0.9735
K01778,C0084,0.875,0.3056,0.0,0.6659,0.9582
K01750,C0052,0.75,0.5104,0.0,0.7173,0.9147
K01750,C0032,0.75,0.6018,0.0,0.592,0.9269
K01750,C0102,0.5,0.7671,0.0,0.7722,0.8981
K02110,C0106,1.0,0.813,0.0,0.747,0.9446
K02110,C0008,1.0,0.5669,0.0,0.7227,0.8944
K02110,C0094,1.0,0.3683,0.0,0.5813,0.9547
K01553,C0107,1.0,0.513,0.0,0.8205,0.939
K01553,C0094,1.0,0.2578,0.0,0.861,0.8758
K01553,C0084,1.0,0.4192,0.0,0.7012,0.8838
K01775,C0027,0.8333,0.3074,1.0,0.7923,0.9723
K01775,C0011,0.8333,0.5341,0.0,0.8124,0.9397
K01775,C0104,0.8333,0.5871,0.0,0.5503,0.9961
K01659,C0043,1.0,0.5586,1.0,0.8727,0.9698
K01659,C0016,1.0,0.6363,0.0,0.8466,0.9483
K01659,C0083,1.0,0.3713,0.0,0.6588,0.9594
K01924,C0075,0.75,0.2834,0.0,0.8063,0.9912
K01924,C0023,0.75,0.158,1.0,0.7284,0.9252
K01924,C0086,0.75,0.215,0.0,0.7973,0.8815
K02061,C0061,1.0,0.6086,0.0,0.9504,0.8165
K02061,C0052,0.875,0.2114,0.0,0.8997,0.9324
K02061,C0030,0.5,0.2705,0.0,0.7161,0.925
K01789,C0109,0.8333,0.418,0.0,0.7083,0.9644
K01789,C0087,0.8333,0.5538,0.0,0.8169,0.9488
K01789,C0075,0.8333,0.8681,0.0,0.8202,0.9467
K01595,C0018,0.5,0.3264,0.0,0.6952,0.9438
K01595,C0040,0.5,0.6094,0.0,0.8251,0.97
K01595,C0101,0.5,0.6266,1.0,0.5364,0.9422
K01922,C0097,1.0,0.6437,1.0,0.6357,0.9332
K01922,C0101,1.0,0.5686,0.0,0.6258,0.9747
K01922,C0054,1.0,0.5377,0.0,0.9131,0.9127
K02253,C0056,1.0,0.567,1.0,0.7319,0.8791
K02253,C0033,1.0,0.2507,0.0,0.8358,0.93
K02253,C0107,1.0,0.513,1.0,0.8312,0.8918
K02409,C0007,1.0,0.5627,1.0,0.7615,0.9098
K02409,C0103,1.0,0.8055,1.0,0.7879,0.8876
K02409,C0033,0.5,0.1581,1.0,0.8828,0.9925
K01577,C0006,0.75,0.6445,0.0,0.8491,0.9538
K01577,C0101,0.75,0.5686,0.0,0.6917,0.918
K01577,C0069,0.75,0.2926,0.0,0.8522,0.9511
K02404,C0032,0.6667,0.6018,0.0,0.6699,0.9899
K02404,C0095,0.6667,0.7331,0.0,0.9002,0.9245
K02404,C0001,0.6667,0.6209,0.0,0.638,0.9522
K01520,C0084,0.8333,0.3213,0.0,0.7635,0.7934
K01520,C0040,0.8333,0.6862,0.0,0.7031,0.8607
K01520,C0060,0.8333,0.6895,0.0,0.6522,0.6056
K02367,C0072,1.0,0.4356,0.0,0.6472,0.8935
K02367,C0034,1.0,0.6993,0.0,0.8763,0.8875
K02367,C0062,1.0,0.5727,0.0,0.6968,0.9074
K01875,C0062,1.0,0.5796,0.0,0.8739,0.9867
K01875,C0034,1.0,0.8531,0.0,0.7046,0.8661
K01875,C0072,1.0,0.4228,0.0,0.7124,0.8557
K01514,C0047,0.875,0.5552,0.0,0.3948,0.8175
K01514,C0054,0.875,0.5085,0.0,0.8177,0.7855
K01514,C0060,1.0,0.6895,0.0,0.7827,0.9378
K01808,C0107,0.75,0.4681,0.0,0.7146,0.9837
K01808,C0053,0.75,0.6641,0.0,0.7511,0.958
K01808,C0094,0.75,0.3064,0.0,0.8065,0.9498
K01784,C0027,1.0,0.3074,0.0,0.7898,0.7483
K01784,C0090,1.0,0.4987,0.0,0.9342,0.6613
K01784,C0009,1.0,0.761,0.0,0.8807,0.6038
K01891,C0027,1.0,0.3074,0.0,0.6925,0.8509
K01891,C0032,1.0,0.6018,0.0,0.663,0.8216
K01891,C0053,1.0,0.6641,0.0,0.5294,0.7659
K01675,C0060,1.0,0.6895,0.0,0.818,0.9841
K01675,C0004,1.0,0.5342,0.0,0.8668,0.8948
K01675,C0098,1.0,0.7077,0.0,0.7555,0.9273
K02293,C0084,0.6667,0.3213,0.0,0.8286,0.9423
K02293,C0058,0.6667,0.8854,0.0,0.6429,0.8777
K02293,C0060,0.6667,0.6895,0.0,0.7277,0.7333
K01962,C0094,1.0,0.2578,0.0,0.8611,0.8948
K01962,C0074,1.0,0.3355,0.0,0.7339,0.671
K01962,C0039,1.0,0.2408,0.0,0.4473,0.6947
K02019,C0019,1.0,0.5798,1.0,0.5696,0.9576
K02019,C0043,0.0,0.2108,1.0,0.5562,0.927
K02019,C0005,1.0,0.2341,0.0,0.6622,0.967
K01845,C0022,1.0,0.5947,0.0,0.9572,0.9008
K01845,C0052,1.0,0.5104,0.0,0.8627,0.9338
K01845,C0060,1.0,0.5958,0.0,0.72,0.7076
K01662,C0098,0.5,0.6656,0.0,0.7585,0.821
K01662,C0060,0.5,0.5578,0.0,0.8524,0.7118
K01662,C0004,0.5,0.4518,0.0,0.8849,0.6373
K02117,C0004,0.8333,0.5342,0.0,0.8888,0.8039
K02117,C0098,0.8333,0.7077,0.0,0.8603,0.9254
K02117,C0060,1.0,0.6895,0.0,0.7474,0.7357
K01625,C0018,0.8333,0.3264,0.0,0.8449,0.9899
K01625,C0113,0.8333,0.646,0.0,0.7638,0.9384
K01625,C0032,1.0,0.6018,0.0,0.816,0.9224
K01623,C0004,0.75,0.5342,0.0,0.7684,0.8869
K01623,C0060,0.75,0.6895,0.0,0.5165,0.8545
K01623,C0098,0.75,0.7077,0.0,0.9056,0.9504
K02226,C0007,1.0,0.5627,0.0,0.6579,0.9051
K02226,C0103,1.0,0.8055,0.0,0.6924,0.9147
K02226,C0110,0.0,0.7183,0.0,0.7069,0.9428
K02238,C0033,1.0,0.2507,0.0,0.8392,0.8883
K02238,C0120,1.0,0.2787,0.0,0.6142,0.8757
K02238,C0082,1.0,0.5546,0.0,0.8077,0.9663
K02096,C0001,1.0,0.6869,0.0,0.7902,0.8454
K02096,C0110,0.5,0.7183,0.0,0.7965,0.8968
K02096,C0010,0.5,0.4837,0.0,0.8696,0.9024
K01681,C0006,1.0,0.6445,1.0,0.7123,0.8165
K01681,C0101,1.0,0.5686,1.0,0.7746,0.6893
K01681,C0097,0.5,0.6437,0.0,0.7857,0.8212
K01872,C0106,1.0,0.813,0.0,0.7801,0.9863
K01872,C0060,1.0,0.5578,0.0,0.5666,0.9167
K01872,C0004,1.0,0.4518,0.0,0.7282,0.8864
K01572,C0007,1.0,0.6328,0.0,0.6888,0.9262
K01572,C0044,1.0,0.1372,0.0,0.853,0.9457
K01572,C0114,1.0,0.2468,0.0,0.8468,0.911
K01715,C0004,0.75,0.4518,1.0,0.8307,0.8566
K01715,C0060,1.0,0.5578,1.0,0.5679,0.7932
K01715,C0068,0.75,0.6102,0.0,0.7067,0.7633
K01716,C0101,0.75,0.6266,0.0,0.7947,0.9618
K01716,C0107,0.75,0.4681,0.0,0.8451,0.8321
K01716,C0073,0.75,0.4377,0.0,0.8465,0.8497
K01769,C0054,1.0,0.1971,0.0,0.7858,0.9147
K01769,C0079,0.0,0.7034,1.0,0.8682,0.8444
K01769,C0041,1.0,0.3239,0.0,0.8309,0.8515
K01735,C0120,1.0,0.2787,0.0,0.8743,0.8178
K01735,C0085,1.0,0.7735,1.0,0.8269,0.7853
K01735,C0013,1.0,0.8026,0.0,0.6871,0.8823
K01699,C0109,0.3333,0.0837,0.0,0.7879,0.9287
K01699,C0004,0.5,0.2368,0.0,0.6693,0.9463
K01699,C0075,0.3333,0.3262,0.0,0.7315,0.92
K02156,C0005,0.8333,0.5118,0.0,0.7678,0.9042
K02156,C0087,0.8333,0.5538,1.0,0.5454,0.8832
K02156,C0060,1.0,0.6895,1.0,0.7287,0.8632
K02177,C0044,1.0,0.2533,0.0,0.9135,0.9056
K02177,C0119,1.0,0.4456,0.0,0.5578,0.8142
K02177,C0087,0.3333,0.2311,0.0,0.7319,0.9492
K02087,C0107,1.0,0.4681,0.0,0.7738,0.9624
K02087,C0084,1.0,0.3056,0.0,0.7993,0.9388
K02087,C0073,1.0,0.4377,0.0,0.8198,0.9151
K02380,C0098,0.75,0.751,0.0,0.7732,0.7208
K02380,C0119,0.5,0.4456,0.0,0.7546,0.7132
K02380,C0114,0.5,0.3236,0.0,0.8148,0.8613
K01688,C0114,0.75,0.1733,0.0,0.8811,0.9038
K01688,C0084,0.75,0.3213,0.0,0.6022,0.8269
K01688,C0086,0.25,0.569,1.0,0.7909,0.9744
K01785,C0087,0.5,0.5538,0.0,0.7684,0.9118
K01785,C0060,0.75,0.6895,0.0,0.6697,0.8518
K01785,C0017,0.5,0.3955,0.0,0.8249,0.9386
K02267,C0110,0.8333,0.6991,0.0,0.8604,0.8231
K02267,C0048,0.8333,0.5787,0.0,0.7665,0.7917
K02267,C0043,0.6667,0.5586,1.0,0.8008,0.9359
K02277,C0032,1.0,0.7354,1.0,0.6323,0.9005
K02277,C0010,1.0,0.4837,0.0,0.7475,0.8511
K02277,C0070,1.0,0.4244,0.0,0.6098,0.8473
K02315,C0101,0.75,0.6266,0.0,0.8109,0.8031
K02315,C0006,0.75,0.6843,1.0,0.7474,0.8015
K02315,C0001,1.0,0.6209,0.0,0.7111,0.8395
K01737,C0106,1.0,0.813,0.0,0.7334,0.9363
K01737,C0004,1.0,0.4518,0.0,0.8901,0.8698
K01737,C0068,1.0,0.6102,0.0,0.6994,0.8813
K02309,C0098,0.875,0.7077,0.0,0.5619,0.7767
K02309,C0119,0.875,0.4453,0.0,0.7069,0.8838
K02309,C0025,1.0,0.5468,0.0,0.7026,0.9104
K01982,C0001,1.0,0.7166,0.0,0.9206,0.9117
K01982,C0032,1.0,0.1594,0.0,0.8258,0.9026
K01982,C0070,0.5,0.1282,0.0,0.6933,0.9921
K01724,C0118,1.0,0.5744,0.0,0.6658,0.9641
K01724,C0044,1.0,0.1372,0.0,0.7096,0.9721
K01724,C0033,1.0,0.2507,0.0,0.612,0.8915
K01584,C0027,0.8333,0.3074,0.0,0.7312,0.9656
K01584,C0090,0.8333,0.4987,0.0,0.6951,0.8776
K01584,C0009,0.8333,0.761,0.0,0.6782,0.7942
K01866,C0027,0.8333,0.3074,0.0,0.7973,0.9678
K01866,C0118,0.8333,0.648,0.0,0.8416,0.9301
K01866,C0011,0.8333,0.5341,0.0,0.6085,0.9686
K01614,C0022,1.0,0.5947,0.0,0.7452,0.9359
K01614,C0003,0.75,0.4903,0.0,0.7108,0.8988
K01614,C0018,0.75,0.3264,0.0,0.8162,0.9294
K01713,C0061,1.0,0.5596,0.0,0.7273,0.9418
K01713,C0022,0.8333,0.5559,0.0,0.6237,0.9894
K01713,C0106,0.6667,0.813,0.0,0.6666,0.8587
K02216,C0116,1.0,0.3323,0.0,0.6501,0.7079
K02216,C0053,0.6667,0.3802,0.0,0.6027,0.9311
K02216,C0060,0.8333,0.2655,0.0,0.6524,0.9469
K02431,C0050,1.0,0.241,0.0,0.7971,0.8546
K02431,C0106,0.5,0.813,1.0,0.7818,0.9776
K02431,C0060,0.5,0.5578,1.0,0.8097,0.9584
K02055,C0043,1.0,0.5586,0.0,0.6695,0.9711
K02055,C0087,1.0,0.6218,0.0,0.8342,0.9431
K02055,C0016,1.0,0.6363,0.0,0.5841,0.902
K02411,C0022,1.0,0.6116,0.0,0.8377,0.7584
K02411,C0072,1.0,0.5483,0.0,0.5585,0.9026
K02411,C0054,1.0,0.4997,0.0,0.5566,0.8811
K01830,C0004,0.25,0.2368,1.0,0.6917,0.9903
K01830,C0086,0.25,0.2229,0.0,0.8288,0.9827
K01830,C0109,0.25,0.0837,0.0,0.6746,0.9096
K02194,C0111,1.0,0.652,0.0,0.8502,0.7581
K02194,C0102,0.8333,0.7671,0.0,0.7987,0.9337
K02194,C0032,1.0,0.6018,0.0,0.826,0.971
K02291,C0059,0.5,0.3134,0.0,0.5517,0.9332
K02291,C0013,0.5,0.2229,1.0,0.6591,0.9799
K02291,C0033,0.5,0.0548,0.0,0.6709,0.9075
K01929,C0023,0.625,0.1871,1.0,0.7855,0.9021
K01929,C0075,0.625,0.2111,0.0,0.6338,0.8458
K01929,C0054,0.625,0.2,0.0,0.7995,0.9121
K01684,C0022,1.0,0.5947,0.0,0.643,0.6861
K01684,C0053,0.1667,0.6641,0.0,0.8646,0.9694
K01684,C0102,0.1667,0.7671,0.0,0.8535,0.9713
K01619,C0087,0.5,0.5538,0.0,0.6489,0.8796
K01619,C0004,0.6667,0.5342,0.0,0.8601,0.8865
K01619,C0109,0.5,0.418,0.0,0.8285,0.82
K02308,C0016,1.0,0.6363,0.0,0.7962,0.9615
K02308,C0043,1.0,0.5586,0.0,0.8225,0.8859
K02308,C0099,1.0,0.4657,0.0,0.8275,0.9653
K02101,C0047,0.75,0.5118,0.0,0.4094,0.991
K02101,C0101,0.75,0.5686,0.0,0.6738,0.8911
K02101,C0054,0.75,0.5377,0.0,0.8217,0.9732
K02444,C0098,0.8333,0.751,0.0,0.5735,0.9315
K02444,C0119,0.8333,0.4456,0.0,0.7439,0.8967
K02444,C0114,0.8333,0.3236,0.0,0.833,0.8789
K02442,C0029,1.0,0.5823,0.0,0.5298,0.8443
K02442,C0051,1.0,0.6798,0.0,0.668,0.7025
K02442,C0117,1.0,0.4618,0.0,0.7124,0.7267
K02288,C0060,1.0,0.5958,0.0,0.6261,0.8831
K02288,C0022,1.0,0.5947,0.0,0.7495,0.8385
K02288,C0052,1.0,0.5104,0.0,0.7688,0.9747
K01858,C0109,0.8333,0.418,0.0,0.7945,0.9331
K01858,C0087,0.8333,0.5538,0.0,0.7738,0.9015
K01858,C0115,0.8333,0.8356,0.0,0.891,0.9085
K01660,C0053,0.6667,0.6641,0.0,0.7295,0.9261
K01660,C0032,0.8333,0.6018,0.0,0.8137,0.9697
K01660,C0011,0.6667,0.5341,0.0,0.8467,0.8963
K01957,C0060,1.0,0.2251,0.0,0.6464,0.9585
K01957,C0102,0.875,0.2827,0.0,0.8137,0.9483
K01957,C0032,0.875,0.308,0.0,0.5559,0.9554
K01787,C0087,0.5,0.5538,0.0,0.8917,0.9605
K01787,C0075,0.5,0.8681,0.0,0.8826,0.9342
K01787,C0109,0.5,0.418,0.0,0.7078,0.9621
K02385,C0033,1.0,0.2507,0.0,0.7017,0.9579
K02385,C0002,1.0,0.622,0.0,0.6834,0.9843
K02385,C0101,1.0,0.719,0.0,0.8066,0.9555
K02211,C0061,0.75,0.5596,0.0,0.8288,0.8988
K02211,C0022,0.5,0.5559,0.0,0.6625,0.9033
K02211,C0106,0.5,0.813,1.0,0.7591,0.9513
K02010,C0101,0.75,0.6266,0.0,0.7642,0.9558
K02010,C0009,0.75,0.761,0.0,0.8765,0.9497
K02010,C0018,0.75,0.3264,0.0,0.6846,0.9259
K01624,C0007,1.0,0.5627,0.0,0.777,0.7167
K01624,C0103,1.0,0.8055,0.0,0.7764,0.9317
K01624,C0033,0.5,0.1581,0.0,0.8179,0.9172
K01689,C0027,0.75,0.3074,0.0,0.6493,0.9271
K01689,C0011,0.75,0.5341,0.0,0.8306,0.8857
K01689,C0003,0.75,0.4903,0.0,0.6884,0.8381
K01695,C0084,0.75,0.3213,0.0,0.6204,0.9659
K01695,C0114,0.75,0.1733,0.0,0.8971,0.8792
K01695,C0023,0.25,0.2448,0.0,0.8301,0.9812
K01783,C0022,0.8333,0.5947,0.0,0.722,0.8885
K01783,C0060,0.8333,0.5958,1.0,0.6122,0.8729
K01783,C0052,0.8333,0.5104,0.0,0.6906,0.982
K01764,C0118,1.0,0.5744,0.0,0.753,0.9423
K01764,C0033,1.0,0.2507,0.0,0.8021,0.9442
K01764,C0059,1.0,0.6274,0.0,0.6161,0.836
K01826,C0054,0.8333,0.5085,0.0,0.8688,0.9684
K01826,C0047,0.8333,0.5552,0.0,0.4341,0.9174
K01826,C0115,0.8333,0.8356,0.0,0.7796,0.9681
K02113,C0074,1.0,0.3355,0.0,0.7335,0.9658
K02113,C0094,1.0,0.2578,0.0,0.6398,0.8991
K02113,C0039,1.0,0.2408,0.0,0.7434,0.8887
K02394,C0108,0.75,0.3852,0.0,0.7835,0.8083
K02394,C0110,0.75,0.6702,0.0,0.9058,0.7223
K02394,C0115,0.75,0.2518,0.0,0.9568,0.9827
K02357,C0114,1.0,0.2468,0.0,0.7429,0.942
K02357,C0084,1.0,0.4192,0.0,0.9588,0.8521
K02357,C0033,1.0,0.2507,0.0,0.5615,0.9634
K01527,C0101,1.0,0.6266,0.0,0.7429,0.9779
K01527,C0018,0.75,0.3264,0.0,0.7792,0.9181
K01527,C0006,1.0,0.6843,0.0,0.627,0.974
K01904,C0069,1.0,0.3378,0.0,0.8809,0.9231
K01904,C0033,0.0,0.0714,0.0,0.6853,0.9461
K01904,C0118,1.0,0.2307,0.0,0.7813,0.9256
K02042,C0054,0.8333,0.4997,0.0,0.8241,0.7218
K02042,C0097,0.5,0.228,0.0,0.7184,0.8174
K02042,C0072,0.5,0.5483,0.0,0.5764,0.9008
K02047,C0108,0.75,0.3852,0.0,0.5686,0.9238
K02047,C0110,0.75,0.6702,0.0,0.7041,0.8774
K02047,C0010,0.75,0.5897,0.0,0.6956,0.7389
K02050,C0067,1.0,0.5637,0.0,0.8835,0.8181
K02050,C0098,1.0,0.6656,0.0,0.8236,0.7971
K02050,C0035,0.5,0.7568,0.0,0.6177,0.9748
K02015,C0118,0.8333,0.648,0.0,0.7063,0.9678
K02015,C0027,0.8333,0.3074,0.0,0.9615,0.9463
K02015,C0018,0.8333,0.3264,0.0,0.6678,0.9519
K02421,C0044,1.0,0.1372,0.0,0.8377,0.903
K02421,C0114,1.0,0.2468,0.0,0.832,0.9201
K02421,C0007,1.0,0.6328,0.0,0.674,0.6257
K01513,C0101,0.6667,0.6266,0.0,0.6413,0.9918
K01513,C0006,0.6667,0.6843,0.0,0.7972,0.9355
K01513,C0032,1.0,0.6018,0.0,0.5968,0.9084
K02119,C0086,0.6667,0.569,0.0,0.7325,0.8906
K02119,C0054,0.6667,0.5085,0.0,0.5895,0.9477
K02119,C0075,0.6667,0.8681,0.0,0.6001,0.8705
K02369,C0067,1.0,0.5524,0.0,0.8808,0.9612
K02369,C0098,1.0,0.751,0.0,0.794,0.9437
K02369,C0029,0.3333,0.5823,0.0,0.6891,0.9827
K02354,C0087,0.75,0.6218,1.0,0.7028,0.9321
K02354,C0119,0.75,0.4171,0.0,0.956,0.9874
K02354,C0066,0.75,0.4566,0.0,0.5816,0.8404
K02237,C0087,1.0,0.6218,0.0,0.7382,0.9462
K02237,C0002,1.0,0.6233,0.0,0.6889,0.964
K02237,C0043,1.0,0.5586,0.0,0.8525,0.8563
K02275,C0062,1.0,0.5727,0.0,0.7126,0.9216
K02275,C0034,1.0,0.6993,0.0,0.7899,0.8384
K02275,C0072,1.0,0.4356,0.0,0.6629,0.7947
K02351,C0098,1.0,0.6656,0.0,0.6623,0.7872
K02351,C0067,1.0,0.5637,0.0,0.8054,0.8219
K02351,C0060,0.75,0.5578,0.0,0.7986,0.961
K01877,C0039,1.0,0.2504,0.0,0.7345,0.9447
K01877,C0074,1.0,0.3019,0.0,0.8547,0.8733
K01877,C0094,1.0,0.3683,0.0,0.761,0.8376
K01508,C0057,1.0,0.3903,0.0,0.7968,0.9619
K01508,C0027,1.0,0.3254,1.0,0.7479,0.9269
K01508,C0055,1.0,0.5709,0.0,0.8353,0.9685
K01822,C0016,1.0,0.6363,0.0,0.825,0.9343
K01822,C0043,1.0,0.5586,0.0,0.8111,0.9405
K01822,C0044,1.0,0.163,0.0,0.7844,0.9869
K02022,C0060,0.8333,0.5958,0.0,0.6209,0.9695
K02022,C0009,0.8333,0.761,0.0,0.498,0.9066
K02022,C0101,0.8333,0.6266,0.0,0.6439,0.9428
K01945,C0087,1.0,0.6218,0.0,0.6662,0.9429
K01945,C0043,1.0,0.5586,0.0,0.7782,0.9503
K01945,C0080,1.0,0.6273,0.0,0.7698,0.8937
K02300,C0034,1.0,0.6993,0.0,0.648,0.7955
K02300,C0062,1.0,0.5727,0.0,0.7955,0.8006
K02300,C0072,1.0,0.4356,0.0,0.6518,0.7319
K01571,C0106,1.0,0.813,0.0,0.8455,0.8861
K01571,C0030,1.0,0.6724,1.0,0.8045,0.8692
K01571,C0068,1.0,0.6102,0.0,0.7957,0.9603
K01521,C0054,0.8333,0.5377,0.0,0.8445,0.83
K01521,C0047,0.8333,0.5118,0.0,0.5584,0.7991
K01521,C0087,0.8333,0.2753,0.0,0.7995,0.9914
K01915,C0001,0.875,0.6869,0.0,0.7623,0.8607
K01915,C0097,0.625,0.2269,0.0,0.8315,0.8273
K01915,C0110,0.25,0.7183,0.0,0.861,0.9622
K02223,C0060,1.0,0.5958,0.0,0.5985,0.9114
K02223,C0058,0.75,0.8374,1.0,0.7494,0.8728
K02223,C0084,0.75,0.3056,0.0,0.7803,0.8197
K02198,C0060,1.0,0.5578,0.0,0.8716,0.9118
K02198,C0004,1.0,0.4518,0.0,0.7312,0.899
K02198,C0030,1.0,0.6724,0.0,0.8568,0.8658
K01862,C0043,1.0,0.5586,0.0,0.7452,0.9471
K01862,C0080,1.0,0.6273,0.0,0.6769,0.9793
K01862,C0087,1.0,0.6218,0.0,0.6193,0.9133
K01814,C0059,0.5,0.6274,0.0,0.6615,0.9554
K01814,C0056,0.5,0.567,0.0,0.7276,0.9583
K01814,C0033,0.5,0.2507,0.0,0.9012,0.954
K01800,C0061,1.0,0.5596,0.0,0.7882,0.9871
K01800,C0022,1.0,0.5559,0.0,0.622,0.8774
K01800,C0089,1.0,0.9804,0.0,0.7468,0.8529
K02224,C0004,0.875,0.4518,1.0,0.757,0.968
K02224,C0060,0.875,0.5578,1.0,0.8194,0.9141
K02224,C0098,0.875,0.6656,0.0,0.5802,0.8676
K01903,C0086,0.6667,0.569,0.0,0.7961,0.9703
K01903,C0004,0.8333,0.5342,0.0,0.7587,0.9221
K01903,C0015,0.6667,0.581,0.0,0.7027,0.9834
K01729,C0087,0.75,0.6218,0.0,0.5517,0.9782
K01729,C0066,0.75,0.4566,0.0,0.7065,0.8694
K01729,C0099,0.75,0.4657,0.0,0.6938,0.8886
K01617,C0032,0.6667,0.7354,0.0,0.7259,0.9566
K01617,C0001,0.6667,0.6869,0.0,0.7395,0.9721
K01617,C0070,0.6667,0.4244,0.0,0.6392,0.9017
K01966,C0101,1.0,0.6266,1.0,0.7831,0.9443
K01966,C0118,1.0,0.648,0.0,0.7989,0.8329
K01966,C0107,1.0,0.4681,0.0,0.6908,0.9174
K02053,C0060,1.0,0.5578,0.0,0.6396,0.9525
K02053,C0004,1.0,0.4518,0.0,0.9023,0.9384
K02053,C0074,1.0,0.3019,0.0,0.8554,0.9628
K02007,C0087,0.25,0.5538,0.0,0.6408,0.9298
K02007,C0023,0.25,0.2448,0.0,0.6041,0.9497
K02007,C0075,0.25,0.8681,0.0,0.7778,0.9227
K01644,C0026,0.3333,0.1764,0.0,0.6015,0.8863
K01644,C0056,0.3333,0.2659,0.0,0.7408,0.916
K01644,C0120,0.3333,0.134,0.0,0.7106,0.8661
K02432,C0062,1.0,0.5727,0.0,0.8071,0.9835
K02432,C0034,1.0,0.6993,0.0,0.8192,0.8787
K02432,C0072,1.0,0.4356,0.0,0.7523,0.8412
K02232,C0098,1.0,0.6656,0.0,0.8304,0.8865
K02232,C0067,1.0,0.5637,0.0,0.721,0.7946
K02232,C0009,0.5,0.2791,0.0,0.6177,0.9638
K01664,C0033,1.0,0.2507,0.0,0.6096,0.8941
K01664,C0120,1.0,0.2787,0.0,0.7456,0.9338
K01664,C0074,1.0,0.3355,0.0,0.7452,0.7942
K02142,C0004,1.0,0.4518,0.0,0.8136,0.9143
K02142,C0022,1.0,0.5559,0.0,0.8233,0.931
K02142,C0061,1.0,0.5596,0.0,0.9281,0.9678
K01795,C0114,0.8333,0.1733,0.0,0.6852,0.9189
K01795,C0084,0.8333,0.3213,0.0,0.6127,0.9055
K01795,C0087,0.3333,0.5538,0.0,0.5893,0.9835
K02158,C0074,1.0,0.3019,0.0,0.7439,0.7658
K02158,C0039,1.0,0.2504,0.0,0.5644,0.8877
K02158,C0094,1.0,0.3683,0.0,0.7934,0.752
K01802,C0004,1.0,0.5342,0.0,0.7397,0.8782
K01802,C0098,1.0,0.7077,0.0,0.7649,0.9545
K01802,C0060,1.0,0.6895,0.0,0.5781,0.7382
K02205,C0114,1.0,0.2468,0.0,0.8419,0.8683
K02205,C0084,1.0,0.4192,0.0,0.6929,0.856
K02205,C0087,0.5,0.2872,1.0,0.7295,0.9553
K01868,C0114,0.6667,0.2468,0.0,0.7929,0.9602
K01868,C0084,0.6667,0.4192,0.0,0.4946,0.9707
K01868,C0075,0.3333,0.2885,0.0,0.5787,0.983
K01832,C0009,0.6667,0.6638,0.0,0.6293,0.9573
K01832,C0027,0.6667,0.3254,0.0,0.7505,0.9021
K01832,C0090,0.6667,0.556,0.0,0.6462,0.9934
K02154,C0088,0.75,0.5845,0.0,0.7002,0.8388
K02154,C0071,0.75,0.4341,0.0,0.8438,0.8115
K02154,C0006,0.875,0.6843,0.0,0.7476,0.5758
K01728,C0022,0.875,0.5947,0.0,0.9513,0.9046
K01728,C0060,0.875,0.5958,0.0,0.639,0.8076
K01728,C0052,0.875,0.5104,0.0,0.7787,0.9352
K01544,C0019,1.0,0.5798,0.0,0.6294,0.9133
K01544,C0102,1.0,0.3832,1.0,0.7121,0.9809
K01544,C0061,0.0,0.3232,0.0,0.8593,0.9123
K01543,C0002,1.0,0.6233,0.0,0.6517,0.979
K01543,C0044,1.0,0.163,0.0,0.7205,0.8909
K01543,C0043,1.0,0.5586,0.0,0.8897,0.9414
K01574,C0073,0.8333,0.4377,0.0,0.8679,0.9241
K01574,C0107,0.8333,0.4681,0.0,0.8542,0.966
K01574,C0118,0.8333,0.648,0.0,0.8278,0.8468
K01912,C0071,0.75,0.2298,0.0,0.7705,0.9524
K01912,C0001,0.75,0.7166,0.0,0.651,0.8188
K01912,C0006,1.0,0.6445,0.0,0.8307,0.8371
K02316,C0054,1.0,0.5377,0.0,0.8742,0.9131
K02316,C0047,1.0,0.5118,1.0,0.5014,0.8989
K02316,C0075,0.5,0.3126,0.0,0.6769,0.9363
K01603,C0019,1.0,0.5798,0.0,0.5575,0.8063
K01603,C0021,1.0,0.2063,0.0,0.7432,0.9343
K01603,C0022,1.0,0.1952,0.0,0.8131,0.9843
K01994,C0044,1.0,0.163,0.0,0.7162,0.9795
K01994,C0002,1.0,0.6233,0.0,0.6901,0.9021
K01994,C0081,1.0,0.6106,0.0,0.8514,0.8976
K01533,C0087,0.75,0.6218,0.0,0.6881,0.8605
K01533,C0099,0.75,0.4657,0.0,0.7777,0.9765
K01533,C0017,0.75,0.4955,0.0,0.8026,0.8764
K01955,C0098,1.0,0.751,0.0,0.9614,0.9631
K01955,C0030,1.0,0.1953,0.0,0.5912,0.9814
K01955,C0027,0.0,0.3254,0.0,0.7549,0.9586
K02360,C0043,1.0,0.5586,0.0,0.6366,0.9353
K02360,C0061,1.0,0.2529,0.0,0.7058,0.9482
K02360,C0079,1.0,0.2731,0.0,0.6679,0.9326
K01804,C0061,1.0,0.6086,0.0,0.7564,0.8863
K01804,C0097,0.5,0.6437,0.0,0.6801,0.9788
K01804,C0004,0.5,0.1828,1.0,0.7632,0.9153
K01847,C0070,0.5,0.1531,0.0,0.8173,0.9688
K01847,C0048,0.5,0.1676,0.0,0.7446,0.9639
K01847,C0032,1.0,0.2432,0.0,0.8091,0.8992
K01942,C0060,1.0,0.5578,0.0,0.5778,0.8348
K01942,C0050,1.0,0.241,0.0,0.8738,0.8707
K01942,C0022,1.0,0.5559,0.0,0.8842,0.7517
K01871,C0001,1.0,0.6209,0.0,0.7,0.9611
K01871,C0006,0.6667,0.6843,1.0,0.8126,0.9621
K01871,C0101,0.6667,0.6266,1.0,0.7998,0.8549
K02399,C0027,0.75,0.3074,0.0,0.7351,0.9648
K02399,C0009,0.75,0.761,0.0,0.6787,0.7987
K02399,C0090,0.75,0.4987,0.0,0.6956,0.8849
K01661,C0004,1.0,0.4518,0.0,0.8924,0.8103
K01661,C0068,1.0,0.6102,0.0,0.7387,0.9333
K01661,C0060,1.0,0.5578,0.0,0.8196,0.7436
K02209,C0032,0.75,0.6018,0.0,0.7704,0.9093
K02209,C0095,0.75,0.7331,0.0,0.8281,0.9703
K02209,C0001,0.75,0.6209,0.0,0.6604,0.8931
K02099,C0104,0.75,0.5871,0.0,0.7543,0.948
K02099,C0018,0.75,0.3264,0.0,0.8517,0.9373
K02099,C0021,0.75,0.4724,0.0,0.7657,0.9884
K01968,C0060,0.8333,0.5958,0.0,0.6775,0.9153
K01968,C0058,0.6667,0.8374,0.0,0.5927,0.9734
K01968,C0040,0.6667,0.6094,0.0,0.6129,0.5759
K02220,C0007,1.0,0.6102,0.0,0.6531,0.8937
K02220,C0044,1.0,0.2533,1.0,0.7435,0.7495
K02220,C0114,1.0,0.3236,1.0,0.8522,0.8829
K02065,C0073,1.0,0.4327,0.0,0.9339,0.968
K02065,C0118,1.0,0.5744,0.0,0.7691,0.8818
K02065,C0107,1.0,0.513,0.0,0.8462,0.9619
K01791,C0098,1.0,0.751,0.0,0.553,0.8417
K01791,C0051,0.6667,0.6798,1.0,0.5873,0.9099
K01791,C0029,0.6667,0.5823,0.0,0.5336,0.8871
K02376,C0007,1.0,0.5627,0.0,0.7099,0.9487
K02376,C0110,0.75,0.7183,0.0,0.9176,0.9166
K02376,C0010,0.75,0.4837,0.0,0.8985,0.8717
K01979,C0073,1.0,0.4327,0.0,0.7587,0.924
K01979,C0118,1.0,0.5744,0.0,0.8598,0.8588
K01979,C0082,1.0,0.5546,0.0,0.8352,0.9277
K02060,C0011,0.75,0.5341,0.0,0.7823,0.9002
K02060,C0027,0.75,0.3074,0.0,0.6009,0.9497
K02060,C0022,0.875,0.5947,0.0,0.7281,0.9139
K02103,C0007,1.0,0.6328,1.0,0.7693,0.8703
K02103,C0044,1.0,0.1372,0.0,0.8027,0.7308
K02103,C0114,1.0,0.2468,0.0,0.8709,0.8447
K01691,C0044,1.0,0.2533,0.0,0.9396,0.9252
K01691,C0027,1.0,0.3254,0.0,0.6797,0.9674
K01691,C0057,1.0,0.3903,0.0,0.7815,0.9237
K01828,C0045,0.5,0.635,0.0,0.6612,0.9693
K01828,C0111,0.75,0.6158,0.0,0.5853,0.9435
K01828,C0079,0.5,0.7034,0.0,0.5407,0.8802
K01969,C0098,1.0,0.751,0.0,0.595,0.8856
K01969,C0057,0.25,0.3903,0.0,0.721,0.9225
K01969,C0027,0.25,0.3254,1.0,0.7372,0.8599
K02193,C0019,1.0,0.5798,1.0,0.8503,0.8923
K02193,C0029,0.0,0.1856,0.0,0.8294,0.9721
K02193,C0075,1.0,0.2111,0.0,0.7267,0.9801
K02408,C0009,0.75,0.761,0.0,0.789,0.9052
K02408,C0027,0.75,0.3074,0.0,0.8332,0.8399
K02408,C0090,0.75,0.4987,0.0,0.7873,0.9389
K01919,C0116,1.0,0.3323,0.0,0.687,0.9125
K01919,C0022,1.0,0.279,0.0,0.7248,0.8614
K01919,C0043,0.75,0.5586,0.0,0.7712,0.8743
K01780,C0061,1.0,0.6086,0.0,0.7745,0.945
K01780,C0097,0.8333,0.6437,0.0,0.8083,0.7874
K01780,C0054,0.8333,0.5377,0.0,0.5524,0.839
K01663,C0027,0.75,0.3074,0.0,0.8536,0.9028
K01663,C0009,0.75,0.761,0.0,0.7083,0.7307
K01663,C0090,0.75,0.4987,0.0,0.7224,0.8051
K01598,C0097,0.875,0.6437,0.0,0.7622,0.8472
K01598,C0054,0.875,0.5377,0.0,0.6926,0.9419
K01598,C0071,0.875,0.2298,0.0,0.6863,0.9775
K02314,C0098,1.0,0.6656,0.0,0.6626,0.9562
K02314,C0027,0.6667,0.1034,0.0,0.8048,0.9759
K02314,C0004,0.3333,0.4518,0.0,0.789,0.9271
K01754,C0098,1.0,0.751,0.0,0.5888,0.8662
K01754,C0029,0.6667,0.5823,0.0,0.5635,0.9865
K01754,C0051,0.6667,0.6798,1.0,0.6704,0.9389
K01600,C0002,1.0,0.6233,1.0,0.5645,0.9254
K01600,C0013,1.0,0.7336,0.0,0.7752,0.8268
K01600,C0081,1.0,0.6106,0.0,0.8021,0.8283
K01507,C0118,1.0,0.5744,0.0,0.6646,0.89
K01507,C0073,1.0,0.4327,0.0,0.7479,0.8535
K01507,C0006,1.0,0.6363,1.0,0.8607,0.9342
K02386,C0060,0.8333,0.5578,0.0,0.6171,0.9131
K02386,C0022,0.8333,0.5559,0.0,0.7637,0.8023
K02386,C0050,1.0,0.241,0.0,0.6341,0.8753
K02131,C0120,1.0,0.2787,0.0,0.8252,0.9939
K02131,C0033,1.0,0.2507,0.0,0.6579,0.8483
K02131,C0085,1.0,0.7735,0.0,0.8578,0.9561
K02079,C0098,1.0,0.6656,0.0,0.8414,0.9758
K02079,C0067,1.0,0.5637,0.0,0.8657,0.873
K02079,C0027,1.0,0.1034,0.0,0.7581,0.9922
K01983,C0045,0.5,0.635,0.0,0.6803,0.983
K01983,C0079,0.5,0.7034,0.0,0.9301,0.8472
K01983,C0111,0.75,0.6158,0.0,0.7474,0.9278
K01779,C0101,1.0,0.6266,0.0,0.7965,0.9871
K01779,C0073,1.0,0.4377,0.0,0.8232,0.8692
K01779,C0118,1.0,0.648,0.0,0.717,0.7339
K01973,C0060,1.0,0.6895,0.0,0.7434,0.9127
K01973,C0040,1.0,0.6862,0.0,0.6948,0.7352
K01973,C0025,1.0,0.5468,0.0,0.6358,0.9305
K02081,C0074,1.0,0.3019,0.0,0.9766,0.7138
K02081,C0039,1.0,0.2504,0.0,0.7335,0.7157
K02081,C0120,1.0,0.1379,0.0,0.706,0.9147
K02091,C0036,0.875,0.5764,1.0,0.6796,0.9377
K02091,C0061,1.0,0.6086,0.0,0.7056,0.9198
K02091,C0054,0.875,0.5377,0.0,0.5734,0.87
K02301,C0027,0.875,0.3074,0.0,0.7975,0.762
K02301,C0009,0.875,0.761,0.0,0.8626,0.7122
K02301,C0090,0.875,0.4987,0.0,0.9084,0.7429
K01542,C0022,0.8333,0.5947,0.0,0.9393,0.912
K01542,C0118,0.8333,0.648,0.0,0.6471,0.9499
K01542,C0027,0.8333,0.3074,0.0,0.7807,0.9123
K02329,C0114,0.8333,0.1733,0.0,0.9059,0.8817
K02329,C0087,0.6667,0.5538,0.0,0.6828,0.9683
K02329,C0109,0.6667,0.418,0.0,0.8247,0.9237
K01566,C0087,0.5,0.6218,0.0,0.8027,0.8426
K01566,C0119,0.5,0.4171,0.0,0.6149,0.8673
K01566,C0017,0.5,0.4955,0.0,0.692,0.9229
K02084,C0044,1.0,0.1372,0.0,0.6663,0.8745
K02084,C0007,1.0,0.6328,0.0,0.6329,0.899
K02084,C0114,1.0,0.2468,0.0,0.7345,0.8804
K01640,C0069,1.0,0.5489,0.0,0.7498,0.9825
K01640,C0118,1.0,0.5744,0.0,0.8329,0.9752
K01640,C0074,1.0,0.3355,0.0,0.7037,0.9465
K01581,C0116,1.0,0.3323,0.0,0.6419,0.979
K01581,C0043,0.0,0.5586,0.0,0.8418,0.9875
K01581,C0018,1.0,0.0996,0.0,0.6963,0.9407
K01867,C0074,1.0,0.3019,0.0,0.7953,0.9568
K01867,C0039,1.0,0.2504,0.0,0.9181,0.9533
K01867,C0094,1.0,0.3683,0.0,0.5851,0.8496
K02415,C0115,0.75,0.8356,0.0,0.867,0.935
K02415,C0005,0.75,0.5118,0.0,0.873,0.8975
K02415,C0075,0.75,0.8681,0.0,0.8906,0.9633
K01947,C0001,1.0,0.7166,0.0,0.8489,0.9875
K01947,C0101,1.0,0.5686,0.0,0.7566,0.9807
K01947,C0006,1.0,0.6445,0.0,0.772,0.9821
K02295,C0019,1.0,0.5798,0.0,0.8312,0.8357
K02295,C0022,1.0,0.1952,0.0,0.8091,0.8635
K02295,C0089,0.6667,0.3825,0.0,0.8498,0.9564
K02299,C0048,1.0,0.4966,1.0,0.6432,0.8449
K02299,C0095,1.0,0.743,0.0,0.7506,0.868
K02299,C0032,1.0,0.7354,1.0,0.6045,0.7398
K01567,C0065,0.0,0.3575,0.0,0.7967,0.9601
K01567,C0054,1.0,0.1739,0.0,0.6983,0.9733
K01567,C0016,0.0,0.6363,0.0,0.7081,0.8781
K01568,C0022,1.0,0.6116,0.0,0.7803,0.7488
K01568,C0060,0.25,0.2595,0.0,0.6516,0.9815
K01568,C0054,1.0,0.4997,0.0,0.5139,0.9295
K02304,C0045,0.5,0.635,0.0,0.8875,0.9364
K02304,C0112,0.5,0.34,0.0,0.7201,0.8216
K02304,C0077,0.5,0.3378,0.0,0.7238,0.8878
K02321,C0054,1.0,0.4997,0.0,0.8158,0.8876
K02321,C0041,1.0,0.8371,0.0,0.707,0.7686
K02321,C0049,1.0,0.642,0.0,0.6416,0.7535
K01816,C0054,1.0,0.5377,0.0,0.7172,0.933
K01816,C0047,1.0,0.5118,0.0,0.6031,0.8735
K01816,C0040,1.0,0.225,0.0,0.5747,0.9315
K02258,C0043,1.0,0.5586,1.0,0.7512,0.9339
K02258,C0081,1.0,0.6106,0.0,0.7044,0.9274
K02258,C0016,1.0,0.6363,0.0,0.6658,0.9262
K02044,C0005,0.75,0.5118,0.0,0.8038,0.9605
K02044,C0054,0.75,0.5085,0.0,0.6616,0.9456
K02044,C0109,0.75,0.418,0.0,0.8753,0.9075
K01959,C0048,1.0,0.5787,1.0,0.7133,0.9457
K01959,C0110,1.0,0.6991,0.0,0.6492,0.8558
K01959,C0032,1.0,0.2994,1.0,0.8285,0.9718
K01682,C0011,0.75,0.5341,0.0,0.7119,0.9022
K01682,C0111,1.0,0.652,0.0,0.788,0.9939
K01682,C0027,0.75,0.3074,1.0,0.9091,0.8785
K02134,C0054,1.0,0.146,0.0,0.7461,0.9447
K02134,C0041,0.6667,0.3305,0.0,0.8116,0.8763
K02134,C0022,1.0,0.1985,0.0,0.8471,0.7735
K01677,C0022,1.0,0.5559,0.0,0.8157,0.9218
K01677,C0060,1.0,0.5578,0.0,0.6375,0.8646
K01677,C0089,1.0,0.9804,0.0,0.6942,0.9828
K02054,C0054,1.0,0.4997,0.0,0.6352,0.9282
K02054,C0041,1.0,0.8371,0.0,0.9253,0.8993
K02054,C0049,1.0,0.642,0.0,0.8709,0.9695
K02107,C0021,0.75,0.4724,0.0,0.6554,0.9334
K02107,C0027,0.75,0.3074,0.0,0.5161,0.8969
K02107,C0040,0.75,0.6094,0.0,0.7875,0.9304
K02145,C0043,0.75,0.5586,0.0,0.7131,0.946
K02145,C0048,0.75,0.5787,0.0,0.8048,0.8334
K02145,C0016,0.75,0.6363,0.0,0.7491,0.9233
K01616,C0119,1.0,0.4456,0.0,0.7962,0.9631
K01616,C0098,1.0,0.751,0.0,0.5951,0.8846
K01616,C0114,1.0,0.3236,0.0,0.9185,0.9608
K01798,C0054,1.0,0.4997,0.0,0.6182,0.8767
K01798,C0049,1.0,0.642,0.0,0.8561,0.9735
K01798,C0041,1.0,0.8371,0.0,0.8817,0.8088
K01679,C0072,1.0,0.5483,1.0,0.7209,0.8566
K01679,C0054,1.0,0.4997,0.0,0.7011,0.9281
K01679,C0043,0.3333,0.1938,0.0,0.7398,0.9823
K01573,C0001,1.0,0.6209,0.0,0.7015,0.8767
K01573,C0101,1.0,0.6266,0.0,0.6455,0.8098
K01573,C0088,1.0,0.5845,0.0,0.9006,0.7902
K01580,C0114,0.5,0.2468,1.0,0.9093,0.8826
K01580,C0084,0.5,0.4192,0.0,0.611,0.9545
K01580,C0054,0.5,0.2287,0.0,0.7457,0.9341
K01730,C0116,1.0,0.4339,0.0,0.73,0.9489
K01730,C0113,0.1667,0.646,0.0,0.6727,0.9537
K01730,C0027,0.8333,0.3074,1.0,0.759,0.9597
K01972,C0057,1.0,0.3903,0.0,0.781,0.9433
K01972,C0027,1.0,0.3254,0.0,0.7356,0.9387
K01972,C0029,1.0,0.5823,0.0,0.629,0.9305
K01949,C0119,0.8333,0.4453,0.0,0.65,0.9232
K01949,C0098,1.0,0.7077,0.0,0.4776,0.7194
K01949,C0025,0.8333,0.5468,0.0,0.6651,0.9211
K01840,C0119,1.0,0.4456,0.0,0.7534,0.812
K01840,C0044,1.0,0.2533,0.0,0.6063,0.7218
K01840,C0027,1.0,0.3254,0.0,0.8378,0.9273
K01967,C0112,1.0,0.39,0.0,0.7581,0.9711
K01967,C0033,1.0,0.2507,0.0,0.8074,0.9401
K01967,C0056,1.0,0.567,0.0,0.5308,0.9685
K02365,C0033,1.0,0.2507,0.0,0.8151,0.8531
K02365,C0120,1.0,0.2787,0.0,0.5681,0.844
K02365,C0101,1.0,0.719,0.0,0.7936,0.9425
K01549,C0004,1.0,0.4518,0.0,0.823,0.9552
K01549,C0008,1.0,0.5669,0.0,0.8583,0.9195
K01549,C0060,1.0,0.5578,0.0,0.7224,0.824
K01763,C0032,1.0,0.308,0.0,0.6024,0.9867
K01763,C0018,1.0,0.1205,0.0,0.759,0.9429
K01763,C0021,1.0,0.2226,0.0,0.7211,0.9303
K01714,C0060,0.8333,0.5958,0.0,0.5172,0.9591
K01714,C0011,0.6667,0.5341,0.0,0.7514,0.9071
K01714,C0027,0.6667,0.3074,0.0,0.7482,0.9334
K02126,C0001,0.875,0.7166,0.0,0.715,0.9768
K02126,C0032,0.875,0.1594,0.0,0.8101,0.9623
K02126,C0028,0.75,0.38,0.0,0.7805,0.8889
K01587,C0119,1.0,0.4171,0.0,0.7721,0.9436
K01587,C0044,1.0,0.163,0.0,0.7561,0.9576
K01587,C0027,1.0,0.0861,1.0,0.8613,0.9696
K01786,C0007,1.0,0.6328,0.0,0.7285,0.9439
K01786,C0103,1.0,0.7432,0.0,0.751,0.8499
K01786,C0033,0.5,0.2507,0.0,0.7064,0.9879
K01776,C0073,0.875,0.4327,0.0,0.6683,0.919
K01776,C0082,0.875,0.5546,0.0,0.7448,0.9528
K01776,C0118,0.875,0.5744,0.0,0.7395,0.8397
K02343,C0073,1.0,0.4377,1.0,0.6478,0.8364
K02343,C0101,1.0,0.6266,0.0,0.6165,0.9292
K02343,C0082,1.0,0.5063,0.0,0.6063,0.7712
K01680,C0054,1.0,0.5085,0.0,0.7733,0.9387
K01680,C0047,1.0,0.5552,0.0,0.6992,0.9236
K01680,C0005,0.5,0.5118,0.0,0.7442,0.9708
K01751,C0001,0.75,0.6869,0.0,0.8625,0.9236
K01751,C0032,0.75,0.7354,0.0,0.722,0.9205
K01751,C0028,0.25,0.735,0.0,0.7813,0.8763
K01717,C0061,1.0,0.6862,0.0,0.8199,0.8032
K01717,C0045,0.3333,0.635,0.0,0.7075,0.9329
K01717,C0079,0.1667,0.7034,0.0,0.8181,0.9398
K01954,C0033,0.25,0.0548,0.0,0.7413,0.9801
K01954,C0002,0.25,0.2392,0.0,0.8809,0.9741
K01954,C0120,0.25,0.1752,0.0,0.7001,0.8897
K02034,C0060,0.875,0.5578,0.0,0.8216,0.919
K02034,C0004,0.875,0.4518,0.0,0.854,0.8573
K02034,C0068,0.875,0.6102,0.0,0.7357,0.8334
K02175,C0001,0.75,0.6869,0.0,0.6844,0.8727
K02175,C0048,0.5,0.4966,0.0,0.6677,0.8028
K02175,C0032,0.75,0.7354,0.0,0.8994,0.8003
K02434,C0004,1.0,0.4518,0.0,0.8295,0.9832
K02434,C0008,1.0,0.5669,1.0,0.8236,0.9432
K02434,C0060,1.0,0.5578,0.0,0.7748,0.915
K01936,C0004,0.75,0.5342,0.0,0.9325,0.9028
K01936,C0060,0.75,0.6895,0.0,0.7274,0.8814
K01936,C0068,0.75,0.676,0.0,0.7766,0.8993
K01950,C0057,1.0,0.3903,0.0,0.7809,0.9881
K01950,C0014,1.0,0.3394,0.0,0.801,0.9542
K01950,C0029,1.0,0.5823,0.0,0.4764,0.9419
K02423,C0007,1.0,0.5627,0.0,0.6261,0.8144
K02423,C0103,1.0,0.8055,0.0,0.7684,0.8978
K02423,C0033,0.75,0.1581,0.0,0.6648,0.9499
K02171,C0060,0.8333,0.6895,0.0,0.7229,0.9342
K02171,C0087,0.6667,0.5538,1.0,0.8373,0.8849
K02171,C0109,0.6667,0.418,0.0,0.7206,0.8469
K02379,C0060,0.75,0.5578,0.0,0.5747,0.9118
K02379,C0004,0.75,0.4518,0.0,0.8365,0.8239
K02379,C0098,0.75,0.6656,0.0,0.7608,0.9049
K02349,C0041,0.6667,0.2452,0.0,0.8037,0.8737
K02349,C0029,1.0,0.5823,0.0,0.7158,0.8527
K02349,C0057,1.0,0.3903,0.0,0.8208,0.8168
K01897,C0034,1.0,0.6993,0.0,0.9631,0.8834
K01897,C0072,1.0,0.4356,0.0,0.7059,0.9219
K01897,C0062,1.0,0.5727,0.0,0.7556,0.6751
K01768,C0077,1.0,0.5911,0.0,0.5891,0.9687
K01768,C0116,1.0,0.4451,0.0,0.5705,0.8813
K01768,C0002,1.0,0.622,0.0,0.6623,0.8672
K01666,C0090,1.0,0.4987,0.0,0.6639,0.9595
K01666,C0009,1.0,0.761,1.0,0.6582,0.9703
K01666,C0027,1.0,0.3074,1.0,0.8157,0.7852
K02190,C0060,0.75,0.5958,0.0,0.7865,0.9441
K02190,C0009,0.75,0.761,0.0,0.7918,0.9739
K02190,C0018,0.75,0.3264,0.0,0.7693,0.8491
K01653,C0007,1.0,0.6328,0.0,0.6101,0.8805
K01653,C0103,1.0,0.7432,0.0,0.6577,0.9358
K01653,C0048,0.375,0.3137,0.0,0.7215,0.9988
K01649,C0005,0.8333,0.5118,0.0,0.5762,0.9459
K01649,C0015,0.8333,0.581,0.0,0.6097,0.9107
K01649,C0087,0.8333,0.5538,0.0,0.8369,0.8822
K02031,C0086,0.75,0.569,1.0,0.8768,0.9606
K02031,C0015,0.75,0.581,1.0,0.8173,0.9812
K02031,C0075,0.75,0.8681,0.0,0.7059,0.9765
K01655,C0007,1.0,0.6102,1.0,0.8002,0.9345
K01655,C0044,1.0,0.2533,0.0,0.8418,0.8921
K01655,C0114,1.0,0.3236,0.0,0.91,0.8834
K02132,C0001,0.8333,0.6209,0.0,0.7012,0.9822
K02132,C0101,1.0,0.6266,0.0,0.801,0.9538
K02132,C0071,0.8333,0.4341,0.0,0.8207,0.9193
K02196,C0060,1.0,0.6895,0.0,0.7045,0.9083
K02196,C0058,0.8333,0.8854,0.0,0.6197,0.8574
K02196,C0040,0.8333,0.6862,0.0,0.813,0.7553
K01658,C0045,0.75,0.635,1.0,0.8168,0.8791
K01658,C0112,0.75,0.34,0.0,0.6282,0.8821
K01658,C0007,0.75,0.2507,0.0,0.9455,0.9674
K02241,C0032,0.75,0.7354,0.0,0.746,0.9224
K02241,C0001,0.75,0.6869,0.0,0.8232,0.9076
K02241,C0095,0.75,0.743,0.0,0.8163,0.9601
K02284,C0054,0.75,0.5377,0.0,0.7107,0.8904
K02284,C0047,0.75,0.5118,0.0,0.5509,0.8743
K02284,C0024,0.0,0.7644,0.0,0.886,0.9385
K02420,C0116,1.0,0.4451,0.0,0.6769,0.9717
K02420,C0107,1.0,0.513,0.0,0.7213,0.9045
K02420,C0118,1.0,0.5744,0.0,0.6929,0.8519
K01556,C0027,1.0,0.1351,1.0,0.5782,0.9827
K01556,C0011,1.0,0.1274,0.0,0.6386,0.9515
K01556,C0032,1.0,0.2432,1.0,0.5987,0.9364
K01793,C0007,1.0,0.6102,0.0,0.739,0.979
K01793,C0055,1.0,0.5709,0.0,0.7562,0.8981
K01793,C0108,1.0,0.3466,0.0,0.7998,0.8511
K02018,C0007,1.0,0.6328,1.0,0.5885,0.7805
K02018,C0033,0.5,0.2507,1.0,0.6272,0.933
K02018,C0055,0.75,0.2783,0.0,0.7588,0.9503
K01719,C0119,1.0,0.4171,0.0,0.6865,0.9324
K01719,C0044,1.0,0.163,0.0,0.8404,0.7985
K01719,C0055,1.0,0.3057,0.0,0.8632,0.9605
K01806,C0090,1.0,0.556,0.0,0.8981,0.9489
K01806,C0057,1.0,0.3903,0.0,0.8396,0.969
K01806,C0027,1.0,0.3254,1.0,0.6222,0.9688
K02281,C0033,0.375,0.2507,0.0,0.6192,0.9199
K02281,C0107,1.0,0.513,0.0,0.8799,0.9758
K02281,C0112,0.375,0.39,0.0,0.8973,0.9792
K02337,C0026,0.625,0.2667,0.0,0.7922,0.9606
K02337,C0033,0.625,0.2507,0.0,0.6855,0.8373
K02337,C0120,0.625,0.2787,0.0,0.5887,0.8265
K02114,C0044,1.0,0.1372,0.0,0.7998,0.9379
K02114,C0118,1.0,0.5744,0.0,0.7648,0.9413
K02114,C0033,1.0,0.2507,0.0,0.6122,0.8415
K02036,C0044,1.0,0.1372,0.0,0.8178,0.7453
K02036,C0007,1.0,0.6328,1.0,0.7526,0.6234
K02036,C0114,1.0,0.2468,0.0,0.9223,0.8518
K02178,C0054,1.0,0.5377,0.0,0.5119,0.8025
K02178,C0047,1.0,0.5118,0.0,0.6129,0.8398
K02178,C0060,1.0,0.2255,1.0,0.651,0.9349
K01705,C0061,1.0,0.5596,0.0,0.7953,0.8876
K01705,C0024,0.3333,0.4237,0.0,0.8637,0.987
K01705,C0068,0.6667,0.6102,0.0,0.8299,0.8528
K01597,C0027,1.0,0.2245,0.0,0.7359,0.9612
K01597,C0057,0.25,0.138,0.0,0.6572,0.9774
K01597,C0029,0.25,0.2133,0.0,0.6293,0.9144
K02427,C0027,0.75,0.3074,0.0,0.6878,0.8901
K02427,C0060,0.75,0.5958,0.0,0.5966,0.9665
K02427,C0032,1.0,0.6018,0.0,0.6806,0.901
K02200,C0054,1.0,0.4997,0.0,0.633,0.9955
K02200,C0041,1.0,0.8371,0.0,0.7995,0.8874
K02200,C0072,1.0,0.5483,0.0,0.7906,0.9184
K01610,C0032,0.8333,0.7354,0.0,0.6741,0.9138
K01610,C0048,0.8333,0.4966,0.0,0.7128,0.9038
K01610,C0001,0.8333,0.6869,0.0,0.7671,0.8717
K02140,C0010,0.6667,0.5897,0.0,0.8409,0.9253
K02140,C0108,0.6667,0.3852,0.0,0.7315,0.945
K02140,C0110,0.6667,0.6702,0.0,0.8691,0.9411
K01578,C0057,1.0,0.3903,0.0,0.8509,0.9592
K01578,C0027,1.0,0.3254,0.0,0.6905,0.915
K01578,C0055,1.0,0.5709,0.0,0.7117,0.8483
K02393,C0098,1.0,0.751,0.0,0.6467,0.9424
K02393,C0027,0.5,0.3254,0.0,0.6153,0.9375
K02393,C0004,0.5,0.2038,0.0,0.7545,0.9639
K02075,C0001,0.75,0.6869,0.0,0.7798,0.8219
K02075,C0007,1.0,0.5627,0.0,0.6097,0.9248
K02075,C0032,0.75,0.7354,0.0,0.6762,0.7999
K01820,C0043,1.0,0.5586,0.0,0.6125,0.9395
K01820,C0083,1.0,0.3713,0.0,0.7376,0.9261
K01820,C0048,1.0,0.5787,0.0,0.8036,0.9504
K02373,C0032,1.0,0.7354,0.0,0.8183,0.9919
K02373,C0001,1.0,0.6869,0.0,0.8632,0.9572
K02373,C0095,1.0,0.743,0.0,0.7629,0.9352
K02125,C0001,1.0,0.7166,0.0,0.7098,0.9683
K02125,C0024,1.0,0.7644,0.0,0.6548,0.9159
K02125,C0061,1.0,0.6086,0.0,0.5767,0.9362
K01853,C0053,0.5,0.2759,0.0,0.8254,0.9856
K01853,C0032,0.75,0.2432,0.0,0.9087,0.919
K01853,C0027,0.5,0.1351,0.0,0.8147,0.8852
K01626,C0057,1.0,0.1886,0.0,0.6712,0.9302
K01626,C0009,1.0,0.2631,0.0,0.8928,0.9585
K01626,C0090,1.0,0.2183,0.0,0.7077,0.9699
K01646,C0004,1.0,0.4518,0.0,0.904,0.8695
K01646,C0106,1.0,0.813,0.0,0.786,0.9242
K01646,C0074,1.0,0.3019,0.0,0.8419,0.9175
K02382,C0027,0.625,0.3074,0.0,0.9297,0.9319
K02382,C0011,0.625,0.5341,0.0,0.7409,0.9451
K02382,C0018,0.625,0.3264,0.0,0.6909,0.8833
K01692,C0033,1.0,0.2507,0.0,0.7042,0.9304
K01692,C0094,1.0,0.2578,1.0,0.4578,0.9329
K01692,C0107,1.0,0.513,0.0,0.7273,0.9945
K01674,C0044,1.0,0.1372,0.0,0.7258,0.7762
K01674,C0007,1.0,0.6328,0.0,0.6957,0.6779
K01674,C0114,1.0,0.2468,0.0,0.8385,0.8956
K02182,C0055,0.75,0.5709,0.0,0.7367,0.8688
K02182,C0007,1.0,0.6102,0.0,0.5664,0.9083
K02182,C0108,0.75,0.3466,0.0,0.6731,0.8893
K02303,C0084,1.0,0.4192,0.0,0.7462,0.9453
K02303,C0114,0.75,0.2468,0.0,0.5744,0.9446
K02303,C0081,0.5,0.6119,0.0,0.6566,0.9656
K01901,C0061,1.0,0.5596,0.0,0.7846,0.8583
K01901,C0004,0.25,0.4518,1.0,0.8793,0.9899
K01901,C0069,0.875,0.1866,0.0,0.8254,0.9631
K01736,C0054,1.0,0.4997,0.0,0.6842,0.9917
K01736,C0041,1.0,0.8371,0.0,0.8433,0.8943
K01736,C0022,1.0,0.6116,0.0,0.8102,0.8972
K01815,C0057,1.0,0.3903,0.0,0.7439,0.9845
K01815,C0055,1.0,0.5709,0.0,0.7946,0.9694
K01815,C0027,1.0,0.3254,0.0,0.889,0.9589
K02174,C0005,0.75,0.5118,0.0,0.7245,0.9543
K02174,C0109,0.75,0.418,0.0,0.7388,0.913
K02174,C0087,0.75,0.5538,1.0,0.7017,0.9311
K01530,C0032,0.6667,0.7354,0.0,0.7628,0.8946
K01530,C0001,0.6667,0.6869,0.0,0.6456,0.8657
K01530,C0048,0.6667,0.4966,0.0,0.7608,0.9337
K01986,C0060,0.75,0.5958,1.0,0.6035,0.8756
K01986,C0050,1.0,0.195,0.0,0.5805,0.8505
K01986,C0094,0.75,0.3064,0.0,0.5117,0.7508
K02280,C0068,1.0,0.6102,0.0,0.8627,0.9038
K02280,C0061,1.0,0.5596,0.0,0.8777,0.8682
K02280,C0004,1.0,0.4518,0.0,0.7346,0.7709
K01519,C0110,0.75,0.6702,0.0,0.9292,0.8377
K01519,C0010,0.75,0.5897,0.0,0.848,0.6243
K01519,C0108,0.75,0.3852,0.0,0.8778,0.8098
K02342,C0015,0.5,0.2004,1.0,0.7192,0.9673
K02342,C0109,0.5,0.2427,0.0,0.6091,0.9578
K02342,C0075,0.5,0.2834,0.0,0.8346,0.9658
K01529,C0075,1.0,0.8681,0.0,0.6802,0.9502
K01529,C0004,1.0,0.5342,0.0,0.7629,0.9537
K01529,C0086,1.0,0.569,0.0,0.6258,0.9455
K01693,C0022,0.8333,0.5947,0.0,0.7988,0.8216
K01693,C0113,0.8333,0.646,0.0,0.7054,0.96
K01693,C0094,0.8333,0.3064,0.0,0.6005,0.8978
K01851,C0061,1.0,0.5596,0.0,0.7835,0.8808
K01851,C0004,0.6667,0.4518,0.0,0.7975,0.9383
K01851,C0106,0.6667,0.813,0.0,0.6887,0.9868
K02184,C0007,1.0,0.6328,0.0,0.7282,0.8951
K02184,C0103,1.0,0.7432,0.0,0.6159,0.9342
K02184,C0082,0.5,0.5546,0.0,0.7591,0.9778
K02269,C0054,1.0,0.4997,0.0,0.6355,0.9005
K02269,C0041,1.0,0.8371,0.0,0.7529,0.6692
K02269,C0072,1.0,0.5483,0.0,0.6817,0.9123
